[2026-09-22 12:01:38] local.ERROR: There are no commands defined in the "fortify" namespace. {"exception":"[object] (Symfony\\Component\\Console\\Exception\\NamespaceNotFoundException(code: 0): There are no commands defined in the \"fortify\" namespace. at D:/ServBay/www/pesantren-multi-client/vendor/symfony/console/Application.php:694)
[stacktrace]
#0 D:/ServBay/www/pesantren-multi-client/vendor/symfony/console/Application.php(743): Symfony/Component/Console/Application->findNamespace('fortify')
#1 D:/ServBay/www/pesantren-multi-client/vendor/symfony/console/Application.php(298): Symfony/Component/Console/Application->find('fortify:install')
#2 D:/ServBay/www/pesantren-multi-client/vendor/symfony/console/Application.php(195): Symfony/Component/Console/Application->doRun(Object(Symfony/Component/Console/Input/ArgvInput), Object(Symfony/Component/Console/Output/ConsoleOutput))
#3 D:/ServBay/www/pesantren-multi-client/vendor/laravel/framework/src/Illuminate/Foundation/Console/Kernel.php(198): Symfony/Component/Console/Application->run(Object(Symfony/Component/Console/Input/ArgvInput), Object(Symfony/Component/Console/Output/ConsoleOutput))
#4 D:/ServBay/www/pesantren-multi-client/vendor/laravel/framework/src/Illuminate/Foundation/Application.php(1242): Illuminate/Foundation/Console/Kernel->handle(Object(Symfony/Component/Console/Input/ArgvInput), Object(Symfony/Component/Console/Output/ConsoleOutput))
#5 D:/ServBay/www/pesantren-multi-client/artisan(16): Illuminate/Foundation/Application->handleCommand(Object(Symfony/Component/Console/Input/ArgvInput))
#6 {main}
"} 
[2026-09-22 12:07:15] local.ERROR: SQLSTATE[42S21]: Column already exists: 1060 Duplicate column name 'two_factor_secret' (Connection: mysql, Host: 127.0.0.1, Port: 3306, Database: pesantren, SQL: alter table `users` add `two_factor_secret` text null after `password`) {"exception":"[object] (Illuminate\\Database\\QueryException(code: 42S21): SQLSTATE[42S21]: Column already exists: 1060 Duplicate column name 'two_factor_secret' (Connection: mysql, Host: 127.0.0.1, Port: 3306, Database: pesantren, SQL: alter table `users` add `two_factor_secret` text null after `password`) at D:/ServBay/www/pesantren-multi-client/vendor/laravel/framework/src/Illuminate/Database/Connection.php:857)
[stacktrace]
#0 D:/ServBay/www/pesantren-multi-client/vendor/laravel/framework/src/Illuminate/Database/Connection.php(813): Illuminate/Database/Connection->runQueryCallback('alter table `us...', Array, Object(Closure))
#1 D:/ServBay/www/pesantren-multi-client/vendor/laravel/framework/src/Illuminate/Database/Connection.php(590): Illuminate/Database/Connection->run('alter table `us...', Array, Object(Closure))
#2 D:/ServBay/www/pesantren-multi-client/vendor/laravel/framework/src/Illuminate/Database/Schema/Blueprint.php(122): Illuminate/Database/Connection->statement('alter table `us...')
#3 D:/ServBay/www/pesantren-multi-client/vendor/laravel/framework/src/Illuminate/Database/Schema/Builder.php(704): Illuminate/Database/Schema/Blueprint->build()
#4 D:/ServBay/www/pesantren-multi-client/vendor/laravel/framework/src/Illuminate/Database/Schema/Builder.php(510): Illuminate/Database/Schema/Builder->build(Object(Illuminate/Database/Schema/Blueprint))
#5 D:/ServBay/www/pesantren-multi-client/vendor/laravel/framework/src/Illuminate/Support/Facades/Facade.php(364): Illuminate/Database/Schema/Builder->table('users', Object(Closure))
#6 D:/ServBay/www/pesantren-multi-client/database/migrations/2026_09_22_120703_add_two_factor_columns_to_users_table.php(14): Illuminate/Support/Facades/Facade::__callStatic('table', Array)
#7 D:/ServBay/www/pesantren-multi-client/vendor/laravel/framework/src/Illuminate/Database/Migrations/Migrator.php(517): Illuminate/Database/Migrations/Migration@anonymous->up()
#8 D:/ServBay/www/pesantren-multi-client/vendor/laravel/framework/src/Illuminate/Database/Migrations/Migrator.php(442): Illuminate/Database/Migrations/Migrator->runMethod(Object(Illuminate/Database/MySqlConnection), Object(Illuminate/Database/Migrations/Migration@anonymous), 'up')
#9 D:/ServBay/www/pesantren-multi-client/vendor/laravel/framework/src/Illuminate/Database/Migrations/Migrator.php(451): Illuminate/Database/Migrations/Migrator->Illuminate/Database/Migrations/{closure}()
#10 D:/ServBay/www/pesantren-multi-client/vendor/laravel/framework/src/Illuminate/Database/Migrations/Migrator.php(253): Illuminate/Database/Migrations/Migrator->runMigration(Object(Illuminate/Database/Migrations/Migration@anonymous), 'up', '2026_09_22_1207...')
#11 D:/ServBay/www/pesantren-multi-client/vendor/laravel/framework/src/Illuminate/Console/View/Components/Task.php(43): Illuminate/Database/Migrations/Migrator->Illuminate/Database/Migrations/{closure}()
#12 D:/ServBay/www/pesantren-multi-client/vendor/laravel/framework/src/Illuminate/Database/Migrations/Migrator.php(853): Illuminate/Console/View/Components/Task->render('2026_09_22_1207...', Object(Closure))
#13 D:/ServBay/www/pesantren-multi-client/vendor/laravel/framework/src/Illuminate/Database/Migrations/Migrator.php(253): Illuminate/Database/Migrations/Migrator->write('Illuminate//Cons...', '2026_09_22_1207...', Object(Closure))
#14 D:/ServBay/www/pesantren-multi-client/vendor/laravel/framework/src/Illuminate/Database/Migrations/Migrator.php(211): Illuminate/Database/Migrations/Migrator->runUp('D://ServBay//www//...', 3, false)
#15 D:/ServBay/www/pesantren-multi-client/vendor/laravel/framework/src/Illuminate/Database/Migrations/Migrator.php(138): Illuminate/Database/Migrations/Migrator->runPending(Array, Array)
#16 D:/ServBay/www/pesantren-multi-client/vendor/laravel/framework/src/Illuminate/Database/Console/Migrations/MigrateCommand.php(118): Illuminate/Database/Migrations/Migrator->run(Array, Array)
#17 D:/ServBay/www/pesantren-multi-client/vendor/laravel/framework/src/Illuminate/Database/Migrations/Migrator.php(672): Illuminate/Database/Console/Migrations/MigrateCommand->Illuminate/Database/Console/Migrations/{closure}()
#18 D:/ServBay/www/pesantren-multi-client/vendor/laravel/framework/src/Illuminate/Database/Console/Migrations/MigrateCommand.php(111): Illuminate/Database/Migrations/Migrator->usingConnection(NULL, Object(Closure))
#19 D:/ServBay/www/pesantren-multi-client/vendor/laravel/framework/src/Illuminate/Database/Console/Migrations/MigrateCommand.php(90): Illuminate/Database/Console/Migrations/MigrateCommand->runMigrations()
#20 D:/ServBay/www/pesantren-multi-client/vendor/laravel/framework/src/Illuminate/Container/BoundMethod.php(36): Illuminate/Database/Console/Migrations/MigrateCommand->handle()
#21 D:/ServBay/www/pesantren-multi-client/vendor/laravel/framework/src/Illuminate/Container/Util.php(43): Illuminate/Container/BoundMethod::Illuminate/Container/{closure}()
#22 D:/ServBay/www/pesantren-multi-client/vendor/laravel/framework/src/Illuminate/Container/BoundMethod.php(96): Illuminate/Container/Util::unwrapIfClosure(Object(Closure))
#23 D:/ServBay/www/pesantren-multi-client/vendor/laravel/framework/src/Illuminate/Container/BoundMethod.php(35): Illuminate/Container/BoundMethod::callBoundMethod(Object(Illuminate/Foundation/Application), Array, Object(Closure))
#24 D:/ServBay/www/pesantren-multi-client/vendor/laravel/framework/src/Illuminate/Container/Container.php(803): Illuminate/Container/BoundMethod::call(Object(Illuminate/Foundation/Application), Array, Array, NULL)
#25 D:/ServBay/www/pesantren-multi-client/vendor/laravel/framework/src/Illuminate/Console/Command.php(292): Illuminate/Container/Container->call(Array)
#26 D:/ServBay/www/pesantren-multi-client/vendor/symfony/console/Command/Command.php(341): Illuminate/Console/Command->execute(Object(Symfony/Component/Console/Input/ArgvInput), Object(Illuminate/Console/OutputStyle))
#27 D:/ServBay/www/pesantren-multi-client/vendor/laravel/framework/src/Illuminate/Console/Command.php(261): Symfony/Component/Console/Command/Command->run(Object(Symfony/Component/Console/Input/ArgvInput), Object(Illuminate/Console/OutputStyle))
#28 D:/ServBay/www/pesantren-multi-client/vendor/symfony/console/Application.php(1117): Illuminate/Console/Command->run(Object(Symfony/Component/Console/Input/ArgvInput), Object(Symfony/Component/Console/Output/ConsoleOutput))
#29 D:/ServBay/www/pesantren-multi-client/vendor/symfony/console/Application.php(356): Symfony/Component/Console/Application->doRunCommand(Object(Illuminate/Database/Console/Migrations/MigrateCommand), Object(Symfony/Component/Console/Input/ArgvInput), Object(Symfony/Component/Console/Output/ConsoleOutput))
#30 D:/ServBay/www/pesantren-multi-client/vendor/symfony/console/Application.php(195): Symfony/Component/Console/Application->doRun(Object(Symfony/Component/Console/Input/ArgvInput), Object(Symfony/Component/Console/Output/ConsoleOutput))
#31 D:/ServBay/www/pesantren-multi-client/vendor/laravel/framework/src/Illuminate/Foundation/Console/Kernel.php(198): Symfony/Component/Console/Application->run(Object(Symfony/Component/Console/Input/ArgvInput), Object(Symfony/Component/Console/Output/ConsoleOutput))
#32 D:/ServBay/www/pesantren-multi-client/vendor/laravel/framework/src/Illuminate/Foundation/Application.php(1242): Illuminate/Foundation/Console/Kernel->handle(Object(Symfony/Component/Console/Input/ArgvInput), Object(Symfony/Component/Console/Output/ConsoleOutput))
#33 D:/ServBay/www/pesantren-multi-client/artisan(16): Illuminate/Foundation/Application->handleCommand(Object(Symfony/Component/Console/Input/ArgvInput))
#34 {main}

[previous exception] [object] (PDOException(code: 42S21): SQLSTATE[42S21]: Column already exists: 1060 Duplicate column name 'two_factor_secret' at D:/ServBay/www/pesantren-multi-client/vendor/laravel/framework/src/Illuminate/Database/Connection.php:601)
[stacktrace]
#0 D:/ServBay/www/pesantren-multi-client/vendor/laravel/framework/src/Illuminate/Database/Connection.php(601): PDOStatement->execute()
#1 D:/ServBay/www/pesantren-multi-client/vendor/laravel/framework/src/Illuminate/Database/Connection.php(846): Illuminate/Database/Connection->Illuminate/Database/{closure}('alter table `us...', Array)
#2 D:/ServBay/www/pesantren-multi-client/vendor/laravel/framework/src/Illuminate/Database/Connection.php(813): Illuminate/Database/Connection->runQueryCallback('alter table `us...', Array, Object(Closure))
#3 D:/ServBay/www/pesantren-multi-client/vendor/laravel/framework/src/Illuminate/Database/Connection.php(590): Illuminate/Database/Connection->run('alter table `us...', Array, Object(Closure))
#4 D:/ServBay/www/pesantren-multi-client/vendor/laravel/framework/src/Illuminate/Database/Schema/Blueprint.php(122): Illuminate/Database/Connection->statement('alter table `us...')
#5 D:/ServBay/www/pesantren-multi-client/vendor/laravel/framework/src/Illuminate/Database/Schema/Builder.php(704): Illuminate/Database/Schema/Blueprint->build()
#6 D:/ServBay/www/pesantren-multi-client/vendor/laravel/framework/src/Illuminate/Database/Schema/Builder.php(510): Illuminate/Database/Schema/Builder->build(Object(Illuminate/Database/Schema/Blueprint))
#7 D:/ServBay/www/pesantren-multi-client/vendor/laravel/framework/src/Illuminate/Support/Facades/Facade.php(364): Illuminate/Database/Schema/Builder->table('users', Object(Closure))
#8 D:/ServBay/www/pesantren-multi-client/database/migrations/2026_09_22_120703_add_two_factor_columns_to_users_table.php(14): Illuminate/Support/Facades/Facade::__callStatic('table', Array)
#9 D:/ServBay/www/pesantren-multi-client/vendor/laravel/framework/src/Illuminate/Database/Migrations/Migrator.php(517): Illuminate/Database/Migrations/Migration@anonymous->up()
#10 D:/ServBay/www/pesantren-multi-client/vendor/laravel/framework/src/Illuminate/Database/Migrations/Migrator.php(442): Illuminate/Database/Migrations/Migrator->runMethod(Object(Illuminate/Database/MySqlConnection), Object(Illuminate/Database/Migrations/Migration@anonymous), 'up')
#11 D:/ServBay/www/pesantren-multi-client/vendor/laravel/framework/src/Illuminate/Database/Migrations/Migrator.php(451): Illuminate/Database/Migrations/Migrator->Illuminate/Database/Migrations/{closure}()
#12 D:/ServBay/www/pesantren-multi-client/vendor/laravel/framework/src/Illuminate/Database/Migrations/Migrator.php(253): Illuminate/Database/Migrations/Migrator->runMigration(Object(Illuminate/Database/Migrations/Migration@anonymous), 'up', '2026_09_22_1207...')
#13 D:/ServBay/www/pesantren-multi-client/vendor/laravel/framework/src/Illuminate/Console/View/Components/Task.php(43): Illuminate/Database/Migrations/Migrator->Illuminate/Database/Migrations/{closure}()
#14 D:/ServBay/www/pesantren-multi-client/vendor/laravel/framework/src/Illuminate/Database/Migrations/Migrator.php(853): Illuminate/Console/View/Components/Task->render('2026_09_22_1207...', Object(Closure))
#15 D:/ServBay/www/pesantren-multi-client/vendor/laravel/framework/src/Illuminate/Database/Migrations/Migrator.php(253): Illuminate/Database/Migrations/Migrator->write('Illuminate//Cons...', '2026_09_22_1207...', Object(Closure))
#16 D:/ServBay/www/pesantren-multi-client/vendor/laravel/framework/src/Illuminate/Database/Migrations/Migrator.php(211): Illuminate/Database/Migrations/Migrator->runUp('D://ServBay//www//...', 3, false)
#17 D:/ServBay/www/pesantren-multi-client/vendor/laravel/framework/src/Illuminate/Database/Migrations/Migrator.php(138): Illuminate/Database/Migrations/Migrator->runPending(Array, Array)
#18 D:/ServBay/www/pesantren-multi-client/vendor/laravel/framework/src/Illuminate/Database/Console/Migrations/MigrateCommand.php(118): Illuminate/Database/Migrations/Migrator->run(Array, Array)
#19 D:/ServBay/www/pesantren-multi-client/vendor/laravel/framework/src/Illuminate/Database/Migrations/Migrator.php(672): Illuminate/Database/Console/Migrations/MigrateCommand->Illuminate/Database/Console/Migrations/{closure}()
#20 D:/ServBay/www/pesantren-multi-client/vendor/laravel/framework/src/Illuminate/Database/Console/Migrations/MigrateCommand.php(111): Illuminate/Database/Migrations/Migrator->usingConnection(NULL, Object(Closure))
#21 D:/ServBay/www/pesantren-multi-client/vendor/laravel/framework/src/Illuminate/Database/Console/Migrations/MigrateCommand.php(90): Illuminate/Database/Console/Migrations/MigrateCommand->runMigrations()
#22 D:/ServBay/www/pesantren-multi-client/vendor/laravel/framework/src/Illuminate/Container/BoundMethod.php(36): Illuminate/Database/Console/Migrations/MigrateCommand->handle()
#23 D:/ServBay/www/pesantren-multi-client/vendor/laravel/framework/src/Illuminate/Container/Util.php(43): Illuminate/Container/BoundMethod::Illuminate/Container/{closure}()
#24 D:/ServBay/www/pesantren-multi-client/vendor/laravel/framework/src/Illuminate/Container/BoundMethod.php(96): Illuminate/Container/Util::unwrapIfClosure(Object(Closure))
#25 D:/ServBay/www/pesantren-multi-client/vendor/laravel/framework/src/Illuminate/Container/BoundMethod.php(35): Illuminate/Container/BoundMethod::callBoundMethod(Object(Illuminate/Foundation/Application), Array, Object(Closure))
#26 D:/ServBay/www/pesantren-multi-client/vendor/laravel/framework/src/Illuminate/Container/Container.php(803): Illuminate/Container/BoundMethod::call(Object(Illuminate/Foundation/Application), Array, Array, NULL)
#27 D:/ServBay/www/pesantren-multi-client/vendor/laravel/framework/src/Illuminate/Console/Command.php(292): Illuminate/Container/Container->call(Array)
#28 D:/ServBay/www/pesantren-multi-client/vendor/symfony/console/Command/Command.php(341): Illuminate/Console/Command->execute(Object(Symfony/Component/Console/Input/ArgvInput), Object(Illuminate/Console/OutputStyle))
#29 D:/ServBay/www/pesantren-multi-client/vendor/laravel/framework/src/Illuminate/Console/Command.php(261): Symfony/Component/Console/Command/Command->run(Object(Symfony/Component/Console/Input/ArgvInput), Object(Illuminate/Console/OutputStyle))
#30 D:/ServBay/www/pesantren-multi-client/vendor/symfony/console/Application.php(1117): Illuminate/Console/Command->run(Object(Symfony/Component/Console/Input/ArgvInput), Object(Symfony/Component/Console/Output/ConsoleOutput))
#31 D:/ServBay/www/pesantren-multi-client/vendor/symfony/console/Application.php(356): Symfony/Component/Console/Application->doRunCommand(Object(Illuminate/Database/Console/Migrations/MigrateCommand), Object(Symfony/Component/Console/Input/ArgvInput), Object(Symfony/Component/Console/Output/ConsoleOutput))
#32 D:/ServBay/www/pesantren-multi-client/vendor/symfony/console/Application.php(195): Symfony/Component/Console/Application->doRun(Object(Symfony/Component/Console/Input/ArgvInput), Object(Symfony/Component/Console/Output/ConsoleOutput))
#33 D:/ServBay/www/pesantren-multi-client/vendor/laravel/framework/src/Illuminate/Foundation/Console/Kernel.php(198): Symfony/Component/Console/Application->run(Object(Symfony/Component/Console/Input/ArgvInput), Object(Symfony/Component/Console/Output/ConsoleOutput))
#34 D:/ServBay/www/pesantren-multi-client/vendor/laravel/framework/src/Illuminate/Foundation/Application.php(1242): Illuminate/Foundation/Console/Kernel->handle(Object(Symfony/Component/Console/Input/ArgvInput), Object(Symfony/Component/Console/Output/ConsoleOutput))
#35 D:/ServBay/www/pesantren-multi-client/artisan(16): Illuminate/Foundation/Application->handleCommand(Object(Symfony/Component/Console/Input/ArgvInput))
#36 {main}
"} 
[2026-09-22 12:08:53] local.ERROR: SQLSTATE[42S21]: Column already exists: 1060 Duplicate column name 'two_factor_secret' (Connection: mysql, Host: 127.0.0.1, Port: 3306, Database: pesantren, SQL: alter table `users` add `two_factor_secret` text null after `password`) {"exception":"[object] (Illuminate\\Database\\QueryException(code: 42S21): SQLSTATE[42S21]: Column already exists: 1060 Duplicate column name 'two_factor_secret' (Connection: mysql, Host: 127.0.0.1, Port: 3306, Database: pesantren, SQL: alter table `users` add `two_factor_secret` text null after `password`) at D:/ServBay/www/pesantren-multi-client/vendor/laravel/framework/src/Illuminate/Database/Connection.php:857)
[stacktrace]
#0 D:/ServBay/www/pesantren-multi-client/vendor/laravel/framework/src/Illuminate/Database/Connection.php(813): Illuminate/Database/Connection->runQueryCallback('alter table `us...', Array, Object(Closure))
#1 D:/ServBay/www/pesantren-multi-client/vendor/laravel/framework/src/Illuminate/Database/Connection.php(590): Illuminate/Database/Connection->run('alter table `us...', Array, Object(Closure))
#2 D:/ServBay/www/pesantren-multi-client/vendor/laravel/framework/src/Illuminate/Database/Schema/Blueprint.php(122): Illuminate/Database/Connection->statement('alter table `us...')
#3 D:/ServBay/www/pesantren-multi-client/vendor/laravel/framework/src/Illuminate/Database/Schema/Builder.php(704): Illuminate/Database/Schema/Blueprint->build()
#4 D:/ServBay/www/pesantren-multi-client/vendor/laravel/framework/src/Illuminate/Database/Schema/Builder.php(510): Illuminate/Database/Schema/Builder->build(Object(Illuminate/Database/Schema/Blueprint))
#5 D:/ServBay/www/pesantren-multi-client/vendor/laravel/framework/src/Illuminate/Support/Facades/Facade.php(364): Illuminate/Database/Schema/Builder->table('users', Object(Closure))
#6 D:/ServBay/www/pesantren-multi-client/database/migrations/2026_09_22_120703_add_two_factor_columns_to_users_table.php(14): Illuminate/Support/Facades/Facade::__callStatic('table', Array)
#7 D:/ServBay/www/pesantren-multi-client/vendor/laravel/framework/src/Illuminate/Database/Migrations/Migrator.php(517): Illuminate/Database/Migrations/Migration@anonymous->up()
#8 D:/ServBay/www/pesantren-multi-client/vendor/laravel/framework/src/Illuminate/Database/Migrations/Migrator.php(442): Illuminate/Database/Migrations/Migrator->runMethod(Object(Illuminate/Database/MySqlConnection), Object(Illuminate/Database/Migrations/Migration@anonymous), 'up')
#9 D:/ServBay/www/pesantren-multi-client/vendor/laravel/framework/src/Illuminate/Database/Migrations/Migrator.php(451): Illuminate/Database/Migrations/Migrator->Illuminate/Database/Migrations/{closure}()
#10 D:/ServBay/www/pesantren-multi-client/vendor/laravel/framework/src/Illuminate/Database/Migrations/Migrator.php(253): Illuminate/Database/Migrations/Migrator->runMigration(Object(Illuminate/Database/Migrations/Migration@anonymous), 'up', '2026_09_22_1207...')
#11 D:/ServBay/www/pesantren-multi-client/vendor/laravel/framework/src/Illuminate/Console/View/Components/Task.php(43): Illuminate/Database/Migrations/Migrator->Illuminate/Database/Migrations/{closure}()
#12 D:/ServBay/www/pesantren-multi-client/vendor/laravel/framework/src/Illuminate/Database/Migrations/Migrator.php(853): Illuminate/Console/View/Components/Task->render('2026_09_22_1207...', Object(Closure))
#13 D:/ServBay/www/pesantren-multi-client/vendor/laravel/framework/src/Illuminate/Database/Migrations/Migrator.php(253): Illuminate/Database/Migrations/Migrator->write('Illuminate//Cons...', '2026_09_22_1207...', Object(Closure))
#14 D:/ServBay/www/pesantren-multi-client/vendor/laravel/framework/src/Illuminate/Database/Migrations/Migrator.php(211): Illuminate/Database/Migrations/Migrator->runUp('D://ServBay//www//...', 3, false)
#15 D:/ServBay/www/pesantren-multi-client/vendor/laravel/framework/src/Illuminate/Database/Migrations/Migrator.php(138): Illuminate/Database/Migrations/Migrator->runPending(Array, Array)
#16 D:/ServBay/www/pesantren-multi-client/vendor/laravel/framework/src/Illuminate/Database/Console/Migrations/MigrateCommand.php(118): Illuminate/Database/Migrations/Migrator->run(Array, Array)
#17 D:/ServBay/www/pesantren-multi-client/vendor/laravel/framework/src/Illuminate/Database/Migrations/Migrator.php(672): Illuminate/Database/Console/Migrations/MigrateCommand->Illuminate/Database/Console/Migrations/{closure}()
#18 D:/ServBay/www/pesantren-multi-client/vendor/laravel/framework/src/Illuminate/Database/Console/Migrations/MigrateCommand.php(111): Illuminate/Database/Migrations/Migrator->usingConnection(NULL, Object(Closure))
#19 D:/ServBay/www/pesantren-multi-client/vendor/laravel/framework/src/Illuminate/Database/Console/Migrations/MigrateCommand.php(90): Illuminate/Database/Console/Migrations/MigrateCommand->runMigrations()
#20 D:/ServBay/www/pesantren-multi-client/vendor/laravel/framework/src/Illuminate/Container/BoundMethod.php(36): Illuminate/Database/Console/Migrations/MigrateCommand->handle()
#21 D:/ServBay/www/pesantren-multi-client/vendor/laravel/framework/src/Illuminate/Container/Util.php(43): Illuminate/Container/BoundMethod::Illuminate/Container/{closure}()
#22 D:/ServBay/www/pesantren-multi-client/vendor/laravel/framework/src/Illuminate/Container/BoundMethod.php(96): Illuminate/Container/Util::unwrapIfClosure(Object(Closure))
#23 D:/ServBay/www/pesantren-multi-client/vendor/laravel/framework/src/Illuminate/Container/BoundMethod.php(35): Illuminate/Container/BoundMethod::callBoundMethod(Object(Illuminate/Foundation/Application), Array, Object(Closure))
#24 D:/ServBay/www/pesantren-multi-client/vendor/laravel/framework/src/Illuminate/Container/Container.php(803): Illuminate/Container/BoundMethod::call(Object(Illuminate/Foundation/Application), Array, Array, NULL)
#25 D:/ServBay/www/pesantren-multi-client/vendor/laravel/framework/src/Illuminate/Console/Command.php(292): Illuminate/Container/Container->call(Array)
#26 D:/ServBay/www/pesantren-multi-client/vendor/symfony/console/Command/Command.php(341): Illuminate/Console/Command->execute(Object(Symfony/Component/Console/Input/ArgvInput), Object(Illuminate/Console/OutputStyle))
#27 D:/ServBay/www/pesantren-multi-client/vendor/laravel/framework/src/Illuminate/Console/Command.php(261): Symfony/Component/Console/Command/Command->run(Object(Symfony/Component/Console/Input/ArgvInput), Object(Illuminate/Console/OutputStyle))
#28 D:/ServBay/www/pesantren-multi-client/vendor/symfony/console/Application.php(1117): Illuminate/Console/Command->run(Object(Symfony/Component/Console/Input/ArgvInput), Object(Symfony/Component/Console/Output/ConsoleOutput))
#29 D:/ServBay/www/pesantren-multi-client/vendor/symfony/console/Application.php(356): Symfony/Component/Console/Application->doRunCommand(Object(Illuminate/Database/Console/Migrations/MigrateCommand), Object(Symfony/Component/Console/Input/ArgvInput), Object(Symfony/Component/Console/Output/ConsoleOutput))
#30 D:/ServBay/www/pesantren-multi-client/vendor/symfony/console/Application.php(195): Symfony/Component/Console/Application->doRun(Object(Symfony/Component/Console/Input/ArgvInput), Object(Symfony/Component/Console/Output/ConsoleOutput))
#31 D:/ServBay/www/pesantren-multi-client/vendor/laravel/framework/src/Illuminate/Foundation/Console/Kernel.php(198): Symfony/Component/Console/Application->run(Object(Symfony/Component/Console/Input/ArgvInput), Object(Symfony/Component/Console/Output/ConsoleOutput))
#32 D:/ServBay/www/pesantren-multi-client/vendor/laravel/framework/src/Illuminate/Foundation/Application.php(1242): Illuminate/Foundation/Console/Kernel->handle(Object(Symfony/Component/Console/Input/ArgvInput), Object(Symfony/Component/Console/Output/ConsoleOutput))
#33 D:/ServBay/www/pesantren-multi-client/artisan(16): Illuminate/Foundation/Application->handleCommand(Object(Symfony/Component/Console/Input/ArgvInput))
#34 {main}

[previous exception] [object] (PDOException(code: 42S21): SQLSTATE[42S21]: Column already exists: 1060 Duplicate column name 'two_factor_secret' at D:/ServBay/www/pesantren-multi-client/vendor/laravel/framework/src/Illuminate/Database/Connection.php:601)
[stacktrace]
#0 D:/ServBay/www/pesantren-multi-client/vendor/laravel/framework/src/Illuminate/Database/Connection.php(601): PDOStatement->execute()
#1 D:/ServBay/www/pesantren-multi-client/vendor/laravel/framework/src/Illuminate/Database/Connection.php(846): Illuminate/Database/Connection->Illuminate/Database/{closure}('alter table `us...', Array)
#2 D:/ServBay/www/pesantren-multi-client/vendor/laravel/framework/src/Illuminate/Database/Connection.php(813): Illuminate/Database/Connection->runQueryCallback('alter table `us...', Array, Object(Closure))
#3 D:/ServBay/www/pesantren-multi-client/vendor/laravel/framework/src/Illuminate/Database/Connection.php(590): Illuminate/Database/Connection->run('alter table `us...', Array, Object(Closure))
#4 D:/ServBay/www/pesantren-multi-client/vendor/laravel/framework/src/Illuminate/Database/Schema/Blueprint.php(122): Illuminate/Database/Connection->statement('alter table `us...')
#5 D:/ServBay/www/pesantren-multi-client/vendor/laravel/framework/src/Illuminate/Database/Schema/Builder.php(704): Illuminate/Database/Schema/Blueprint->build()
#6 D:/ServBay/www/pesantren-multi-client/vendor/laravel/framework/src/Illuminate/Database/Schema/Builder.php(510): Illuminate/Database/Schema/Builder->build(Object(Illuminate/Database/Schema/Blueprint))
#7 D:/ServBay/www/pesantren-multi-client/vendor/laravel/framework/src/Illuminate/Support/Facades/Facade.php(364): Illuminate/Database/Schema/Builder->table('users', Object(Closure))
#8 D:/ServBay/www/pesantren-multi-client/database/migrations/2026_09_22_120703_add_two_factor_columns_to_users_table.php(14): Illuminate/Support/Facades/Facade::__callStatic('table', Array)
#9 D:/ServBay/www/pesantren-multi-client/vendor/laravel/framework/src/Illuminate/Database/Migrations/Migrator.php(517): Illuminate/Database/Migrations/Migration@anonymous->up()
#10 D:/ServBay/www/pesantren-multi-client/vendor/laravel/framework/src/Illuminate/Database/Migrations/Migrator.php(442): Illuminate/Database/Migrations/Migrator->runMethod(Object(Illuminate/Database/MySqlConnection), Object(Illuminate/Database/Migrations/Migration@anonymous), 'up')
#11 D:/ServBay/www/pesantren-multi-client/vendor/laravel/framework/src/Illuminate/Database/Migrations/Migrator.php(451): Illuminate/Database/Migrations/Migrator->Illuminate/Database/Migrations/{closure}()
#12 D:/ServBay/www/pesantren-multi-client/vendor/laravel/framework/src/Illuminate/Database/Migrations/Migrator.php(253): Illuminate/Database/Migrations/Migrator->runMigration(Object(Illuminate/Database/Migrations/Migration@anonymous), 'up', '2026_09_22_1207...')
#13 D:/ServBay/www/pesantren-multi-client/vendor/laravel/framework/src/Illuminate/Console/View/Components/Task.php(43): Illuminate/Database/Migrations/Migrator->Illuminate/Database/Migrations/{closure}()
#14 D:/ServBay/www/pesantren-multi-client/vendor/laravel/framework/src/Illuminate/Database/Migrations/Migrator.php(853): Illuminate/Console/View/Components/Task->render('2026_09_22_1207...', Object(Closure))
#15 D:/ServBay/www/pesantren-multi-client/vendor/laravel/framework/src/Illuminate/Database/Migrations/Migrator.php(253): Illuminate/Database/Migrations/Migrator->write('Illuminate//Cons...', '2026_09_22_1207...', Object(Closure))
#16 D:/ServBay/www/pesantren-multi-client/vendor/laravel/framework/src/Illuminate/Database/Migrations/Migrator.php(211): Illuminate/Database/Migrations/Migrator->runUp('D://ServBay//www//...', 3, false)
#17 D:/ServBay/www/pesantren-multi-client/vendor/laravel/framework/src/Illuminate/Database/Migrations/Migrator.php(138): Illuminate/Database/Migrations/Migrator->runPending(Array, Array)
#18 D:/ServBay/www/pesantren-multi-client/vendor/laravel/framework/src/Illuminate/Database/Console/Migrations/MigrateCommand.php(118): Illuminate/Database/Migrations/Migrator->run(Array, Array)
#19 D:/ServBay/www/pesantren-multi-client/vendor/laravel/framework/src/Illuminate/Database/Migrations/Migrator.php(672): Illuminate/Database/Console/Migrations/MigrateCommand->Illuminate/Database/Console/Migrations/{closure}()
#20 D:/ServBay/www/pesantren-multi-client/vendor/laravel/framework/src/Illuminate/Database/Console/Migrations/MigrateCommand.php(111): Illuminate/Database/Migrations/Migrator->usingConnection(NULL, Object(Closure))
#21 D:/ServBay/www/pesantren-multi-client/vendor/laravel/framework/src/Illuminate/Database/Console/Migrations/MigrateCommand.php(90): Illuminate/Database/Console/Migrations/MigrateCommand->runMigrations()
#22 D:/ServBay/www/pesantren-multi-client/vendor/laravel/framework/src/Illuminate/Container/BoundMethod.php(36): Illuminate/Database/Console/Migrations/MigrateCommand->handle()
#23 D:/ServBay/www/pesantren-multi-client/vendor/laravel/framework/src/Illuminate/Container/Util.php(43): Illuminate/Container/BoundMethod::Illuminate/Container/{closure}()
#24 D:/ServBay/www/pesantren-multi-client/vendor/laravel/framework/src/Illuminate/Container/BoundMethod.php(96): Illuminate/Container/Util::unwrapIfClosure(Object(Closure))
#25 D:/ServBay/www/pesantren-multi-client/vendor/laravel/framework/src/Illuminate/Container/BoundMethod.php(35): Illuminate/Container/BoundMethod::callBoundMethod(Object(Illuminate/Foundation/Application), Array, Object(Closure))
#26 D:/ServBay/www/pesantren-multi-client/vendor/laravel/framework/src/Illuminate/Container/Container.php(803): Illuminate/Container/BoundMethod::call(Object(Illuminate/Foundation/Application), Array, Array, NULL)
#27 D:/ServBay/www/pesantren-multi-client/vendor/laravel/framework/src/Illuminate/Console/Command.php(292): Illuminate/Container/Container->call(Array)
#28 D:/ServBay/www/pesantren-multi-client/vendor/symfony/console/Command/Command.php(341): Illuminate/Console/Command->execute(Object(Symfony/Component/Console/Input/ArgvInput), Object(Illuminate/Console/OutputStyle))
#29 D:/ServBay/www/pesantren-multi-client/vendor/laravel/framework/src/Illuminate/Console/Command.php(261): Symfony/Component/Console/Command/Command->run(Object(Symfony/Component/Console/Input/ArgvInput), Object(Illuminate/Console/OutputStyle))
#30 D:/ServBay/www/pesantren-multi-client/vendor/symfony/console/Application.php(1117): Illuminate/Console/Command->run(Object(Symfony/Component/Console/Input/ArgvInput), Object(Symfony/Component/Console/Output/ConsoleOutput))
#31 D:/ServBay/www/pesantren-multi-client/vendor/symfony/console/Application.php(356): Symfony/Component/Console/Application->doRunCommand(Object(Illuminate/Database/Console/Migrations/MigrateCommand), Object(Symfony/Component/Console/Input/ArgvInput), Object(Symfony/Component/Console/Output/ConsoleOutput))
#32 D:/ServBay/www/pesantren-multi-client/vendor/symfony/console/Application.php(195): Symfony/Component/Console/Application->doRun(Object(Symfony/Component/Console/Input/ArgvInput), Object(Symfony/Component/Console/Output/ConsoleOutput))
#33 D:/ServBay/www/pesantren-multi-client/vendor/laravel/framework/src/Illuminate/Foundation/Console/Kernel.php(198): Symfony/Component/Console/Application->run(Object(Symfony/Component/Console/Input/ArgvInput), Object(Symfony/Component/Console/Output/ConsoleOutput))
#34 D:/ServBay/www/pesantren-multi-client/vendor/laravel/framework/src/Illuminate/Foundation/Application.php(1242): Illuminate/Foundation/Console/Kernel->handle(Object(Symfony/Component/Console/Input/ArgvInput), Object(Symfony/Component/Console/Output/ConsoleOutput))
#35 D:/ServBay/www/pesantren-multi-client/artisan(16): Illuminate/Foundation/Application->handleCommand(Object(Symfony/Component/Console/Input/ArgvInput))
#36 {main}
"} 
[2026-09-22 12:09:05] local.ERROR: SQLSTATE[42S01]: Base table or view already exists: 1050 Table 'passkeys' already exists (Connection: mysql, Host: 127.0.0.1, Port: 3306, Database: pesantren, SQL: create table `passkeys` (`id` bigint unsigned not null auto_increment primary key, `user_id` bigint unsigned not null, `name` varchar(255) not null, `credential_id` varchar(255) not null, `credential` json not null, `last_used_at` timestamp null, `created_at` timestamp null, `updated_at` timestamp null) default character set utf8mb4 collate 'utf8mb4_unicode_ci') {"exception":"[object] (Illuminate\\Database\\QueryException(code: 42S01): SQLSTATE[42S01]: Base table or view already exists: 1050 Table 'passkeys' already exists (Connection: mysql, Host: 127.0.0.1, Port: 3306, Database: pesantren, SQL: create table `passkeys` (`id` bigint unsigned not null auto_increment primary key, `user_id` bigint unsigned not null, `name` varchar(255) not null, `credential_id` varchar(255) not null, `credential` json not null, `last_used_at` timestamp null, `created_at` timestamp null, `updated_at` timestamp null) default character set utf8mb4 collate 'utf8mb4_unicode_ci') at D:/ServBay/www/pesantren-multi-client/vendor/laravel/framework/src/Illuminate/Database/Connection.php:857)
[stacktrace]
#0 D:/ServBay/www/pesantren-multi-client/vendor/laravel/framework/src/Illuminate/Database/Connection.php(813): Illuminate/Database/Connection->runQueryCallback('create table `p...', Array, Object(Closure))
#1 D:/ServBay/www/pesantren-multi-client/vendor/laravel/framework/src/Illuminate/Database/Connection.php(590): Illuminate/Database/Connection->run('create table `p...', Array, Object(Closure))
#2 D:/ServBay/www/pesantren-multi-client/vendor/laravel/framework/src/Illuminate/Database/Schema/Blueprint.php(122): Illuminate/Database/Connection->statement('create table `p...')
#3 D:/ServBay/www/pesantren-multi-client/vendor/laravel/framework/src/Illuminate/Database/Schema/Builder.php(704): Illuminate/Database/Schema/Blueprint->build()
#4 D:/ServBay/www/pesantren-multi-client/vendor/laravel/framework/src/Illuminate/Database/Schema/Builder.php(522): Illuminate/Database/Schema/Builder->build(Object(Illuminate/Database/Schema/Blueprint))
#5 D:/ServBay/www/pesantren-multi-client/vendor/laravel/framework/src/Illuminate/Support/Facades/Facade.php(364): Illuminate/Database/Schema/Builder->create('passkeys', Object(Closure))
#6 D:/ServBay/www/pesantren-multi-client/database/migrations/2026_09_22_120704_create_passkeys_table.php(15): Illuminate/Support/Facades/Facade::__callStatic('create', Array)
#7 D:/ServBay/www/pesantren-multi-client/vendor/laravel/framework/src/Illuminate/Database/Migrations/Migrator.php(517): Illuminate/Database/Migrations/Migration@anonymous->up()
#8 D:/ServBay/www/pesantren-multi-client/vendor/laravel/framework/src/Illuminate/Database/Migrations/Migrator.php(442): Illuminate/Database/Migrations/Migrator->runMethod(Object(Illuminate/Database/MySqlConnection), Object(Illuminate/Database/Migrations/Migration@anonymous), 'up')
#9 D:/ServBay/www/pesantren-multi-client/vendor/laravel/framework/src/Illuminate/Database/Migrations/Migrator.php(451): Illuminate/Database/Migrations/Migrator->Illuminate/Database/Migrations/{closure}()
#10 D:/ServBay/www/pesantren-multi-client/vendor/laravel/framework/src/Illuminate/Database/Migrations/Migrator.php(253): Illuminate/Database/Migrations/Migrator->runMigration(Object(Illuminate/Database/Migrations/Migration@anonymous), 'up', '2026_09_22_1207...')
#11 D:/ServBay/www/pesantren-multi-client/vendor/laravel/framework/src/Illuminate/Console/View/Components/Task.php(43): Illuminate/Database/Migrations/Migrator->Illuminate/Database/Migrations/{closure}()
#12 D:/ServBay/www/pesantren-multi-client/vendor/laravel/framework/src/Illuminate/Database/Migrations/Migrator.php(853): Illuminate/Console/View/Components/Task->render('2026_09_22_1207...', Object(Closure))
#13 D:/ServBay/www/pesantren-multi-client/vendor/laravel/framework/src/Illuminate/Database/Migrations/Migrator.php(253): Illuminate/Database/Migrations/Migrator->write('Illuminate//Cons...', '2026_09_22_1207...', Object(Closure))
#14 D:/ServBay/www/pesantren-multi-client/vendor/laravel/framework/src/Illuminate/Database/Migrations/Migrator.php(211): Illuminate/Database/Migrations/Migrator->runUp('D://ServBay//www//...', 3, false)
#15 D:/ServBay/www/pesantren-multi-client/vendor/laravel/framework/src/Illuminate/Database/Migrations/Migrator.php(138): Illuminate/Database/Migrations/Migrator->runPending(Array, Array)
#16 D:/ServBay/www/pesantren-multi-client/vendor/laravel/framework/src/Illuminate/Database/Console/Migrations/MigrateCommand.php(118): Illuminate/Database/Migrations/Migrator->run(Array, Array)
#17 D:/ServBay/www/pesantren-multi-client/vendor/laravel/framework/src/Illuminate/Database/Migrations/Migrator.php(672): Illuminate/Database/Console/Migrations/MigrateCommand->Illuminate/Database/Console/Migrations/{closure}()
#18 D:/ServBay/www/pesantren-multi-client/vendor/laravel/framework/src/Illuminate/Database/Console/Migrations/MigrateCommand.php(111): Illuminate/Database/Migrations/Migrator->usingConnection(NULL, Object(Closure))
#19 D:/ServBay/www/pesantren-multi-client/vendor/laravel/framework/src/Illuminate/Database/Console/Migrations/MigrateCommand.php(90): Illuminate/Database/Console/Migrations/MigrateCommand->runMigrations()
#20 D:/ServBay/www/pesantren-multi-client/vendor/laravel/framework/src/Illuminate/Container/BoundMethod.php(36): Illuminate/Database/Console/Migrations/MigrateCommand->handle()
#21 D:/ServBay/www/pesantren-multi-client/vendor/laravel/framework/src/Illuminate/Container/Util.php(43): Illuminate/Container/BoundMethod::Illuminate/Container/{closure}()
#22 D:/ServBay/www/pesantren-multi-client/vendor/laravel/framework/src/Illuminate/Container/BoundMethod.php(96): Illuminate/Container/Util::unwrapIfClosure(Object(Closure))
#23 D:/ServBay/www/pesantren-multi-client/vendor/laravel/framework/src/Illuminate/Container/BoundMethod.php(35): Illuminate/Container/BoundMethod::callBoundMethod(Object(Illuminate/Foundation/Application), Array, Object(Closure))
#24 D:/ServBay/www/pesantren-multi-client/vendor/laravel/framework/src/Illuminate/Container/Container.php(803): Illuminate/Container/BoundMethod::call(Object(Illuminate/Foundation/Application), Array, Array, NULL)
#25 D:/ServBay/www/pesantren-multi-client/vendor/laravel/framework/src/Illuminate/Console/Command.php(292): Illuminate/Container/Container->call(Array)
#26 D:/ServBay/www/pesantren-multi-client/vendor/symfony/console/Command/Command.php(341): Illuminate/Console/Command->execute(Object(Symfony/Component/Console/Input/ArgvInput), Object(Illuminate/Console/OutputStyle))
#27 D:/ServBay/www/pesantren-multi-client/vendor/laravel/framework/src/Illuminate/Console/Command.php(261): Symfony/Component/Console/Command/Command->run(Object(Symfony/Component/Console/Input/ArgvInput), Object(Illuminate/Console/OutputStyle))
#28 D:/ServBay/www/pesantren-multi-client/vendor/symfony/console/Application.php(1117): Illuminate/Console/Command->run(Object(Symfony/Component/Console/Input/ArgvInput), Object(Symfony/Component/Console/Output/ConsoleOutput))
#29 D:/ServBay/www/pesantren-multi-client/vendor/symfony/console/Application.php(356): Symfony/Component/Console/Application->doRunCommand(Object(Illuminate/Database/Console/Migrations/MigrateCommand), Object(Symfony/Component/Console/Input/ArgvInput), Object(Symfony/Component/Console/Output/ConsoleOutput))
#30 D:/ServBay/www/pesantren-multi-client/vendor/symfony/console/Application.php(195): Symfony/Component/Console/Application->doRun(Object(Symfony/Component/Console/Input/ArgvInput), Object(Symfony/Component/Console/Output/ConsoleOutput))
#31 D:/ServBay/www/pesantren-multi-client/vendor/laravel/framework/src/Illuminate/Foundation/Console/Kernel.php(198): Symfony/Component/Console/Application->run(Object(Symfony/Component/Console/Input/ArgvInput), Object(Symfony/Component/Console/Output/ConsoleOutput))
#32 D:/ServBay/www/pesantren-multi-client/vendor/laravel/framework/src/Illuminate/Foundation/Application.php(1242): Illuminate/Foundation/Console/Kernel->handle(Object(Symfony/Component/Console/Input/ArgvInput), Object(Symfony/Component/Console/Output/ConsoleOutput))
#33 D:/ServBay/www/pesantren-multi-client/artisan(16): Illuminate/Foundation/Application->handleCommand(Object(Symfony/Component/Console/Input/ArgvInput))
#34 {main}

[previous exception] [object] (PDOException(code: 42S01): SQLSTATE[42S01]: Base table or view already exists: 1050 Table 'passkeys' already exists at D:/ServBay/www/pesantren-multi-client/vendor/laravel/framework/src/Illuminate/Database/Connection.php:601)
[stacktrace]
#0 D:/ServBay/www/pesantren-multi-client/vendor/laravel/framework/src/Illuminate/Database/Connection.php(601): PDOStatement->execute()
#1 D:/ServBay/www/pesantren-multi-client/vendor/laravel/framework/src/Illuminate/Database/Connection.php(846): Illuminate/Database/Connection->Illuminate/Database/{closure}('create table `p...', Array)
#2 D:/ServBay/www/pesantren-multi-client/vendor/laravel/framework/src/Illuminate/Database/Connection.php(813): Illuminate/Database/Connection->runQueryCallback('create table `p...', Array, Object(Closure))
#3 D:/ServBay/www/pesantren-multi-client/vendor/laravel/framework/src/Illuminate/Database/Connection.php(590): Illuminate/Database/Connection->run('create table `p...', Array, Object(Closure))
#4 D:/ServBay/www/pesantren-multi-client/vendor/laravel/framework/src/Illuminate/Database/Schema/Blueprint.php(122): Illuminate/Database/Connection->statement('create table `p...')
#5 D:/ServBay/www/pesantren-multi-client/vendor/laravel/framework/src/Illuminate/Database/Schema/Builder.php(704): Illuminate/Database/Schema/Blueprint->build()
#6 D:/ServBay/www/pesantren-multi-client/vendor/laravel/framework/src/Illuminate/Database/Schema/Builder.php(522): Illuminate/Database/Schema/Builder->build(Object(Illuminate/Database/Schema/Blueprint))
#7 D:/ServBay/www/pesantren-multi-client/vendor/laravel/framework/src/Illuminate/Support/Facades/Facade.php(364): Illuminate/Database/Schema/Builder->create('passkeys', Object(Closure))
#8 D:/ServBay/www/pesantren-multi-client/database/migrations/2026_09_22_120704_create_passkeys_table.php(15): Illuminate/Support/Facades/Facade::__callStatic('create', Array)
#9 D:/ServBay/www/pesantren-multi-client/vendor/laravel/framework/src/Illuminate/Database/Migrations/Migrator.php(517): Illuminate/Database/Migrations/Migration@anonymous->up()
#10 D:/ServBay/www/pesantren-multi-client/vendor/laravel/framework/src/Illuminate/Database/Migrations/Migrator.php(442): Illuminate/Database/Migrations/Migrator->runMethod(Object(Illuminate/Database/MySqlConnection), Object(Illuminate/Database/Migrations/Migration@anonymous), 'up')
#11 D:/ServBay/www/pesantren-multi-client/vendor/laravel/framework/src/Illuminate/Database/Migrations/Migrator.php(451): Illuminate/Database/Migrations/Migrator->Illuminate/Database/Migrations/{closure}()
#12 D:/ServBay/www/pesantren-multi-client/vendor/laravel/framework/src/Illuminate/Database/Migrations/Migrator.php(253): Illuminate/Database/Migrations/Migrator->runMigration(Object(Illuminate/Database/Migrations/Migration@anonymous), 'up', '2026_09_22_1207...')
#13 D:/ServBay/www/pesantren-multi-client/vendor/laravel/framework/src/Illuminate/Console/View/Components/Task.php(43): Illuminate/Database/Migrations/Migrator->Illuminate/Database/Migrations/{closure}()
#14 D:/ServBay/www/pesantren-multi-client/vendor/laravel/framework/src/Illuminate/Database/Migrations/Migrator.php(853): Illuminate/Console/View/Components/Task->render('2026_09_22_1207...', Object(Closure))
#15 D:/ServBay/www/pesantren-multi-client/vendor/laravel/framework/src/Illuminate/Database/Migrations/Migrator.php(253): Illuminate/Database/Migrations/Migrator->write('Illuminate//Cons...', '2026_09_22_1207...', Object(Closure))
#16 D:/ServBay/www/pesantren-multi-client/vendor/laravel/framework/src/Illuminate/Database/Migrations/Migrator.php(211): Illuminate/Database/Migrations/Migrator->runUp('D://ServBay//www//...', 3, false)
#17 D:/ServBay/www/pesantren-multi-client/vendor/laravel/framework/src/Illuminate/Database/Migrations/Migrator.php(138): Illuminate/Database/Migrations/Migrator->runPending(Array, Array)
#18 D:/ServBay/www/pesantren-multi-client/vendor/laravel/framework/src/Illuminate/Database/Console/Migrations/MigrateCommand.php(118): Illuminate/Database/Migrations/Migrator->run(Array, Array)
#19 D:/ServBay/www/pesantren-multi-client/vendor/laravel/framework/src/Illuminate/Database/Migrations/Migrator.php(672): Illuminate/Database/Console/Migrations/MigrateCommand->Illuminate/Database/Console/Migrations/{closure}()
#20 D:/ServBay/www/pesantren-multi-client/vendor/laravel/framework/src/Illuminate/Database/Console/Migrations/MigrateCommand.php(111): Illuminate/Database/Migrations/Migrator->usingConnection(NULL, Object(Closure))
#21 D:/ServBay/www/pesantren-multi-client/vendor/laravel/framework/src/Illuminate/Database/Console/Migrations/MigrateCommand.php(90): Illuminate/Database/Console/Migrations/MigrateCommand->runMigrations()
#22 D:/ServBay/www/pesantren-multi-client/vendor/laravel/framework/src/Illuminate/Container/BoundMethod.php(36): Illuminate/Database/Console/Migrations/MigrateCommand->handle()
#23 D:/ServBay/www/pesantren-multi-client/vendor/laravel/framework/src/Illuminate/Container/Util.php(43): Illuminate/Container/BoundMethod::Illuminate/Container/{closure}()
#24 D:/ServBay/www/pesantren-multi-client/vendor/laravel/framework/src/Illuminate/Container/BoundMethod.php(96): Illuminate/Container/Util::unwrapIfClosure(Object(Closure))
#25 D:/ServBay/www/pesantren-multi-client/vendor/laravel/framework/src/Illuminate/Container/BoundMethod.php(35): Illuminate/Container/BoundMethod::callBoundMethod(Object(Illuminate/Foundation/Application), Array, Object(Closure))
#26 D:/ServBay/www/pesantren-multi-client/vendor/laravel/framework/src/Illuminate/Container/Container.php(803): Illuminate/Container/BoundMethod::call(Object(Illuminate/Foundation/Application), Array, Array, NULL)
#27 D:/ServBay/www/pesantren-multi-client/vendor/laravel/framework/src/Illuminate/Console/Command.php(292): Illuminate/Container/Container->call(Array)
#28 D:/ServBay/www/pesantren-multi-client/vendor/symfony/console/Command/Command.php(341): Illuminate/Console/Command->execute(Object(Symfony/Component/Console/Input/ArgvInput), Object(Illuminate/Console/OutputStyle))
#29 D:/ServBay/www/pesantren-multi-client/vendor/laravel/framework/src/Illuminate/Console/Command.php(261): Symfony/Component/Console/Command/Command->run(Object(Symfony/Component/Console/Input/ArgvInput), Object(Illuminate/Console/OutputStyle))
#30 D:/ServBay/www/pesantren-multi-client/vendor/symfony/console/Application.php(1117): Illuminate/Console/Command->run(Object(Symfony/Component/Console/Input/ArgvInput), Object(Symfony/Component/Console/Output/ConsoleOutput))
#31 D:/ServBay/www/pesantren-multi-client/vendor/symfony/console/Application.php(356): Symfony/Component/Console/Application->doRunCommand(Object(Illuminate/Database/Console/Migrations/MigrateCommand), Object(Symfony/Component/Console/Input/ArgvInput), Object(Symfony/Component/Console/Output/ConsoleOutput))
#32 D:/ServBay/www/pesantren-multi-client/vendor/symfony/console/Application.php(195): Symfony/Component/Console/Application->doRun(Object(Symfony/Component/Console/Input/ArgvInput), Object(Symfony/Component/Console/Output/ConsoleOutput))
#33 D:/ServBay/www/pesantren-multi-client/vendor/laravel/framework/src/Illuminate/Foundation/Console/Kernel.php(198): Symfony/Component/Console/Application->run(Object(Symfony/Component/Console/Input/ArgvInput), Object(Symfony/Component/Console/Output/ConsoleOutput))
#34 D:/ServBay/www/pesantren-multi-client/vendor/laravel/framework/src/Illuminate/Foundation/Application.php(1242): Illuminate/Foundation/Console/Kernel->handle(Object(Symfony/Component/Console/Input/ArgvInput), Object(Symfony/Component/Console/Output/ConsoleOutput))
#35 D:/ServBay/www/pesantren-multi-client/artisan(16): Illuminate/Foundation/Application->handleCommand(Object(Symfony/Component/Console/Input/ArgvInput))
#36 {main}
"} 
[2026-09-23 03:03:29] local.ERROR: Target [Laravel\Fortify\Contracts\LoginViewResponse] is not instantiable. {"exception":"[object] (Illuminate\\Contracts\\Container\\BindingResolutionException(code: 0): Target [Laravel\\Fortify\\Contracts\\LoginViewResponse] is not instantiable. at D:/ServBay/www/pesantren-multi-client/vendor/laravel/framework/src/Illuminate/Container/Container.php:1440)
[stacktrace]
#0 D:/ServBay/www/pesantren-multi-client/vendor/laravel/framework/src/Illuminate/Container/Container.php(1156): Illuminate/Container/Container->notInstantiable('Laravel//Fortify...')
#1 D:/ServBay/www/pesantren-multi-client/vendor/laravel/framework/src/Illuminate/Container/Container.php(939): Illuminate/Container/Container->build('Laravel//Fortify...')
#2 D:/ServBay/www/pesantren-multi-client/vendor/laravel/framework/src/Illuminate/Foundation/Application.php(1085): Illuminate/Container/Container->resolve('Laravel//Fortify...', Array, true)
#3 D:/ServBay/www/pesantren-multi-client/vendor/laravel/framework/src/Illuminate/Container/Container.php(867): Illuminate/Foundation/Application->resolve('Laravel//Fortify...', Array)
#4 D:/ServBay/www/pesantren-multi-client/vendor/laravel/framework/src/Illuminate/Foundation/Application.php(1065): Illuminate/Container/Container->make('Laravel//Fortify...', Array)
#5 D:/ServBay/www/pesantren-multi-client/vendor/laravel/framework/src/Illuminate/Foundation/helpers.php(138): Illuminate/Foundation/Application->make('Laravel//Fortify...', Array)
#6 D:/ServBay/www/pesantren-multi-client/vendor/laravel/fortify/src/Http/Controllers/AuthenticatedSessionController.php(49): app('Laravel//Fortify...')
#7 D:/ServBay/www/pesantren-multi-client/vendor/laravel/framework/src/Illuminate/Routing/Controller.php(54): Laravel/Fortify/Http/Controllers/AuthenticatedSessionController->create(Object(Illuminate/Http/Request))
#8 D:/ServBay/www/pesantren-multi-client/vendor/laravel/framework/src/Illuminate/Routing/ControllerDispatcher.php(43): Illuminate/Routing/Controller->callAction('create', Array)
#9 D:/ServBay/www/pesantren-multi-client/vendor/laravel/framework/src/Illuminate/Routing/Route.php(276): Illuminate/Routing/ControllerDispatcher->dispatch(Object(Illuminate/Routing/Route), Object(Laravel/Fortify/Http/Controllers/AuthenticatedSessionController), 'create')
#10 D:/ServBay/www/pesantren-multi-client/vendor/laravel/framework/src/Illuminate/Routing/Route.php(216): Illuminate/Routing/Route->runController()
#11 D:/ServBay/www/pesantren-multi-client/vendor/laravel/framework/src/Illuminate/Routing/Router.php(822): Illuminate/Routing/Route->run()
#12 D:/ServBay/www/pesantren-multi-client/vendor/laravel/framework/src/Illuminate/Pipeline/Pipeline.php(180): Illuminate/Routing/Router->Illuminate/Routing/{closure}(Object(Illuminate/Http/Request))
#13 D:/ServBay/www/pesantren-multi-client/vendor/laravel/framework/src/Illuminate/Auth/Middleware/RedirectIfAuthenticated.php(47): Illuminate/Pipeline/Pipeline->Illuminate/Pipeline/{closure}(Object(Illuminate/Http/Request))
#14 D:/ServBay/www/pesantren-multi-client/vendor/laravel/framework/src/Illuminate/Pipeline/Pipeline.php(219): Illuminate/Auth/Middleware/RedirectIfAuthenticated->handle(Object(Illuminate/Http/Request), Object(Closure), 'web')
#15 D:/ServBay/www/pesantren-multi-client/vendor/laravel/framework/src/Illuminate/Routing/Middleware/SubstituteBindings.php(52): Illuminate/Pipeline/Pipeline->Illuminate/Pipeline/{closure}(Object(Illuminate/Http/Request))
#16 D:/ServBay/www/pesantren-multi-client/vendor/laravel/framework/src/Illuminate/Pipeline/Pipeline.php(219): Illuminate/Routing/Middleware/SubstituteBindings->handle(Object(Illuminate/Http/Request), Object(Closure))
#17 D:/ServBay/www/pesantren-multi-client/vendor/laravel/framework/src/Illuminate/Foundation/Http/Middleware/PreventRequestForgery.php(104): Illuminate/Pipeline/Pipeline->Illuminate/Pipeline/{closure}(Object(Illuminate/Http/Request))
#18 D:/ServBay/www/pesantren-multi-client/vendor/laravel/framework/src/Illuminate/Pipeline/Pipeline.php(219): Illuminate/Foundation/Http/Middleware/PreventRequestForgery->handle(Object(Illuminate/Http/Request), Object(Closure))
#19 D:/ServBay/www/pesantren-multi-client/vendor/laravel/framework/src/Illuminate/View/Middleware/ShareErrorsFromSession.php(48): Illuminate/Pipeline/Pipeline->Illuminate/Pipeline/{closure}(Object(Illuminate/Http/Request))
#20 D:/ServBay/www/pesantren-multi-client/vendor/laravel/framework/src/Illuminate/Pipeline/Pipeline.php(219): Illuminate/View/Middleware/ShareErrorsFromSession->handle(Object(Illuminate/Http/Request), Object(Closure))
#21 D:/ServBay/www/pesantren-multi-client/vendor/laravel/framework/src/Illuminate/Session/Middleware/StartSession.php(120): Illuminate/Pipeline/Pipeline->Illuminate/Pipeline/{closure}(Object(Illuminate/Http/Request))
#22 D:/ServBay/www/pesantren-multi-client/vendor/laravel/framework/src/Illuminate/Session/Middleware/StartSession.php(63): Illuminate/Session/Middleware/StartSession->handleStatefulRequest(Object(Illuminate/Http/Request), Object(Illuminate/Session/Store), Object(Closure))
#23 D:/ServBay/www/pesantren-multi-client/vendor/laravel/framework/src/Illuminate/Pipeline/Pipeline.php(219): Illuminate/Session/Middleware/StartSession->handle(Object(Illuminate/Http/Request), Object(Closure))
#24 D:/ServBay/www/pesantren-multi-client/vendor/laravel/framework/src/Illuminate/Cookie/Middleware/AddQueuedCookiesToResponse.php(36): Illuminate/Pipeline/Pipeline->Illuminate/Pipeline/{closure}(Object(Illuminate/Http/Request))
#25 D:/ServBay/www/pesantren-multi-client/vendor/laravel/framework/src/Illuminate/Pipeline/Pipeline.php(219): Illuminate/Cookie/Middleware/AddQueuedCookiesToResponse->handle(Object(Illuminate/Http/Request), Object(Closure))
#26 D:/ServBay/www/pesantren-multi-client/vendor/laravel/framework/src/Illuminate/Cookie/Middleware/EncryptCookies.php(74): Illuminate/Pipeline/Pipeline->Illuminate/Pipeline/{closure}(Object(Illuminate/Http/Request))
#27 D:/ServBay/www/pesantren-multi-client/vendor/laravel/framework/src/Illuminate/Pipeline/Pipeline.php(219): Illuminate/Cookie/Middleware/EncryptCookies->handle(Object(Illuminate/Http/Request), Object(Closure))
#28 D:/ServBay/www/pesantren-multi-client/vendor/laravel/framework/src/Illuminate/Pipeline/Pipeline.php(137): Illuminate/Pipeline/Pipeline->Illuminate/Pipeline/{closure}(Object(Illuminate/Http/Request))
#29 D:/ServBay/www/pesantren-multi-client/vendor/laravel/framework/src/Illuminate/Routing/Router.php(821): Illuminate/Pipeline/Pipeline->then(Object(Closure))
#30 D:/ServBay/www/pesantren-multi-client/vendor/laravel/framework/src/Illuminate/Routing/Router.php(800): Illuminate/Routing/Router->runRouteWithinStack(Object(Illuminate/Routing/Route), Object(Illuminate/Http/Request))
#31 D:/ServBay/www/pesantren-multi-client/vendor/laravel/framework/src/Illuminate/Routing/Router.php(764): Illuminate/Routing/Router->runRoute(Object(Illuminate/Http/Request), Object(Illuminate/Routing/Route))
#32 D:/ServBay/www/pesantren-multi-client/vendor/laravel/framework/src/Illuminate/Routing/Router.php(753): Illuminate/Routing/Router->dispatchToRoute(Object(Illuminate/Http/Request))
#33 D:/ServBay/www/pesantren-multi-client/vendor/laravel/framework/src/Illuminate/Foundation/Http/Kernel.php(200): Illuminate/Routing/Router->dispatch(Object(Illuminate/Http/Request))
#34 D:/ServBay/www/pesantren-multi-client/vendor/laravel/framework/src/Illuminate/Pipeline/Pipeline.php(180): Illuminate/Foundation/Http/Kernel->Illuminate/Foundation/Http/{closure}(Object(Illuminate/Http/Request))
#35 D:/ServBay/www/pesantren-multi-client/vendor/laravel/framework/src/Illuminate/Foundation/Http/Middleware/TransformsRequest.php(21): Illuminate/Pipeline/Pipeline->Illuminate/Pipeline/{closure}(Object(Illuminate/Http/Request))
#36 D:/ServBay/www/pesantren-multi-client/vendor/laravel/framework/src/Illuminate/Foundation/Http/Middleware/ConvertEmptyStringsToNull.php(31): Illuminate/Foundation/Http/Middleware/TransformsRequest->handle(Object(Illuminate/Http/Request), Object(Closure))
#37 D:/ServBay/www/pesantren-multi-client/vendor/laravel/framework/src/Illuminate/Pipeline/Pipeline.php(219): Illuminate/Foundation/Http/Middleware/ConvertEmptyStringsToNull->handle(Object(Illuminate/Http/Request), Object(Closure))
#38 D:/ServBay/www/pesantren-multi-client/vendor/laravel/framework/src/Illuminate/Foundation/Http/Middleware/TransformsRequest.php(21): Illuminate/Pipeline/Pipeline->Illuminate/Pipeline/{closure}(Object(Illuminate/Http/Request))
#39 D:/ServBay/www/pesantren-multi-client/vendor/laravel/framework/src/Illuminate/Foundation/Http/Middleware/TrimStrings.php(51): Illuminate/Foundation/Http/Middleware/TransformsRequest->handle(Object(Illuminate/Http/Request), Object(Closure))
#40 D:/ServBay/www/pesantren-multi-client/vendor/laravel/framework/src/Illuminate/Pipeline/Pipeline.php(219): Illuminate/Foundation/Http/Middleware/TrimStrings->handle(Object(Illuminate/Http/Request), Object(Closure))
#41 D:/ServBay/www/pesantren-multi-client/vendor/laravel/framework/src/Illuminate/Http/Middleware/ValidatePostSize.php(27): Illuminate/Pipeline/Pipeline->Illuminate/Pipeline/{closure}(Object(Illuminate/Http/Request))
#42 D:/ServBay/www/pesantren-multi-client/vendor/laravel/framework/src/Illuminate/Pipeline/Pipeline.php(219): Illuminate/Http/Middleware/ValidatePostSize->handle(Object(Illuminate/Http/Request), Object(Closure))
#43 D:/ServBay/www/pesantren-multi-client/vendor/laravel/framework/src/Illuminate/Foundation/Http/Middleware/PreventRequestsDuringMaintenance.php(110): Illuminate/Pipeline/Pipeline->Illuminate/Pipeline/{closure}(Object(Illuminate/Http/Request))
#44 D:/ServBay/www/pesantren-multi-client/vendor/laravel/framework/src/Illuminate/Pipeline/Pipeline.php(219): Illuminate/Foundation/Http/Middleware/PreventRequestsDuringMaintenance->handle(Object(Illuminate/Http/Request), Object(Closure))
#45 D:/ServBay/www/pesantren-multi-client/vendor/laravel/framework/src/Illuminate/Http/Middleware/HandleCors.php(61): Illuminate/Pipeline/Pipeline->Illuminate/Pipeline/{closure}(Object(Illuminate/Http/Request))
#46 D:/ServBay/www/pesantren-multi-client/vendor/laravel/framework/src/Illuminate/Pipeline/Pipeline.php(219): Illuminate/Http/Middleware/HandleCors->handle(Object(Illuminate/Http/Request), Object(Closure))
#47 D:/ServBay/www/pesantren-multi-client/vendor/laravel/framework/src/Illuminate/Http/Middleware/TrustProxies.php(58): Illuminate/Pipeline/Pipeline->Illuminate/Pipeline/{closure}(Object(Illuminate/Http/Request))
#48 D:/ServBay/www/pesantren-multi-client/vendor/laravel/framework/src/Illuminate/Pipeline/Pipeline.php(219): Illuminate/Http/Middleware/TrustProxies->handle(Object(Illuminate/Http/Request), Object(Closure))
#49 D:/ServBay/www/pesantren-multi-client/vendor/laravel/framework/src/Illuminate/Foundation/Http/Middleware/InvokeDeferredCallbacks.php(22): Illuminate/Pipeline/Pipeline->Illuminate/Pipeline/{closure}(Object(Illuminate/Http/Request))
#50 D:/ServBay/www/pesantren-multi-client/vendor/laravel/framework/src/Illuminate/Pipeline/Pipeline.php(219): Illuminate/Foundation/Http/Middleware/InvokeDeferredCallbacks->handle(Object(Illuminate/Http/Request), Object(Closure))
#51 D:/ServBay/www/pesantren-multi-client/vendor/laravel/framework/src/Illuminate/Http/Middleware/ValidatePathEncoding.php(28): Illuminate/Pipeline/Pipeline->Illuminate/Pipeline/{closure}(Object(Illuminate/Http/Request))
#52 D:/ServBay/www/pesantren-multi-client/vendor/laravel/framework/src/Illuminate/Pipeline/Pipeline.php(219): Illuminate/Http/Middleware/ValidatePathEncoding->handle(Object(Illuminate/Http/Request), Object(Closure))
#53 D:/ServBay/www/pesantren-multi-client/vendor/laravel/framework/src/Illuminate/Pipeline/Pipeline.php(137): Illuminate/Pipeline/Pipeline->Illuminate/Pipeline/{closure}(Object(Illuminate/Http/Request))
#54 D:/ServBay/www/pesantren-multi-client/vendor/laravel/framework/src/Illuminate/Foundation/Http/Kernel.php(175): Illuminate/Pipeline/Pipeline->then(Object(Closure))
#55 D:/ServBay/www/pesantren-multi-client/vendor/laravel/framework/src/Illuminate/Foundation/Http/Kernel.php(144): Illuminate/Foundation/Http/Kernel->sendRequestThroughRouter(Object(Illuminate/Http/Request))
#56 D:/ServBay/www/pesantren-multi-client/vendor/laravel/framework/src/Illuminate/Foundation/Application.php(1227): Illuminate/Foundation/Http/Kernel->handle(Object(Illuminate/Http/Request))
#57 D:/ServBay/www/pesantren-multi-client/public/index.php(20): Illuminate/Foundation/Application->handleRequest(Object(Illuminate/Http/Request))
#58 D:/ServBay/www/pesantren-multi-client/vendor/laravel/framework/src/Illuminate/Foundation/resources/server.php(23): require_once('D://ServBay//www//...')
#59 {main}
"} 
[2026-09-23 03:03:57] local.ERROR: Target [Laravel\Fortify\Contracts\LoginViewResponse] is not instantiable. {"exception":"[object] (Illuminate\\Contracts\\Container\\BindingResolutionException(code: 0): Target [Laravel\\Fortify\\Contracts\\LoginViewResponse] is not instantiable. at D:/ServBay/www/pesantren-multi-client/vendor/laravel/framework/src/Illuminate/Container/Container.php:1440)
[stacktrace]
#0 D:/ServBay/www/pesantren-multi-client/vendor/laravel/framework/src/Illuminate/Container/Container.php(1156): Illuminate/Container/Container->notInstantiable('Laravel//Fortify...')
#1 D:/ServBay/www/pesantren-multi-client/vendor/laravel/framework/src/Illuminate/Container/Container.php(939): Illuminate/Container/Container->build('Laravel//Fortify...')
#2 D:/ServBay/www/pesantren-multi-client/vendor/laravel/framework/src/Illuminate/Foundation/Application.php(1085): Illuminate/Container/Container->resolve('Laravel//Fortify...', Array, true)
#3 D:/ServBay/www/pesantren-multi-client/vendor/laravel/framework/src/Illuminate/Container/Container.php(867): Illuminate/Foundation/Application->resolve('Laravel//Fortify...', Array)
#4 D:/ServBay/www/pesantren-multi-client/vendor/laravel/framework/src/Illuminate/Foundation/Application.php(1065): Illuminate/Container/Container->make('Laravel//Fortify...', Array)
#5 D:/ServBay/www/pesantren-multi-client/vendor/laravel/framework/src/Illuminate/Foundation/helpers.php(138): Illuminate/Foundation/Application->make('Laravel//Fortify...', Array)
#6 D:/ServBay/www/pesantren-multi-client/vendor/laravel/fortify/src/Http/Controllers/AuthenticatedSessionController.php(49): app('Laravel//Fortify...')
#7 D:/ServBay/www/pesantren-multi-client/vendor/laravel/framework/src/Illuminate/Routing/Controller.php(54): Laravel/Fortify/Http/Controllers/AuthenticatedSessionController->create(Object(Illuminate/Http/Request))
#8 D:/ServBay/www/pesantren-multi-client/vendor/laravel/framework/src/Illuminate/Routing/ControllerDispatcher.php(43): Illuminate/Routing/Controller->callAction('create', Array)
#9 D:/ServBay/www/pesantren-multi-client/vendor/laravel/framework/src/Illuminate/Routing/Route.php(276): Illuminate/Routing/ControllerDispatcher->dispatch(Object(Illuminate/Routing/Route), Object(Laravel/Fortify/Http/Controllers/AuthenticatedSessionController), 'create')
#10 D:/ServBay/www/pesantren-multi-client/vendor/laravel/framework/src/Illuminate/Routing/Route.php(216): Illuminate/Routing/Route->runController()
#11 D:/ServBay/www/pesantren-multi-client/vendor/laravel/framework/src/Illuminate/Routing/Router.php(822): Illuminate/Routing/Route->run()
#12 D:/ServBay/www/pesantren-multi-client/vendor/laravel/framework/src/Illuminate/Pipeline/Pipeline.php(180): Illuminate/Routing/Router->Illuminate/Routing/{closure}(Object(Illuminate/Http/Request))
#13 D:/ServBay/www/pesantren-multi-client/vendor/laravel/framework/src/Illuminate/Auth/Middleware/RedirectIfAuthenticated.php(47): Illuminate/Pipeline/Pipeline->Illuminate/Pipeline/{closure}(Object(Illuminate/Http/Request))
#14 D:/ServBay/www/pesantren-multi-client/vendor/laravel/framework/src/Illuminate/Pipeline/Pipeline.php(219): Illuminate/Auth/Middleware/RedirectIfAuthenticated->handle(Object(Illuminate/Http/Request), Object(Closure), 'web')
#15 D:/ServBay/www/pesantren-multi-client/vendor/laravel/framework/src/Illuminate/Routing/Middleware/SubstituteBindings.php(52): Illuminate/Pipeline/Pipeline->Illuminate/Pipeline/{closure}(Object(Illuminate/Http/Request))
#16 D:/ServBay/www/pesantren-multi-client/vendor/laravel/framework/src/Illuminate/Pipeline/Pipeline.php(219): Illuminate/Routing/Middleware/SubstituteBindings->handle(Object(Illuminate/Http/Request), Object(Closure))
#17 D:/ServBay/www/pesantren-multi-client/vendor/laravel/framework/src/Illuminate/Foundation/Http/Middleware/PreventRequestForgery.php(104): Illuminate/Pipeline/Pipeline->Illuminate/Pipeline/{closure}(Object(Illuminate/Http/Request))
#18 D:/ServBay/www/pesantren-multi-client/vendor/laravel/framework/src/Illuminate/Pipeline/Pipeline.php(219): Illuminate/Foundation/Http/Middleware/PreventRequestForgery->handle(Object(Illuminate/Http/Request), Object(Closure))
#19 D:/ServBay/www/pesantren-multi-client/vendor/laravel/framework/src/Illuminate/View/Middleware/ShareErrorsFromSession.php(48): Illuminate/Pipeline/Pipeline->Illuminate/Pipeline/{closure}(Object(Illuminate/Http/Request))
#20 D:/ServBay/www/pesantren-multi-client/vendor/laravel/framework/src/Illuminate/Pipeline/Pipeline.php(219): Illuminate/View/Middleware/ShareErrorsFromSession->handle(Object(Illuminate/Http/Request), Object(Closure))
#21 D:/ServBay/www/pesantren-multi-client/vendor/laravel/framework/src/Illuminate/Session/Middleware/StartSession.php(120): Illuminate/Pipeline/Pipeline->Illuminate/Pipeline/{closure}(Object(Illuminate/Http/Request))
#22 D:/ServBay/www/pesantren-multi-client/vendor/laravel/framework/src/Illuminate/Session/Middleware/StartSession.php(63): Illuminate/Session/Middleware/StartSession->handleStatefulRequest(Object(Illuminate/Http/Request), Object(Illuminate/Session/Store), Object(Closure))
#23 D:/ServBay/www/pesantren-multi-client/vendor/laravel/framework/src/Illuminate/Pipeline/Pipeline.php(219): Illuminate/Session/Middleware/StartSession->handle(Object(Illuminate/Http/Request), Object(Closure))
#24 D:/ServBay/www/pesantren-multi-client/vendor/laravel/framework/src/Illuminate/Cookie/Middleware/AddQueuedCookiesToResponse.php(36): Illuminate/Pipeline/Pipeline->Illuminate/Pipeline/{closure}(Object(Illuminate/Http/Request))
#25 D:/ServBay/www/pesantren-multi-client/vendor/laravel/framework/src/Illuminate/Pipeline/Pipeline.php(219): Illuminate/Cookie/Middleware/AddQueuedCookiesToResponse->handle(Object(Illuminate/Http/Request), Object(Closure))
#26 D:/ServBay/www/pesantren-multi-client/vendor/laravel/framework/src/Illuminate/Cookie/Middleware/EncryptCookies.php(74): Illuminate/Pipeline/Pipeline->Illuminate/Pipeline/{closure}(Object(Illuminate/Http/Request))
#27 D:/ServBay/www/pesantren-multi-client/vendor/laravel/framework/src/Illuminate/Pipeline/Pipeline.php(219): Illuminate/Cookie/Middleware/EncryptCookies->handle(Object(Illuminate/Http/Request), Object(Closure))
#28 D:/ServBay/www/pesantren-multi-client/vendor/laravel/framework/src/Illuminate/Pipeline/Pipeline.php(137): Illuminate/Pipeline/Pipeline->Illuminate/Pipeline/{closure}(Object(Illuminate/Http/Request))
#29 D:/ServBay/www/pesantren-multi-client/vendor/laravel/framework/src/Illuminate/Routing/Router.php(821): Illuminate/Pipeline/Pipeline->then(Object(Closure))
#30 D:/ServBay/www/pesantren-multi-client/vendor/laravel/framework/src/Illuminate/Routing/Router.php(800): Illuminate/Routing/Router->runRouteWithinStack(Object(Illuminate/Routing/Route), Object(Illuminate/Http/Request))
#31 D:/ServBay/www/pesantren-multi-client/vendor/laravel/framework/src/Illuminate/Routing/Router.php(764): Illuminate/Routing/Router->runRoute(Object(Illuminate/Http/Request), Object(Illuminate/Routing/Route))
#32 D:/ServBay/www/pesantren-multi-client/vendor/laravel/framework/src/Illuminate/Routing/Router.php(753): Illuminate/Routing/Router->dispatchToRoute(Object(Illuminate/Http/Request))
#33 D:/ServBay/www/pesantren-multi-client/vendor/laravel/framework/src/Illuminate/Foundation/Http/Kernel.php(200): Illuminate/Routing/Router->dispatch(Object(Illuminate/Http/Request))
#34 D:/ServBay/www/pesantren-multi-client/vendor/laravel/framework/src/Illuminate/Pipeline/Pipeline.php(180): Illuminate/Foundation/Http/Kernel->Illuminate/Foundation/Http/{closure}(Object(Illuminate/Http/Request))
#35 D:/ServBay/www/pesantren-multi-client/vendor/laravel/framework/src/Illuminate/Foundation/Http/Middleware/TransformsRequest.php(21): Illuminate/Pipeline/Pipeline->Illuminate/Pipeline/{closure}(Object(Illuminate/Http/Request))
#36 D:/ServBay/www/pesantren-multi-client/vendor/laravel/framework/src/Illuminate/Foundation/Http/Middleware/ConvertEmptyStringsToNull.php(31): Illuminate/Foundation/Http/Middleware/TransformsRequest->handle(Object(Illuminate/Http/Request), Object(Closure))
#37 D:/ServBay/www/pesantren-multi-client/vendor/laravel/framework/src/Illuminate/Pipeline/Pipeline.php(219): Illuminate/Foundation/Http/Middleware/ConvertEmptyStringsToNull->handle(Object(Illuminate/Http/Request), Object(Closure))
#38 D:/ServBay/www/pesantren-multi-client/vendor/laravel/framework/src/Illuminate/Foundation/Http/Middleware/TransformsRequest.php(21): Illuminate/Pipeline/Pipeline->Illuminate/Pipeline/{closure}(Object(Illuminate/Http/Request))
#39 D:/ServBay/www/pesantren-multi-client/vendor/laravel/framework/src/Illuminate/Foundation/Http/Middleware/TrimStrings.php(51): Illuminate/Foundation/Http/Middleware/TransformsRequest->handle(Object(Illuminate/Http/Request), Object(Closure))
#40 D:/ServBay/www/pesantren-multi-client/vendor/laravel/framework/src/Illuminate/Pipeline/Pipeline.php(219): Illuminate/Foundation/Http/Middleware/TrimStrings->handle(Object(Illuminate/Http/Request), Object(Closure))
#41 D:/ServBay/www/pesantren-multi-client/vendor/laravel/framework/src/Illuminate/Http/Middleware/ValidatePostSize.php(27): Illuminate/Pipeline/Pipeline->Illuminate/Pipeline/{closure}(Object(Illuminate/Http/Request))
#42 D:/ServBay/www/pesantren-multi-client/vendor/laravel/framework/src/Illuminate/Pipeline/Pipeline.php(219): Illuminate/Http/Middleware/ValidatePostSize->handle(Object(Illuminate/Http/Request), Object(Closure))
#43 D:/ServBay/www/pesantren-multi-client/vendor/laravel/framework/src/Illuminate/Foundation/Http/Middleware/PreventRequestsDuringMaintenance.php(110): Illuminate/Pipeline/Pipeline->Illuminate/Pipeline/{closure}(Object(Illuminate/Http/Request))
#44 D:/ServBay/www/pesantren-multi-client/vendor/laravel/framework/src/Illuminate/Pipeline/Pipeline.php(219): Illuminate/Foundation/Http/Middleware/PreventRequestsDuringMaintenance->handle(Object(Illuminate/Http/Request), Object(Closure))
#45 D:/ServBay/www/pesantren-multi-client/vendor/laravel/framework/src/Illuminate/Http/Middleware/HandleCors.php(61): Illuminate/Pipeline/Pipeline->Illuminate/Pipeline/{closure}(Object(Illuminate/Http/Request))
#46 D:/ServBay/www/pesantren-multi-client/vendor/laravel/framework/src/Illuminate/Pipeline/Pipeline.php(219): Illuminate/Http/Middleware/HandleCors->handle(Object(Illuminate/Http/Request), Object(Closure))
#47 D:/ServBay/www/pesantren-multi-client/vendor/laravel/framework/src/Illuminate/Http/Middleware/TrustProxies.php(58): Illuminate/Pipeline/Pipeline->Illuminate/Pipeline/{closure}(Object(Illuminate/Http/Request))
#48 D:/ServBay/www/pesantren-multi-client/vendor/laravel/framework/src/Illuminate/Pipeline/Pipeline.php(219): Illuminate/Http/Middleware/TrustProxies->handle(Object(Illuminate/Http/Request), Object(Closure))
#49 D:/ServBay/www/pesantren-multi-client/vendor/laravel/framework/src/Illuminate/Foundation/Http/Middleware/InvokeDeferredCallbacks.php(22): Illuminate/Pipeline/Pipeline->Illuminate/Pipeline/{closure}(Object(Illuminate/Http/Request))
#50 D:/ServBay/www/pesantren-multi-client/vendor/laravel/framework/src/Illuminate/Pipeline/Pipeline.php(219): Illuminate/Foundation/Http/Middleware/InvokeDeferredCallbacks->handle(Object(Illuminate/Http/Request), Object(Closure))
#51 D:/ServBay/www/pesantren-multi-client/vendor/laravel/framework/src/Illuminate/Http/Middleware/ValidatePathEncoding.php(28): Illuminate/Pipeline/Pipeline->Illuminate/Pipeline/{closure}(Object(Illuminate/Http/Request))
#52 D:/ServBay/www/pesantren-multi-client/vendor/laravel/framework/src/Illuminate/Pipeline/Pipeline.php(219): Illuminate/Http/Middleware/ValidatePathEncoding->handle(Object(Illuminate/Http/Request), Object(Closure))
#53 D:/ServBay/www/pesantren-multi-client/vendor/laravel/framework/src/Illuminate/Pipeline/Pipeline.php(137): Illuminate/Pipeline/Pipeline->Illuminate/Pipeline/{closure}(Object(Illuminate/Http/Request))
#54 D:/ServBay/www/pesantren-multi-client/vendor/laravel/framework/src/Illuminate/Foundation/Http/Kernel.php(175): Illuminate/Pipeline/Pipeline->then(Object(Closure))
#55 D:/ServBay/www/pesantren-multi-client/vendor/laravel/framework/src/Illuminate/Foundation/Http/Kernel.php(144): Illuminate/Foundation/Http/Kernel->sendRequestThroughRouter(Object(Illuminate/Http/Request))
#56 D:/ServBay/www/pesantren-multi-client/vendor/laravel/framework/src/Illuminate/Foundation/Application.php(1227): Illuminate/Foundation/Http/Kernel->handle(Object(Illuminate/Http/Request))
#57 D:/ServBay/www/pesantren-multi-client/public/index.php(20): Illuminate/Foundation/Application->handleRequest(Object(Illuminate/Http/Request))
#58 D:/ServBay/www/pesantren-multi-client/vendor/laravel/framework/src/Illuminate/Foundation/resources/server.php(23): require_once('D://ServBay//www//...')
#59 {main}
"} 
[2026-09-23 03:06:38] local.ERROR: View [auth.login] not found. {"exception":"[object] (InvalidArgumentException(code: 0): View [auth.login] not found. at D:/ServBay/www/pesantren-multi-client/vendor/laravel/framework/src/Illuminate/View/FileViewFinder.php:138)
[stacktrace]
#0 D:/ServBay/www/pesantren-multi-client/vendor/laravel/framework/src/Illuminate/View/FileViewFinder.php(78): Illuminate/View/FileViewFinder->findInPaths('auth.login', Array)
#1 D:/ServBay/www/pesantren-multi-client/vendor/laravel/framework/src/Illuminate/View/Factory.php(150): Illuminate/View/FileViewFinder->find('auth.login')
#2 D:/ServBay/www/pesantren-multi-client/vendor/laravel/framework/src/Illuminate/Foundation/helpers.php(1101): Illuminate/View/Factory->make('auth.login', Array, Array)
#3 D:/ServBay/www/pesantren-multi-client/app/Providers/FortifyServiceProvider.php(34): view('auth.login')
#4 [internal function]: App/Providers/FortifyServiceProvider->App/Providers/{closure}(Object(Illuminate/Http/Request))
#5 D:/ServBay/www/pesantren-multi-client/vendor/laravel/fortify/src/Http/Responses/SimpleViewResponse.php(53): call_user_func(Object(Closure), Object(Illuminate/Http/Request))
#6 D:/ServBay/www/pesantren-multi-client/vendor/laravel/framework/src/Illuminate/Routing/Router.php(921): Laravel/Fortify/Http/Responses/SimpleViewResponse->toResponse(Object(Illuminate/Http/Request))
#7 D:/ServBay/www/pesantren-multi-client/vendor/laravel/framework/src/Illuminate/Routing/Router.php(906): Illuminate/Routing/Router::toResponse(Object(Illuminate/Http/Request), Object(Laravel/Fortify/Http/Responses/SimpleViewResponse))
#8 D:/ServBay/www/pesantren-multi-client/vendor/laravel/framework/src/Illuminate/Routing/Router.php(821): Illuminate/Routing/Router->prepareResponse(Object(Illuminate/Http/Request), Object(Laravel/Fortify/Http/Responses/SimpleViewResponse))
#9 D:/ServBay/www/pesantren-multi-client/vendor/laravel/framework/src/Illuminate/Pipeline/Pipeline.php(180): Illuminate/Routing/Router->Illuminate/Routing/{closure}(Object(Illuminate/Http/Request))
#10 D:/ServBay/www/pesantren-multi-client/vendor/laravel/framework/src/Illuminate/Auth/Middleware/RedirectIfAuthenticated.php(47): Illuminate/Pipeline/Pipeline->Illuminate/Pipeline/{closure}(Object(Illuminate/Http/Request))
#11 D:/ServBay/www/pesantren-multi-client/vendor/laravel/framework/src/Illuminate/Pipeline/Pipeline.php(219): Illuminate/Auth/Middleware/RedirectIfAuthenticated->handle(Object(Illuminate/Http/Request), Object(Closure), 'web')
#12 D:/ServBay/www/pesantren-multi-client/vendor/laravel/framework/src/Illuminate/Routing/Middleware/SubstituteBindings.php(52): Illuminate/Pipeline/Pipeline->Illuminate/Pipeline/{closure}(Object(Illuminate/Http/Request))
#13 D:/ServBay/www/pesantren-multi-client/vendor/laravel/framework/src/Illuminate/Pipeline/Pipeline.php(219): Illuminate/Routing/Middleware/SubstituteBindings->handle(Object(Illuminate/Http/Request), Object(Closure))
#14 D:/ServBay/www/pesantren-multi-client/vendor/laravel/framework/src/Illuminate/Foundation/Http/Middleware/PreventRequestForgery.php(104): Illuminate/Pipeline/Pipeline->Illuminate/Pipeline/{closure}(Object(Illuminate/Http/Request))
#15 D:/ServBay/www/pesantren-multi-client/vendor/laravel/framework/src/Illuminate/Pipeline/Pipeline.php(219): Illuminate/Foundation/Http/Middleware/PreventRequestForgery->handle(Object(Illuminate/Http/Request), Object(Closure))
#16 D:/ServBay/www/pesantren-multi-client/vendor/laravel/framework/src/Illuminate/View/Middleware/ShareErrorsFromSession.php(48): Illuminate/Pipeline/Pipeline->Illuminate/Pipeline/{closure}(Object(Illuminate/Http/Request))
#17 D:/ServBay/www/pesantren-multi-client/vendor/laravel/framework/src/Illuminate/Pipeline/Pipeline.php(219): Illuminate/View/Middleware/ShareErrorsFromSession->handle(Object(Illuminate/Http/Request), Object(Closure))
#18 D:/ServBay/www/pesantren-multi-client/vendor/laravel/framework/src/Illuminate/Session/Middleware/StartSession.php(120): Illuminate/Pipeline/Pipeline->Illuminate/Pipeline/{closure}(Object(Illuminate/Http/Request))
#19 D:/ServBay/www/pesantren-multi-client/vendor/laravel/framework/src/Illuminate/Session/Middleware/StartSession.php(63): Illuminate/Session/Middleware/StartSession->handleStatefulRequest(Object(Illuminate/Http/Request), Object(Illuminate/Session/Store), Object(Closure))
#20 D:/ServBay/www/pesantren-multi-client/vendor/laravel/framework/src/Illuminate/Pipeline/Pipeline.php(219): Illuminate/Session/Middleware/StartSession->handle(Object(Illuminate/Http/Request), Object(Closure))
#21 D:/ServBay/www/pesantren-multi-client/vendor/laravel/framework/src/Illuminate/Cookie/Middleware/AddQueuedCookiesToResponse.php(36): Illuminate/Pipeline/Pipeline->Illuminate/Pipeline/{closure}(Object(Illuminate/Http/Request))
#22 D:/ServBay/www/pesantren-multi-client/vendor/laravel/framework/src/Illuminate/Pipeline/Pipeline.php(219): Illuminate/Cookie/Middleware/AddQueuedCookiesToResponse->handle(Object(Illuminate/Http/Request), Object(Closure))
#23 D:/ServBay/www/pesantren-multi-client/vendor/laravel/framework/src/Illuminate/Cookie/Middleware/EncryptCookies.php(74): Illuminate/Pipeline/Pipeline->Illuminate/Pipeline/{closure}(Object(Illuminate/Http/Request))
#24 D:/ServBay/www/pesantren-multi-client/vendor/laravel/framework/src/Illuminate/Pipeline/Pipeline.php(219): Illuminate/Cookie/Middleware/EncryptCookies->handle(Object(Illuminate/Http/Request), Object(Closure))
#25 D:/ServBay/www/pesantren-multi-client/vendor/laravel/framework/src/Illuminate/Pipeline/Pipeline.php(137): Illuminate/Pipeline/Pipeline->Illuminate/Pipeline/{closure}(Object(Illuminate/Http/Request))
#26 D:/ServBay/www/pesantren-multi-client/vendor/laravel/framework/src/Illuminate/Routing/Router.php(821): Illuminate/Pipeline/Pipeline->then(Object(Closure))
#27 D:/ServBay/www/pesantren-multi-client/vendor/laravel/framework/src/Illuminate/Routing/Router.php(800): Illuminate/Routing/Router->runRouteWithinStack(Object(Illuminate/Routing/Route), Object(Illuminate/Http/Request))
#28 D:/ServBay/www/pesantren-multi-client/vendor/laravel/framework/src/Illuminate/Routing/Router.php(764): Illuminate/Routing/Router->runRoute(Object(Illuminate/Http/Request), Object(Illuminate/Routing/Route))
#29 D:/ServBay/www/pesantren-multi-client/vendor/laravel/framework/src/Illuminate/Routing/Router.php(753): Illuminate/Routing/Router->dispatchToRoute(Object(Illuminate/Http/Request))
#30 D:/ServBay/www/pesantren-multi-client/vendor/laravel/framework/src/Illuminate/Foundation/Http/Kernel.php(200): Illuminate/Routing/Router->dispatch(Object(Illuminate/Http/Request))
#31 D:/ServBay/www/pesantren-multi-client/vendor/laravel/framework/src/Illuminate/Pipeline/Pipeline.php(180): Illuminate/Foundation/Http/Kernel->Illuminate/Foundation/Http/{closure}(Object(Illuminate/Http/Request))
#32 D:/ServBay/www/pesantren-multi-client/vendor/laravel/framework/src/Illuminate/Foundation/Http/Middleware/TransformsRequest.php(21): Illuminate/Pipeline/Pipeline->Illuminate/Pipeline/{closure}(Object(Illuminate/Http/Request))
#33 D:/ServBay/www/pesantren-multi-client/vendor/laravel/framework/src/Illuminate/Foundation/Http/Middleware/ConvertEmptyStringsToNull.php(31): Illuminate/Foundation/Http/Middleware/TransformsRequest->handle(Object(Illuminate/Http/Request), Object(Closure))
#34 D:/ServBay/www/pesantren-multi-client/vendor/laravel/framework/src/Illuminate/Pipeline/Pipeline.php(219): Illuminate/Foundation/Http/Middleware/ConvertEmptyStringsToNull->handle(Object(Illuminate/Http/Request), Object(Closure))
#35 D:/ServBay/www/pesantren-multi-client/vendor/laravel/framework/src/Illuminate/Foundation/Http/Middleware/TransformsRequest.php(21): Illuminate/Pipeline/Pipeline->Illuminate/Pipeline/{closure}(Object(Illuminate/Http/Request))
#36 D:/ServBay/www/pesantren-multi-client/vendor/laravel/framework/src/Illuminate/Foundation/Http/Middleware/TrimStrings.php(51): Illuminate/Foundation/Http/Middleware/TransformsRequest->handle(Object(Illuminate/Http/Request), Object(Closure))
#37 D:/ServBay/www/pesantren-multi-client/vendor/laravel/framework/src/Illuminate/Pipeline/Pipeline.php(219): Illuminate/Foundation/Http/Middleware/TrimStrings->handle(Object(Illuminate/Http/Request), Object(Closure))
#38 D:/ServBay/www/pesantren-multi-client/vendor/laravel/framework/src/Illuminate/Http/Middleware/ValidatePostSize.php(27): Illuminate/Pipeline/Pipeline->Illuminate/Pipeline/{closure}(Object(Illuminate/Http/Request))
#39 D:/ServBay/www/pesantren-multi-client/vendor/laravel/framework/src/Illuminate/Pipeline/Pipeline.php(219): Illuminate/Http/Middleware/ValidatePostSize->handle(Object(Illuminate/Http/Request), Object(Closure))
#40 D:/ServBay/www/pesantren-multi-client/vendor/laravel/framework/src/Illuminate/Foundation/Http/Middleware/PreventRequestsDuringMaintenance.php(110): Illuminate/Pipeline/Pipeline->Illuminate/Pipeline/{closure}(Object(Illuminate/Http/Request))
#41 D:/ServBay/www/pesantren-multi-client/vendor/laravel/framework/src/Illuminate/Pipeline/Pipeline.php(219): Illuminate/Foundation/Http/Middleware/PreventRequestsDuringMaintenance->handle(Object(Illuminate/Http/Request), Object(Closure))
#42 D:/ServBay/www/pesantren-multi-client/vendor/laravel/framework/src/Illuminate/Http/Middleware/HandleCors.php(61): Illuminate/Pipeline/Pipeline->Illuminate/Pipeline/{closure}(Object(Illuminate/Http/Request))
#43 D:/ServBay/www/pesantren-multi-client/vendor/laravel/framework/src/Illuminate/Pipeline/Pipeline.php(219): Illuminate/Http/Middleware/HandleCors->handle(Object(Illuminate/Http/Request), Object(Closure))
#44 D:/ServBay/www/pesantren-multi-client/vendor/laravel/framework/src/Illuminate/Http/Middleware/TrustProxies.php(58): Illuminate/Pipeline/Pipeline->Illuminate/Pipeline/{closure}(Object(Illuminate/Http/Request))
#45 D:/ServBay/www/pesantren-multi-client/vendor/laravel/framework/src/Illuminate/Pipeline/Pipeline.php(219): Illuminate/Http/Middleware/TrustProxies->handle(Object(Illuminate/Http/Request), Object(Closure))
#46 D:/ServBay/www/pesantren-multi-client/vendor/laravel/framework/src/Illuminate/Foundation/Http/Middleware/InvokeDeferredCallbacks.php(22): Illuminate/Pipeline/Pipeline->Illuminate/Pipeline/{closure}(Object(Illuminate/Http/Request))
#47 D:/ServBay/www/pesantren-multi-client/vendor/laravel/framework/src/Illuminate/Pipeline/Pipeline.php(219): Illuminate/Foundation/Http/Middleware/InvokeDeferredCallbacks->handle(Object(Illuminate/Http/Request), Object(Closure))
#48 D:/ServBay/www/pesantren-multi-client/vendor/laravel/framework/src/Illuminate/Http/Middleware/ValidatePathEncoding.php(28): Illuminate/Pipeline/Pipeline->Illuminate/Pipeline/{closure}(Object(Illuminate/Http/Request))
#49 D:/ServBay/www/pesantren-multi-client/vendor/laravel/framework/src/Illuminate/Pipeline/Pipeline.php(219): Illuminate/Http/Middleware/ValidatePathEncoding->handle(Object(Illuminate/Http/Request), Object(Closure))
#50 D:/ServBay/www/pesantren-multi-client/vendor/laravel/framework/src/Illuminate/Pipeline/Pipeline.php(137): Illuminate/Pipeline/Pipeline->Illuminate/Pipeline/{closure}(Object(Illuminate/Http/Request))
#51 D:/ServBay/www/pesantren-multi-client/vendor/laravel/framework/src/Illuminate/Foundation/Http/Kernel.php(175): Illuminate/Pipeline/Pipeline->then(Object(Closure))
#52 D:/ServBay/www/pesantren-multi-client/vendor/laravel/framework/src/Illuminate/Foundation/Http/Kernel.php(144): Illuminate/Foundation/Http/Kernel->sendRequestThroughRouter(Object(Illuminate/Http/Request))
#53 D:/ServBay/www/pesantren-multi-client/vendor/laravel/framework/src/Illuminate/Foundation/Application.php(1227): Illuminate/Foundation/Http/Kernel->handle(Object(Illuminate/Http/Request))
#54 D:/ServBay/www/pesantren-multi-client/public/index.php(20): Illuminate/Foundation/Application->handleRequest(Object(Illuminate/Http/Request))
#55 D:/ServBay/www/pesantren-multi-client/vendor/laravel/framework/src/Illuminate/Foundation/resources/server.php(23): require_once('D://ServBay//www//...')
#56 {main}
"} 
[2026-09-23 03:06:39] local.ERROR: View [auth.login] not found. {"exception":"[object] (InvalidArgumentException(code: 0): View [auth.login] not found. at D:/ServBay/www/pesantren-multi-client/vendor/laravel/framework/src/Illuminate/View/FileViewFinder.php:138)
[stacktrace]
#0 D:/ServBay/www/pesantren-multi-client/vendor/laravel/framework/src/Illuminate/View/FileViewFinder.php(78): Illuminate/View/FileViewFinder->findInPaths('auth.login', Array)
#1 D:/ServBay/www/pesantren-multi-client/vendor/laravel/framework/src/Illuminate/View/Factory.php(150): Illuminate/View/FileViewFinder->find('auth.login')
#2 D:/ServBay/www/pesantren-multi-client/vendor/laravel/framework/src/Illuminate/Foundation/helpers.php(1101): Illuminate/View/Factory->make('auth.login', Array, Array)
#3 D:/ServBay/www/pesantren-multi-client/app/Providers/FortifyServiceProvider.php(34): view('auth.login')
#4 [internal function]: App/Providers/FortifyServiceProvider->App/Providers/{closure}(Object(Illuminate/Http/Request))
#5 D:/ServBay/www/pesantren-multi-client/vendor/laravel/fortify/src/Http/Responses/SimpleViewResponse.php(53): call_user_func(Object(Closure), Object(Illuminate/Http/Request))
#6 D:/ServBay/www/pesantren-multi-client/vendor/laravel/framework/src/Illuminate/Routing/Router.php(921): Laravel/Fortify/Http/Responses/SimpleViewResponse->toResponse(Object(Illuminate/Http/Request))
#7 D:/ServBay/www/pesantren-multi-client/vendor/laravel/framework/src/Illuminate/Routing/Router.php(906): Illuminate/Routing/Router::toResponse(Object(Illuminate/Http/Request), Object(Laravel/Fortify/Http/Responses/SimpleViewResponse))
#8 D:/ServBay/www/pesantren-multi-client/vendor/laravel/framework/src/Illuminate/Routing/Router.php(821): Illuminate/Routing/Router->prepareResponse(Object(Illuminate/Http/Request), Object(Laravel/Fortify/Http/Responses/SimpleViewResponse))
#9 D:/ServBay/www/pesantren-multi-client/vendor/laravel/framework/src/Illuminate/Pipeline/Pipeline.php(180): Illuminate/Routing/Router->Illuminate/Routing/{closure}(Object(Illuminate/Http/Request))
#10 D:/ServBay/www/pesantren-multi-client/vendor/laravel/framework/src/Illuminate/Auth/Middleware/RedirectIfAuthenticated.php(47): Illuminate/Pipeline/Pipeline->Illuminate/Pipeline/{closure}(Object(Illuminate/Http/Request))
#11 D:/ServBay/www/pesantren-multi-client/vendor/laravel/framework/src/Illuminate/Pipeline/Pipeline.php(219): Illuminate/Auth/Middleware/RedirectIfAuthenticated->handle(Object(Illuminate/Http/Request), Object(Closure), 'web')
#12 D:/ServBay/www/pesantren-multi-client/vendor/laravel/framework/src/Illuminate/Routing/Middleware/SubstituteBindings.php(52): Illuminate/Pipeline/Pipeline->Illuminate/Pipeline/{closure}(Object(Illuminate/Http/Request))
#13 D:/ServBay/www/pesantren-multi-client/vendor/laravel/framework/src/Illuminate/Pipeline/Pipeline.php(219): Illuminate/Routing/Middleware/SubstituteBindings->handle(Object(Illuminate/Http/Request), Object(Closure))
#14 D:/ServBay/www/pesantren-multi-client/vendor/laravel/framework/src/Illuminate/Foundation/Http/Middleware/PreventRequestForgery.php(104): Illuminate/Pipeline/Pipeline->Illuminate/Pipeline/{closure}(Object(Illuminate/Http/Request))
#15 D:/ServBay/www/pesantren-multi-client/vendor/laravel/framework/src/Illuminate/Pipeline/Pipeline.php(219): Illuminate/Foundation/Http/Middleware/PreventRequestForgery->handle(Object(Illuminate/Http/Request), Object(Closure))
#16 D:/ServBay/www/pesantren-multi-client/vendor/laravel/framework/src/Illuminate/View/Middleware/ShareErrorsFromSession.php(48): Illuminate/Pipeline/Pipeline->Illuminate/Pipeline/{closure}(Object(Illuminate/Http/Request))
#17 D:/ServBay/www/pesantren-multi-client/vendor/laravel/framework/src/Illuminate/Pipeline/Pipeline.php(219): Illuminate/View/Middleware/ShareErrorsFromSession->handle(Object(Illuminate/Http/Request), Object(Closure))
#18 D:/ServBay/www/pesantren-multi-client/vendor/laravel/framework/src/Illuminate/Session/Middleware/StartSession.php(120): Illuminate/Pipeline/Pipeline->Illuminate/Pipeline/{closure}(Object(Illuminate/Http/Request))
#19 D:/ServBay/www/pesantren-multi-client/vendor/laravel/framework/src/Illuminate/Session/Middleware/StartSession.php(63): Illuminate/Session/Middleware/StartSession->handleStatefulRequest(Object(Illuminate/Http/Request), Object(Illuminate/Session/Store), Object(Closure))
#20 D:/ServBay/www/pesantren-multi-client/vendor/laravel/framework/src/Illuminate/Pipeline/Pipeline.php(219): Illuminate/Session/Middleware/StartSession->handle(Object(Illuminate/Http/Request), Object(Closure))
#21 D:/ServBay/www/pesantren-multi-client/vendor/laravel/framework/src/Illuminate/Cookie/Middleware/AddQueuedCookiesToResponse.php(36): Illuminate/Pipeline/Pipeline->Illuminate/Pipeline/{closure}(Object(Illuminate/Http/Request))
#22 D:/ServBay/www/pesantren-multi-client/vendor/laravel/framework/src/Illuminate/Pipeline/Pipeline.php(219): Illuminate/Cookie/Middleware/AddQueuedCookiesToResponse->handle(Object(Illuminate/Http/Request), Object(Closure))
#23 D:/ServBay/www/pesantren-multi-client/vendor/laravel/framework/src/Illuminate/Cookie/Middleware/EncryptCookies.php(74): Illuminate/Pipeline/Pipeline->Illuminate/Pipeline/{closure}(Object(Illuminate/Http/Request))
#24 D:/ServBay/www/pesantren-multi-client/vendor/laravel/framework/src/Illuminate/Pipeline/Pipeline.php(219): Illuminate/Cookie/Middleware/EncryptCookies->handle(Object(Illuminate/Http/Request), Object(Closure))
#25 D:/ServBay/www/pesantren-multi-client/vendor/laravel/framework/src/Illuminate/Pipeline/Pipeline.php(137): Illuminate/Pipeline/Pipeline->Illuminate/Pipeline/{closure}(Object(Illuminate/Http/Request))
#26 D:/ServBay/www/pesantren-multi-client/vendor/laravel/framework/src/Illuminate/Routing/Router.php(821): Illuminate/Pipeline/Pipeline->then(Object(Closure))
#27 D:/ServBay/www/pesantren-multi-client/vendor/laravel/framework/src/Illuminate/Routing/Router.php(800): Illuminate/Routing/Router->runRouteWithinStack(Object(Illuminate/Routing/Route), Object(Illuminate/Http/Request))
#28 D:/ServBay/www/pesantren-multi-client/vendor/laravel/framework/src/Illuminate/Routing/Router.php(764): Illuminate/Routing/Router->runRoute(Object(Illuminate/Http/Request), Object(Illuminate/Routing/Route))
#29 D:/ServBay/www/pesantren-multi-client/vendor/laravel/framework/src/Illuminate/Routing/Router.php(753): Illuminate/Routing/Router->dispatchToRoute(Object(Illuminate/Http/Request))
#30 D:/ServBay/www/pesantren-multi-client/vendor/laravel/framework/src/Illuminate/Foundation/Http/Kernel.php(200): Illuminate/Routing/Router->dispatch(Object(Illuminate/Http/Request))
#31 D:/ServBay/www/pesantren-multi-client/vendor/laravel/framework/src/Illuminate/Pipeline/Pipeline.php(180): Illuminate/Foundation/Http/Kernel->Illuminate/Foundation/Http/{closure}(Object(Illuminate/Http/Request))
#32 D:/ServBay/www/pesantren-multi-client/vendor/laravel/framework/src/Illuminate/Foundation/Http/Middleware/TransformsRequest.php(21): Illuminate/Pipeline/Pipeline->Illuminate/Pipeline/{closure}(Object(Illuminate/Http/Request))
#33 D:/ServBay/www/pesantren-multi-client/vendor/laravel/framework/src/Illuminate/Foundation/Http/Middleware/ConvertEmptyStringsToNull.php(31): Illuminate/Foundation/Http/Middleware/TransformsRequest->handle(Object(Illuminate/Http/Request), Object(Closure))
#34 D:/ServBay/www/pesantren-multi-client/vendor/laravel/framework/src/Illuminate/Pipeline/Pipeline.php(219): Illuminate/Foundation/Http/Middleware/ConvertEmptyStringsToNull->handle(Object(Illuminate/Http/Request), Object(Closure))
#35 D:/ServBay/www/pesantren-multi-client/vendor/laravel/framework/src/Illuminate/Foundation/Http/Middleware/TransformsRequest.php(21): Illuminate/Pipeline/Pipeline->Illuminate/Pipeline/{closure}(Object(Illuminate/Http/Request))
#36 D:/ServBay/www/pesantren-multi-client/vendor/laravel/framework/src/Illuminate/Foundation/Http/Middleware/TrimStrings.php(51): Illuminate/Foundation/Http/Middleware/TransformsRequest->handle(Object(Illuminate/Http/Request), Object(Closure))
#37 D:/ServBay/www/pesantren-multi-client/vendor/laravel/framework/src/Illuminate/Pipeline/Pipeline.php(219): Illuminate/Foundation/Http/Middleware/TrimStrings->handle(Object(Illuminate/Http/Request), Object(Closure))
#38 D:/ServBay/www/pesantren-multi-client/vendor/laravel/framework/src/Illuminate/Http/Middleware/ValidatePostSize.php(27): Illuminate/Pipeline/Pipeline->Illuminate/Pipeline/{closure}(Object(Illuminate/Http/Request))
#39 D:/ServBay/www/pesantren-multi-client/vendor/laravel/framework/src/Illuminate/Pipeline/Pipeline.php(219): Illuminate/Http/Middleware/ValidatePostSize->handle(Object(Illuminate/Http/Request), Object(Closure))
#40 D:/ServBay/www/pesantren-multi-client/vendor/laravel/framework/src/Illuminate/Foundation/Http/Middleware/PreventRequestsDuringMaintenance.php(110): Illuminate/Pipeline/Pipeline->Illuminate/Pipeline/{closure}(Object(Illuminate/Http/Request))
#41 D:/ServBay/www/pesantren-multi-client/vendor/laravel/framework/src/Illuminate/Pipeline/Pipeline.php(219): Illuminate/Foundation/Http/Middleware/PreventRequestsDuringMaintenance->handle(Object(Illuminate/Http/Request), Object(Closure))
#42 D:/ServBay/www/pesantren-multi-client/vendor/laravel/framework/src/Illuminate/Http/Middleware/HandleCors.php(61): Illuminate/Pipeline/Pipeline->Illuminate/Pipeline/{closure}(Object(Illuminate/Http/Request))
#43 D:/ServBay/www/pesantren-multi-client/vendor/laravel/framework/src/Illuminate/Pipeline/Pipeline.php(219): Illuminate/Http/Middleware/HandleCors->handle(Object(Illuminate/Http/Request), Object(Closure))
#44 D:/ServBay/www/pesantren-multi-client/vendor/laravel/framework/src/Illuminate/Http/Middleware/TrustProxies.php(58): Illuminate/Pipeline/Pipeline->Illuminate/Pipeline/{closure}(Object(Illuminate/Http/Request))
#45 D:/ServBay/www/pesantren-multi-client/vendor/laravel/framework/src/Illuminate/Pipeline/Pipeline.php(219): Illuminate/Http/Middleware/TrustProxies->handle(Object(Illuminate/Http/Request), Object(Closure))
#46 D:/ServBay/www/pesantren-multi-client/vendor/laravel/framework/src/Illuminate/Foundation/Http/Middleware/InvokeDeferredCallbacks.php(22): Illuminate/Pipeline/Pipeline->Illuminate/Pipeline/{closure}(Object(Illuminate/Http/Request))
#47 D:/ServBay/www/pesantren-multi-client/vendor/laravel/framework/src/Illuminate/Pipeline/Pipeline.php(219): Illuminate/Foundation/Http/Middleware/InvokeDeferredCallbacks->handle(Object(Illuminate/Http/Request), Object(Closure))
#48 D:/ServBay/www/pesantren-multi-client/vendor/laravel/framework/src/Illuminate/Http/Middleware/ValidatePathEncoding.php(28): Illuminate/Pipeline/Pipeline->Illuminate/Pipeline/{closure}(Object(Illuminate/Http/Request))
#49 D:/ServBay/www/pesantren-multi-client/vendor/laravel/framework/src/Illuminate/Pipeline/Pipeline.php(219): Illuminate/Http/Middleware/ValidatePathEncoding->handle(Object(Illuminate/Http/Request), Object(Closure))
#50 D:/ServBay/www/pesantren-multi-client/vendor/laravel/framework/src/Illuminate/Pipeline/Pipeline.php(137): Illuminate/Pipeline/Pipeline->Illuminate/Pipeline/{closure}(Object(Illuminate/Http/Request))
#51 D:/ServBay/www/pesantren-multi-client/vendor/laravel/framework/src/Illuminate/Foundation/Http/Kernel.php(175): Illuminate/Pipeline/Pipeline->then(Object(Closure))
#52 D:/ServBay/www/pesantren-multi-client/vendor/laravel/framework/src/Illuminate/Foundation/Http/Kernel.php(144): Illuminate/Foundation/Http/Kernel->sendRequestThroughRouter(Object(Illuminate/Http/Request))
#53 D:/ServBay/www/pesantren-multi-client/vendor/laravel/framework/src/Illuminate/Foundation/Application.php(1227): Illuminate/Foundation/Http/Kernel->handle(Object(Illuminate/Http/Request))
#54 D:/ServBay/www/pesantren-multi-client/public/index.php(20): Illuminate/Foundation/Application->handleRequest(Object(Illuminate/Http/Request))
#55 D:/ServBay/www/pesantren-multi-client/vendor/laravel/framework/src/Illuminate/Foundation/resources/server.php(23): require_once('D://ServBay//www//...')
#56 {main}
"} 
[2026-09-23 03:09:18] local.ERROR: Unable to locate a class or view for component [layouts.guest]. {"exception":"[object] (InvalidArgumentException(code: 0): Unable to locate a class or view for component [layouts.guest]. at D:/ServBay/www/pesantren-multi-client/vendor/laravel/framework/src/Illuminate/View/Compilers/ComponentTagCompiler.php:315)
[stacktrace]
#0 D:/ServBay/www/pesantren-multi-client/vendor/laravel/framework/src/Illuminate/View/Compilers/ComponentTagCompiler.php(235): Illuminate/View/Compilers/ComponentTagCompiler->componentClass('layouts.guest')
#1 D:/ServBay/www/pesantren-multi-client/vendor/laravel/framework/src/Illuminate/View/Compilers/ComponentTagCompiler.php(156): Illuminate/View/Compilers/ComponentTagCompiler->componentString('layouts.guest', Array)
#2 [internal function]: Illuminate/View/Compilers/ComponentTagCompiler->Illuminate/View/Compilers/{closure}(Array)
#3 D:/ServBay/www/pesantren-multi-client/vendor/laravel/framework/src/Illuminate/View/Compilers/ComponentTagCompiler.php(151): preg_replace_callback('//n            <...', Object(Closure), '<x-layouts.gues...')
#4 D:/ServBay/www/pesantren-multi-client/vendor/laravel/framework/src/Illuminate/View/Compilers/ComponentTagCompiler.php(90): Illuminate/View/Compilers/ComponentTagCompiler->compileOpeningTags('<x-layouts.gues...')
#5 D:/ServBay/www/pesantren-multi-client/vendor/laravel/framework/src/Illuminate/View/Compilers/ComponentTagCompiler.php(76): Illuminate/View/Compilers/ComponentTagCompiler->compileTags('<x-layouts.gues...')
#6 D:/ServBay/www/pesantren-multi-client/vendor/laravel/framework/src/Illuminate/View/Compilers/BladeCompiler.php(464): Illuminate/View/Compilers/ComponentTagCompiler->compile('<x-layouts.gues...')
#7 D:/ServBay/www/pesantren-multi-client/vendor/laravel/framework/src/Illuminate/View/Compilers/BladeCompiler.php(296): Illuminate/View/Compilers/BladeCompiler->compileComponentTags('<x-layouts.gues...')
#8 D:/ServBay/www/pesantren-multi-client/vendor/laravel/framework/src/Illuminate/View/Compilers/BladeCompiler.php(188): Illuminate/View/Compilers/BladeCompiler->compileString('<x-layouts.gues...')
#9 D:/ServBay/www/pesantren-multi-client/vendor/laravel/framework/src/Illuminate/View/Engines/CompilerEngine.php(68): Illuminate/View/Compilers/BladeCompiler->compile('D://ServBay//www//...')
#10 D:/ServBay/www/pesantren-multi-client/vendor/laravel/framework/src/Illuminate/View/View.php(208): Illuminate/View/Engines/CompilerEngine->get('D://ServBay//www//...', Array)
#11 D:/ServBay/www/pesantren-multi-client/vendor/laravel/framework/src/Illuminate/View/View.php(191): Illuminate/View/View->getContents()
#12 D:/ServBay/www/pesantren-multi-client/vendor/laravel/framework/src/Illuminate/View/View.php(160): Illuminate/View/View->renderContents()
#13 D:/ServBay/www/pesantren-multi-client/vendor/laravel/framework/src/Illuminate/Http/Response.php(82): Illuminate/View/View->render()
#14 D:/ServBay/www/pesantren-multi-client/vendor/laravel/framework/src/Illuminate/Http/Response.php(40): Illuminate/Http/Response->setContent(Object(Illuminate/View/View))
#15 D:/ServBay/www/pesantren-multi-client/vendor/laravel/framework/src/Illuminate/Routing/Router.php(939): Illuminate/Http/Response->__construct(Object(Illuminate/View/View), 200, Array)
#16 D:/ServBay/www/pesantren-multi-client/vendor/laravel/framework/src/Illuminate/Routing/Router.php(906): Illuminate/Routing/Router::toResponse(Object(Illuminate/Http/Request), Object(Illuminate/View/View))
#17 D:/ServBay/www/pesantren-multi-client/vendor/laravel/framework/src/Illuminate/Routing/Router.php(821): Illuminate/Routing/Router->prepareResponse(Object(Illuminate/Http/Request), Object(Laravel/Fortify/Http/Responses/SimpleViewResponse))
#18 D:/ServBay/www/pesantren-multi-client/vendor/laravel/framework/src/Illuminate/Pipeline/Pipeline.php(180): Illuminate/Routing/Router->Illuminate/Routing/{closure}(Object(Illuminate/Http/Request))
#19 D:/ServBay/www/pesantren-multi-client/vendor/laravel/framework/src/Illuminate/Auth/Middleware/RedirectIfAuthenticated.php(47): Illuminate/Pipeline/Pipeline->Illuminate/Pipeline/{closure}(Object(Illuminate/Http/Request))
#20 D:/ServBay/www/pesantren-multi-client/vendor/laravel/framework/src/Illuminate/Pipeline/Pipeline.php(219): Illuminate/Auth/Middleware/RedirectIfAuthenticated->handle(Object(Illuminate/Http/Request), Object(Closure), 'web')
#21 D:/ServBay/www/pesantren-multi-client/vendor/laravel/framework/src/Illuminate/Routing/Middleware/SubstituteBindings.php(52): Illuminate/Pipeline/Pipeline->Illuminate/Pipeline/{closure}(Object(Illuminate/Http/Request))
#22 D:/ServBay/www/pesantren-multi-client/vendor/laravel/framework/src/Illuminate/Pipeline/Pipeline.php(219): Illuminate/Routing/Middleware/SubstituteBindings->handle(Object(Illuminate/Http/Request), Object(Closure))
#23 D:/ServBay/www/pesantren-multi-client/vendor/laravel/framework/src/Illuminate/Foundation/Http/Middleware/PreventRequestForgery.php(104): Illuminate/Pipeline/Pipeline->Illuminate/Pipeline/{closure}(Object(Illuminate/Http/Request))
#24 D:/ServBay/www/pesantren-multi-client/vendor/laravel/framework/src/Illuminate/Pipeline/Pipeline.php(219): Illuminate/Foundation/Http/Middleware/PreventRequestForgery->handle(Object(Illuminate/Http/Request), Object(Closure))
#25 D:/ServBay/www/pesantren-multi-client/vendor/laravel/framework/src/Illuminate/View/Middleware/ShareErrorsFromSession.php(48): Illuminate/Pipeline/Pipeline->Illuminate/Pipeline/{closure}(Object(Illuminate/Http/Request))
#26 D:/ServBay/www/pesantren-multi-client/vendor/laravel/framework/src/Illuminate/Pipeline/Pipeline.php(219): Illuminate/View/Middleware/ShareErrorsFromSession->handle(Object(Illuminate/Http/Request), Object(Closure))
#27 D:/ServBay/www/pesantren-multi-client/vendor/laravel/framework/src/Illuminate/Session/Middleware/StartSession.php(120): Illuminate/Pipeline/Pipeline->Illuminate/Pipeline/{closure}(Object(Illuminate/Http/Request))
#28 D:/ServBay/www/pesantren-multi-client/vendor/laravel/framework/src/Illuminate/Session/Middleware/StartSession.php(63): Illuminate/Session/Middleware/StartSession->handleStatefulRequest(Object(Illuminate/Http/Request), Object(Illuminate/Session/Store), Object(Closure))
#29 D:/ServBay/www/pesantren-multi-client/vendor/laravel/framework/src/Illuminate/Pipeline/Pipeline.php(219): Illuminate/Session/Middleware/StartSession->handle(Object(Illuminate/Http/Request), Object(Closure))
#30 D:/ServBay/www/pesantren-multi-client/vendor/laravel/framework/src/Illuminate/Cookie/Middleware/AddQueuedCookiesToResponse.php(36): Illuminate/Pipeline/Pipeline->Illuminate/Pipeline/{closure}(Object(Illuminate/Http/Request))
#31 D:/ServBay/www/pesantren-multi-client/vendor/laravel/framework/src/Illuminate/Pipeline/Pipeline.php(219): Illuminate/Cookie/Middleware/AddQueuedCookiesToResponse->handle(Object(Illuminate/Http/Request), Object(Closure))
#32 D:/ServBay/www/pesantren-multi-client/vendor/laravel/framework/src/Illuminate/Cookie/Middleware/EncryptCookies.php(74): Illuminate/Pipeline/Pipeline->Illuminate/Pipeline/{closure}(Object(Illuminate/Http/Request))
#33 D:/ServBay/www/pesantren-multi-client/vendor/laravel/framework/src/Illuminate/Pipeline/Pipeline.php(219): Illuminate/Cookie/Middleware/EncryptCookies->handle(Object(Illuminate/Http/Request), Object(Closure))
#34 D:/ServBay/www/pesantren-multi-client/vendor/laravel/framework/src/Illuminate/Pipeline/Pipeline.php(137): Illuminate/Pipeline/Pipeline->Illuminate/Pipeline/{closure}(Object(Illuminate/Http/Request))
#35 D:/ServBay/www/pesantren-multi-client/vendor/laravel/framework/src/Illuminate/Routing/Router.php(821): Illuminate/Pipeline/Pipeline->then(Object(Closure))
#36 D:/ServBay/www/pesantren-multi-client/vendor/laravel/framework/src/Illuminate/Routing/Router.php(800): Illuminate/Routing/Router->runRouteWithinStack(Object(Illuminate/Routing/Route), Object(Illuminate/Http/Request))
#37 D:/ServBay/www/pesantren-multi-client/vendor/laravel/framework/src/Illuminate/Routing/Router.php(764): Illuminate/Routing/Router->runRoute(Object(Illuminate/Http/Request), Object(Illuminate/Routing/Route))
#38 D:/ServBay/www/pesantren-multi-client/vendor/laravel/framework/src/Illuminate/Routing/Router.php(753): Illuminate/Routing/Router->dispatchToRoute(Object(Illuminate/Http/Request))
#39 D:/ServBay/www/pesantren-multi-client/vendor/laravel/framework/src/Illuminate/Foundation/Http/Kernel.php(200): Illuminate/Routing/Router->dispatch(Object(Illuminate/Http/Request))
#40 D:/ServBay/www/pesantren-multi-client/vendor/laravel/framework/src/Illuminate/Pipeline/Pipeline.php(180): Illuminate/Foundation/Http/Kernel->Illuminate/Foundation/Http/{closure}(Object(Illuminate/Http/Request))
#41 D:/ServBay/www/pesantren-multi-client/vendor/laravel/framework/src/Illuminate/Foundation/Http/Middleware/TransformsRequest.php(21): Illuminate/Pipeline/Pipeline->Illuminate/Pipeline/{closure}(Object(Illuminate/Http/Request))
#42 D:/ServBay/www/pesantren-multi-client/vendor/laravel/framework/src/Illuminate/Foundation/Http/Middleware/ConvertEmptyStringsToNull.php(31): Illuminate/Foundation/Http/Middleware/TransformsRequest->handle(Object(Illuminate/Http/Request), Object(Closure))
#43 D:/ServBay/www/pesantren-multi-client/vendor/laravel/framework/src/Illuminate/Pipeline/Pipeline.php(219): Illuminate/Foundation/Http/Middleware/ConvertEmptyStringsToNull->handle(Object(Illuminate/Http/Request), Object(Closure))
#44 D:/ServBay/www/pesantren-multi-client/vendor/laravel/framework/src/Illuminate/Foundation/Http/Middleware/TransformsRequest.php(21): Illuminate/Pipeline/Pipeline->Illuminate/Pipeline/{closure}(Object(Illuminate/Http/Request))
#45 D:/ServBay/www/pesantren-multi-client/vendor/laravel/framework/src/Illuminate/Foundation/Http/Middleware/TrimStrings.php(51): Illuminate/Foundation/Http/Middleware/TransformsRequest->handle(Object(Illuminate/Http/Request), Object(Closure))
#46 D:/ServBay/www/pesantren-multi-client/vendor/laravel/framework/src/Illuminate/Pipeline/Pipeline.php(219): Illuminate/Foundation/Http/Middleware/TrimStrings->handle(Object(Illuminate/Http/Request), Object(Closure))
#47 D:/ServBay/www/pesantren-multi-client/vendor/laravel/framework/src/Illuminate/Http/Middleware/ValidatePostSize.php(27): Illuminate/Pipeline/Pipeline->Illuminate/Pipeline/{closure}(Object(Illuminate/Http/Request))
#48 D:/ServBay/www/pesantren-multi-client/vendor/laravel/framework/src/Illuminate/Pipeline/Pipeline.php(219): Illuminate/Http/Middleware/ValidatePostSize->handle(Object(Illuminate/Http/Request), Object(Closure))
#49 D:/ServBay/www/pesantren-multi-client/vendor/laravel/framework/src/Illuminate/Foundation/Http/Middleware/PreventRequestsDuringMaintenance.php(110): Illuminate/Pipeline/Pipeline->Illuminate/Pipeline/{closure}(Object(Illuminate/Http/Request))
#50 D:/ServBay/www/pesantren-multi-client/vendor/laravel/framework/src/Illuminate/Pipeline/Pipeline.php(219): Illuminate/Foundation/Http/Middleware/PreventRequestsDuringMaintenance->handle(Object(Illuminate/Http/Request), Object(Closure))
#51 D:/ServBay/www/pesantren-multi-client/vendor/laravel/framework/src/Illuminate/Http/Middleware/HandleCors.php(61): Illuminate/Pipeline/Pipeline->Illuminate/Pipeline/{closure}(Object(Illuminate/Http/Request))
#52 D:/ServBay/www/pesantren-multi-client/vendor/laravel/framework/src/Illuminate/Pipeline/Pipeline.php(219): Illuminate/Http/Middleware/HandleCors->handle(Object(Illuminate/Http/Request), Object(Closure))
#53 D:/ServBay/www/pesantren-multi-client/vendor/laravel/framework/src/Illuminate/Http/Middleware/TrustProxies.php(58): Illuminate/Pipeline/Pipeline->Illuminate/Pipeline/{closure}(Object(Illuminate/Http/Request))
#54 D:/ServBay/www/pesantren-multi-client/vendor/laravel/framework/src/Illuminate/Pipeline/Pipeline.php(219): Illuminate/Http/Middleware/TrustProxies->handle(Object(Illuminate/Http/Request), Object(Closure))
#55 D:/ServBay/www/pesantren-multi-client/vendor/laravel/framework/src/Illuminate/Foundation/Http/Middleware/InvokeDeferredCallbacks.php(22): Illuminate/Pipeline/Pipeline->Illuminate/Pipeline/{closure}(Object(Illuminate/Http/Request))
#56 D:/ServBay/www/pesantren-multi-client/vendor/laravel/framework/src/Illuminate/Pipeline/Pipeline.php(219): Illuminate/Foundation/Http/Middleware/InvokeDeferredCallbacks->handle(Object(Illuminate/Http/Request), Object(Closure))
#57 D:/ServBay/www/pesantren-multi-client/vendor/laravel/framework/src/Illuminate/Http/Middleware/ValidatePathEncoding.php(28): Illuminate/Pipeline/Pipeline->Illuminate/Pipeline/{closure}(Object(Illuminate/Http/Request))
#58 D:/ServBay/www/pesantren-multi-client/vendor/laravel/framework/src/Illuminate/Pipeline/Pipeline.php(219): Illuminate/Http/Middleware/ValidatePathEncoding->handle(Object(Illuminate/Http/Request), Object(Closure))
#59 D:/ServBay/www/pesantren-multi-client/vendor/laravel/framework/src/Illuminate/Pipeline/Pipeline.php(137): Illuminate/Pipeline/Pipeline->Illuminate/Pipeline/{closure}(Object(Illuminate/Http/Request))
#60 D:/ServBay/www/pesantren-multi-client/vendor/laravel/framework/src/Illuminate/Foundation/Http/Kernel.php(175): Illuminate/Pipeline/Pipeline->then(Object(Closure))
#61 D:/ServBay/www/pesantren-multi-client/vendor/laravel/framework/src/Illuminate/Foundation/Http/Kernel.php(144): Illuminate/Foundation/Http/Kernel->sendRequestThroughRouter(Object(Illuminate/Http/Request))
#62 D:/ServBay/www/pesantren-multi-client/vendor/laravel/framework/src/Illuminate/Foundation/Application.php(1227): Illuminate/Foundation/Http/Kernel->handle(Object(Illuminate/Http/Request))
#63 D:/ServBay/www/pesantren-multi-client/public/index.php(20): Illuminate/Foundation/Application->handleRequest(Object(Illuminate/Http/Request))
#64 D:/ServBay/www/pesantren-multi-client/vendor/laravel/framework/src/Illuminate/Foundation/resources/server.php(23): require_once('D://ServBay//www//...')
#65 {main}
"} 
[2026-09-23 03:09:29] local.ERROR: Unable to locate a class or view for component [layouts.guest]. {"exception":"[object] (InvalidArgumentException(code: 0): Unable to locate a class or view for component [layouts.guest]. at D:/ServBay/www/pesantren-multi-client/vendor/laravel/framework/src/Illuminate/View/Compilers/ComponentTagCompiler.php:315)
[stacktrace]
#0 D:/ServBay/www/pesantren-multi-client/vendor/laravel/framework/src/Illuminate/View/Compilers/ComponentTagCompiler.php(235): Illuminate/View/Compilers/ComponentTagCompiler->componentClass('layouts.guest')
#1 D:/ServBay/www/pesantren-multi-client/vendor/laravel/framework/src/Illuminate/View/Compilers/ComponentTagCompiler.php(156): Illuminate/View/Compilers/ComponentTagCompiler->componentString('layouts.guest', Array)
#2 [internal function]: Illuminate/View/Compilers/ComponentTagCompiler->Illuminate/View/Compilers/{closure}(Array)
#3 D:/ServBay/www/pesantren-multi-client/vendor/laravel/framework/src/Illuminate/View/Compilers/ComponentTagCompiler.php(151): preg_replace_callback('//n            <...', Object(Closure), '<x-layouts.gues...')
#4 D:/ServBay/www/pesantren-multi-client/vendor/laravel/framework/src/Illuminate/View/Compilers/ComponentTagCompiler.php(90): Illuminate/View/Compilers/ComponentTagCompiler->compileOpeningTags('<x-layouts.gues...')
#5 D:/ServBay/www/pesantren-multi-client/vendor/laravel/framework/src/Illuminate/View/Compilers/ComponentTagCompiler.php(76): Illuminate/View/Compilers/ComponentTagCompiler->compileTags('<x-layouts.gues...')
#6 D:/ServBay/www/pesantren-multi-client/vendor/laravel/framework/src/Illuminate/View/Compilers/BladeCompiler.php(464): Illuminate/View/Compilers/ComponentTagCompiler->compile('<x-layouts.gues...')
#7 D:/ServBay/www/pesantren-multi-client/vendor/laravel/framework/src/Illuminate/View/Compilers/BladeCompiler.php(296): Illuminate/View/Compilers/BladeCompiler->compileComponentTags('<x-layouts.gues...')
#8 D:/ServBay/www/pesantren-multi-client/vendor/laravel/framework/src/Illuminate/View/Compilers/BladeCompiler.php(188): Illuminate/View/Compilers/BladeCompiler->compileString('<x-layouts.gues...')
#9 D:/ServBay/www/pesantren-multi-client/vendor/laravel/framework/src/Illuminate/View/Engines/CompilerEngine.php(68): Illuminate/View/Compilers/BladeCompiler->compile('D://ServBay//www//...')
#10 D:/ServBay/www/pesantren-multi-client/vendor/laravel/framework/src/Illuminate/View/View.php(208): Illuminate/View/Engines/CompilerEngine->get('D://ServBay//www//...', Array)
#11 D:/ServBay/www/pesantren-multi-client/vendor/laravel/framework/src/Illuminate/View/View.php(191): Illuminate/View/View->getContents()
#12 D:/ServBay/www/pesantren-multi-client/vendor/laravel/framework/src/Illuminate/View/View.php(160): Illuminate/View/View->renderContents()
#13 D:/ServBay/www/pesantren-multi-client/vendor/laravel/framework/src/Illuminate/Http/Response.php(82): Illuminate/View/View->render()
#14 D:/ServBay/www/pesantren-multi-client/vendor/laravel/framework/src/Illuminate/Http/Response.php(40): Illuminate/Http/Response->setContent(Object(Illuminate/View/View))
#15 D:/ServBay/www/pesantren-multi-client/vendor/laravel/framework/src/Illuminate/Routing/Router.php(939): Illuminate/Http/Response->__construct(Object(Illuminate/View/View), 200, Array)
#16 D:/ServBay/www/pesantren-multi-client/vendor/laravel/framework/src/Illuminate/Routing/Router.php(906): Illuminate/Routing/Router::toResponse(Object(Illuminate/Http/Request), Object(Illuminate/View/View))
#17 D:/ServBay/www/pesantren-multi-client/vendor/laravel/framework/src/Illuminate/Routing/Router.php(821): Illuminate/Routing/Router->prepareResponse(Object(Illuminate/Http/Request), Object(Laravel/Fortify/Http/Responses/SimpleViewResponse))
#18 D:/ServBay/www/pesantren-multi-client/vendor/laravel/framework/src/Illuminate/Pipeline/Pipeline.php(180): Illuminate/Routing/Router->Illuminate/Routing/{closure}(Object(Illuminate/Http/Request))
#19 D:/ServBay/www/pesantren-multi-client/vendor/laravel/framework/src/Illuminate/Auth/Middleware/RedirectIfAuthenticated.php(47): Illuminate/Pipeline/Pipeline->Illuminate/Pipeline/{closure}(Object(Illuminate/Http/Request))
#20 D:/ServBay/www/pesantren-multi-client/vendor/laravel/framework/src/Illuminate/Pipeline/Pipeline.php(219): Illuminate/Auth/Middleware/RedirectIfAuthenticated->handle(Object(Illuminate/Http/Request), Object(Closure), 'web')
#21 D:/ServBay/www/pesantren-multi-client/vendor/laravel/framework/src/Illuminate/Routing/Middleware/SubstituteBindings.php(52): Illuminate/Pipeline/Pipeline->Illuminate/Pipeline/{closure}(Object(Illuminate/Http/Request))
#22 D:/ServBay/www/pesantren-multi-client/vendor/laravel/framework/src/Illuminate/Pipeline/Pipeline.php(219): Illuminate/Routing/Middleware/SubstituteBindings->handle(Object(Illuminate/Http/Request), Object(Closure))
#23 D:/ServBay/www/pesantren-multi-client/vendor/laravel/framework/src/Illuminate/Foundation/Http/Middleware/PreventRequestForgery.php(104): Illuminate/Pipeline/Pipeline->Illuminate/Pipeline/{closure}(Object(Illuminate/Http/Request))
#24 D:/ServBay/www/pesantren-multi-client/vendor/laravel/framework/src/Illuminate/Pipeline/Pipeline.php(219): Illuminate/Foundation/Http/Middleware/PreventRequestForgery->handle(Object(Illuminate/Http/Request), Object(Closure))
#25 D:/ServBay/www/pesantren-multi-client/vendor/laravel/framework/src/Illuminate/View/Middleware/ShareErrorsFromSession.php(48): Illuminate/Pipeline/Pipeline->Illuminate/Pipeline/{closure}(Object(Illuminate/Http/Request))
#26 D:/ServBay/www/pesantren-multi-client/vendor/laravel/framework/src/Illuminate/Pipeline/Pipeline.php(219): Illuminate/View/Middleware/ShareErrorsFromSession->handle(Object(Illuminate/Http/Request), Object(Closure))
#27 D:/ServBay/www/pesantren-multi-client/vendor/laravel/framework/src/Illuminate/Session/Middleware/StartSession.php(120): Illuminate/Pipeline/Pipeline->Illuminate/Pipeline/{closure}(Object(Illuminate/Http/Request))
#28 D:/ServBay/www/pesantren-multi-client/vendor/laravel/framework/src/Illuminate/Session/Middleware/StartSession.php(63): Illuminate/Session/Middleware/StartSession->handleStatefulRequest(Object(Illuminate/Http/Request), Object(Illuminate/Session/Store), Object(Closure))
#29 D:/ServBay/www/pesantren-multi-client/vendor/laravel/framework/src/Illuminate/Pipeline/Pipeline.php(219): Illuminate/Session/Middleware/StartSession->handle(Object(Illuminate/Http/Request), Object(Closure))
#30 D:/ServBay/www/pesantren-multi-client/vendor/laravel/framework/src/Illuminate/Cookie/Middleware/AddQueuedCookiesToResponse.php(36): Illuminate/Pipeline/Pipeline->Illuminate/Pipeline/{closure}(Object(Illuminate/Http/Request))
#31 D:/ServBay/www/pesantren-multi-client/vendor/laravel/framework/src/Illuminate/Pipeline/Pipeline.php(219): Illuminate/Cookie/Middleware/AddQueuedCookiesToResponse->handle(Object(Illuminate/Http/Request), Object(Closure))
#32 D:/ServBay/www/pesantren-multi-client/vendor/laravel/framework/src/Illuminate/Cookie/Middleware/EncryptCookies.php(74): Illuminate/Pipeline/Pipeline->Illuminate/Pipeline/{closure}(Object(Illuminate/Http/Request))
#33 D:/ServBay/www/pesantren-multi-client/vendor/laravel/framework/src/Illuminate/Pipeline/Pipeline.php(219): Illuminate/Cookie/Middleware/EncryptCookies->handle(Object(Illuminate/Http/Request), Object(Closure))
#34 D:/ServBay/www/pesantren-multi-client/vendor/laravel/framework/src/Illuminate/Pipeline/Pipeline.php(137): Illuminate/Pipeline/Pipeline->Illuminate/Pipeline/{closure}(Object(Illuminate/Http/Request))
#35 D:/ServBay/www/pesantren-multi-client/vendor/laravel/framework/src/Illuminate/Routing/Router.php(821): Illuminate/Pipeline/Pipeline->then(Object(Closure))
#36 D:/ServBay/www/pesantren-multi-client/vendor/laravel/framework/src/Illuminate/Routing/Router.php(800): Illuminate/Routing/Router->runRouteWithinStack(Object(Illuminate/Routing/Route), Object(Illuminate/Http/Request))
#37 D:/ServBay/www/pesantren-multi-client/vendor/laravel/framework/src/Illuminate/Routing/Router.php(764): Illuminate/Routing/Router->runRoute(Object(Illuminate/Http/Request), Object(Illuminate/Routing/Route))
#38 D:/ServBay/www/pesantren-multi-client/vendor/laravel/framework/src/Illuminate/Routing/Router.php(753): Illuminate/Routing/Router->dispatchToRoute(Object(Illuminate/Http/Request))
#39 D:/ServBay/www/pesantren-multi-client/vendor/laravel/framework/src/Illuminate/Foundation/Http/Kernel.php(200): Illuminate/Routing/Router->dispatch(Object(Illuminate/Http/Request))
#40 D:/ServBay/www/pesantren-multi-client/vendor/laravel/framework/src/Illuminate/Pipeline/Pipeline.php(180): Illuminate/Foundation/Http/Kernel->Illuminate/Foundation/Http/{closure}(Object(Illuminate/Http/Request))
#41 D:/ServBay/www/pesantren-multi-client/vendor/laravel/framework/src/Illuminate/Foundation/Http/Middleware/TransformsRequest.php(21): Illuminate/Pipeline/Pipeline->Illuminate/Pipeline/{closure}(Object(Illuminate/Http/Request))
#42 D:/ServBay/www/pesantren-multi-client/vendor/laravel/framework/src/Illuminate/Foundation/Http/Middleware/ConvertEmptyStringsToNull.php(31): Illuminate/Foundation/Http/Middleware/TransformsRequest->handle(Object(Illuminate/Http/Request), Object(Closure))
#43 D:/ServBay/www/pesantren-multi-client/vendor/laravel/framework/src/Illuminate/Pipeline/Pipeline.php(219): Illuminate/Foundation/Http/Middleware/ConvertEmptyStringsToNull->handle(Object(Illuminate/Http/Request), Object(Closure))
#44 D:/ServBay/www/pesantren-multi-client/vendor/laravel/framework/src/Illuminate/Foundation/Http/Middleware/TransformsRequest.php(21): Illuminate/Pipeline/Pipeline->Illuminate/Pipeline/{closure}(Object(Illuminate/Http/Request))
#45 D:/ServBay/www/pesantren-multi-client/vendor/laravel/framework/src/Illuminate/Foundation/Http/Middleware/TrimStrings.php(51): Illuminate/Foundation/Http/Middleware/TransformsRequest->handle(Object(Illuminate/Http/Request), Object(Closure))
#46 D:/ServBay/www/pesantren-multi-client/vendor/laravel/framework/src/Illuminate/Pipeline/Pipeline.php(219): Illuminate/Foundation/Http/Middleware/TrimStrings->handle(Object(Illuminate/Http/Request), Object(Closure))
#47 D:/ServBay/www/pesantren-multi-client/vendor/laravel/framework/src/Illuminate/Http/Middleware/ValidatePostSize.php(27): Illuminate/Pipeline/Pipeline->Illuminate/Pipeline/{closure}(Object(Illuminate/Http/Request))
#48 D:/ServBay/www/pesantren-multi-client/vendor/laravel/framework/src/Illuminate/Pipeline/Pipeline.php(219): Illuminate/Http/Middleware/ValidatePostSize->handle(Object(Illuminate/Http/Request), Object(Closure))
#49 D:/ServBay/www/pesantren-multi-client/vendor/laravel/framework/src/Illuminate/Foundation/Http/Middleware/PreventRequestsDuringMaintenance.php(110): Illuminate/Pipeline/Pipeline->Illuminate/Pipeline/{closure}(Object(Illuminate/Http/Request))
#50 D:/ServBay/www/pesantren-multi-client/vendor/laravel/framework/src/Illuminate/Pipeline/Pipeline.php(219): Illuminate/Foundation/Http/Middleware/PreventRequestsDuringMaintenance->handle(Object(Illuminate/Http/Request), Object(Closure))
#51 D:/ServBay/www/pesantren-multi-client/vendor/laravel/framework/src/Illuminate/Http/Middleware/HandleCors.php(61): Illuminate/Pipeline/Pipeline->Illuminate/Pipeline/{closure}(Object(Illuminate/Http/Request))
#52 D:/ServBay/www/pesantren-multi-client/vendor/laravel/framework/src/Illuminate/Pipeline/Pipeline.php(219): Illuminate/Http/Middleware/HandleCors->handle(Object(Illuminate/Http/Request), Object(Closure))
#53 D:/ServBay/www/pesantren-multi-client/vendor/laravel/framework/src/Illuminate/Http/Middleware/TrustProxies.php(58): Illuminate/Pipeline/Pipeline->Illuminate/Pipeline/{closure}(Object(Illuminate/Http/Request))
#54 D:/ServBay/www/pesantren-multi-client/vendor/laravel/framework/src/Illuminate/Pipeline/Pipeline.php(219): Illuminate/Http/Middleware/TrustProxies->handle(Object(Illuminate/Http/Request), Object(Closure))
#55 D:/ServBay/www/pesantren-multi-client/vendor/laravel/framework/src/Illuminate/Foundation/Http/Middleware/InvokeDeferredCallbacks.php(22): Illuminate/Pipeline/Pipeline->Illuminate/Pipeline/{closure}(Object(Illuminate/Http/Request))
#56 D:/ServBay/www/pesantren-multi-client/vendor/laravel/framework/src/Illuminate/Pipeline/Pipeline.php(219): Illuminate/Foundation/Http/Middleware/InvokeDeferredCallbacks->handle(Object(Illuminate/Http/Request), Object(Closure))
#57 D:/ServBay/www/pesantren-multi-client/vendor/laravel/framework/src/Illuminate/Http/Middleware/ValidatePathEncoding.php(28): Illuminate/Pipeline/Pipeline->Illuminate/Pipeline/{closure}(Object(Illuminate/Http/Request))
#58 D:/ServBay/www/pesantren-multi-client/vendor/laravel/framework/src/Illuminate/Pipeline/Pipeline.php(219): Illuminate/Http/Middleware/ValidatePathEncoding->handle(Object(Illuminate/Http/Request), Object(Closure))
#59 D:/ServBay/www/pesantren-multi-client/vendor/laravel/framework/src/Illuminate/Pipeline/Pipeline.php(137): Illuminate/Pipeline/Pipeline->Illuminate/Pipeline/{closure}(Object(Illuminate/Http/Request))
#60 D:/ServBay/www/pesantren-multi-client/vendor/laravel/framework/src/Illuminate/Foundation/Http/Kernel.php(175): Illuminate/Pipeline/Pipeline->then(Object(Closure))
#61 D:/ServBay/www/pesantren-multi-client/vendor/laravel/framework/src/Illuminate/Foundation/Http/Kernel.php(144): Illuminate/Foundation/Http/Kernel->sendRequestThroughRouter(Object(Illuminate/Http/Request))
#62 D:/ServBay/www/pesantren-multi-client/vendor/laravel/framework/src/Illuminate/Foundation/Application.php(1227): Illuminate/Foundation/Http/Kernel->handle(Object(Illuminate/Http/Request))
#63 D:/ServBay/www/pesantren-multi-client/public/index.php(20): Illuminate/Foundation/Application->handleRequest(Object(Illuminate/Http/Request))
#64 D:/ServBay/www/pesantren-multi-client/vendor/laravel/framework/src/Illuminate/Foundation/resources/server.php(23): require_once('D://ServBay//www//...')
#65 {main}
"} 
[2026-09-23 03:10:49] local.ERROR: Unable to locate a class or view for component [layouts.guest]. {"exception":"[object] (InvalidArgumentException(code: 0): Unable to locate a class or view for component [layouts.guest]. at D:/ServBay/www/pesantren-multi-client/vendor/laravel/framework/src/Illuminate/View/Compilers/ComponentTagCompiler.php:315)
[stacktrace]
#0 D:/ServBay/www/pesantren-multi-client/vendor/laravel/framework/src/Illuminate/View/Compilers/ComponentTagCompiler.php(235): Illuminate/View/Compilers/ComponentTagCompiler->componentClass('layouts.guest')
#1 D:/ServBay/www/pesantren-multi-client/vendor/laravel/framework/src/Illuminate/View/Compilers/ComponentTagCompiler.php(156): Illuminate/View/Compilers/ComponentTagCompiler->componentString('layouts.guest', Array)
#2 [internal function]: Illuminate/View/Compilers/ComponentTagCompiler->Illuminate/View/Compilers/{closure}(Array)
#3 D:/ServBay/www/pesantren-multi-client/vendor/laravel/framework/src/Illuminate/View/Compilers/ComponentTagCompiler.php(151): preg_replace_callback('//n            <...', Object(Closure), '<x-layouts.gues...')
#4 D:/ServBay/www/pesantren-multi-client/vendor/laravel/framework/src/Illuminate/View/Compilers/ComponentTagCompiler.php(90): Illuminate/View/Compilers/ComponentTagCompiler->compileOpeningTags('<x-layouts.gues...')
#5 D:/ServBay/www/pesantren-multi-client/vendor/laravel/framework/src/Illuminate/View/Compilers/ComponentTagCompiler.php(76): Illuminate/View/Compilers/ComponentTagCompiler->compileTags('<x-layouts.gues...')
#6 D:/ServBay/www/pesantren-multi-client/vendor/laravel/framework/src/Illuminate/View/Compilers/BladeCompiler.php(464): Illuminate/View/Compilers/ComponentTagCompiler->compile('<x-layouts.gues...')
#7 D:/ServBay/www/pesantren-multi-client/vendor/laravel/framework/src/Illuminate/View/Compilers/BladeCompiler.php(296): Illuminate/View/Compilers/BladeCompiler->compileComponentTags('<x-layouts.gues...')
#8 D:/ServBay/www/pesantren-multi-client/vendor/laravel/framework/src/Illuminate/View/Compilers/BladeCompiler.php(188): Illuminate/View/Compilers/BladeCompiler->compileString('<x-layouts.gues...')
#9 D:/ServBay/www/pesantren-multi-client/vendor/laravel/framework/src/Illuminate/View/Engines/CompilerEngine.php(68): Illuminate/View/Compilers/BladeCompiler->compile('D://ServBay//www//...')
#10 D:/ServBay/www/pesantren-multi-client/vendor/laravel/framework/src/Illuminate/View/View.php(208): Illuminate/View/Engines/CompilerEngine->get('D://ServBay//www//...', Array)
#11 D:/ServBay/www/pesantren-multi-client/vendor/laravel/framework/src/Illuminate/View/View.php(191): Illuminate/View/View->getContents()
#12 D:/ServBay/www/pesantren-multi-client/vendor/laravel/framework/src/Illuminate/View/View.php(160): Illuminate/View/View->renderContents()
#13 D:/ServBay/www/pesantren-multi-client/vendor/laravel/framework/src/Illuminate/Http/Response.php(82): Illuminate/View/View->render()
#14 D:/ServBay/www/pesantren-multi-client/vendor/laravel/framework/src/Illuminate/Http/Response.php(40): Illuminate/Http/Response->setContent(Object(Illuminate/View/View))
#15 D:/ServBay/www/pesantren-multi-client/vendor/laravel/framework/src/Illuminate/Routing/Router.php(939): Illuminate/Http/Response->__construct(Object(Illuminate/View/View), 200, Array)
#16 D:/ServBay/www/pesantren-multi-client/vendor/laravel/framework/src/Illuminate/Routing/Router.php(906): Illuminate/Routing/Router::toResponse(Object(Illuminate/Http/Request), Object(Illuminate/View/View))
#17 D:/ServBay/www/pesantren-multi-client/vendor/laravel/framework/src/Illuminate/Routing/Router.php(821): Illuminate/Routing/Router->prepareResponse(Object(Illuminate/Http/Request), Object(Laravel/Fortify/Http/Responses/SimpleViewResponse))
#18 D:/ServBay/www/pesantren-multi-client/vendor/laravel/framework/src/Illuminate/Pipeline/Pipeline.php(180): Illuminate/Routing/Router->Illuminate/Routing/{closure}(Object(Illuminate/Http/Request))
#19 D:/ServBay/www/pesantren-multi-client/vendor/laravel/framework/src/Illuminate/Auth/Middleware/RedirectIfAuthenticated.php(47): Illuminate/Pipeline/Pipeline->Illuminate/Pipeline/{closure}(Object(Illuminate/Http/Request))
#20 D:/ServBay/www/pesantren-multi-client/vendor/laravel/framework/src/Illuminate/Pipeline/Pipeline.php(219): Illuminate/Auth/Middleware/RedirectIfAuthenticated->handle(Object(Illuminate/Http/Request), Object(Closure), 'web')
#21 D:/ServBay/www/pesantren-multi-client/vendor/laravel/framework/src/Illuminate/Routing/Middleware/SubstituteBindings.php(52): Illuminate/Pipeline/Pipeline->Illuminate/Pipeline/{closure}(Object(Illuminate/Http/Request))
#22 D:/ServBay/www/pesantren-multi-client/vendor/laravel/framework/src/Illuminate/Pipeline/Pipeline.php(219): Illuminate/Routing/Middleware/SubstituteBindings->handle(Object(Illuminate/Http/Request), Object(Closure))
#23 D:/ServBay/www/pesantren-multi-client/vendor/laravel/framework/src/Illuminate/Foundation/Http/Middleware/PreventRequestForgery.php(104): Illuminate/Pipeline/Pipeline->Illuminate/Pipeline/{closure}(Object(Illuminate/Http/Request))
#24 D:/ServBay/www/pesantren-multi-client/vendor/laravel/framework/src/Illuminate/Pipeline/Pipeline.php(219): Illuminate/Foundation/Http/Middleware/PreventRequestForgery->handle(Object(Illuminate/Http/Request), Object(Closure))
#25 D:/ServBay/www/pesantren-multi-client/vendor/laravel/framework/src/Illuminate/View/Middleware/ShareErrorsFromSession.php(48): Illuminate/Pipeline/Pipeline->Illuminate/Pipeline/{closure}(Object(Illuminate/Http/Request))
#26 D:/ServBay/www/pesantren-multi-client/vendor/laravel/framework/src/Illuminate/Pipeline/Pipeline.php(219): Illuminate/View/Middleware/ShareErrorsFromSession->handle(Object(Illuminate/Http/Request), Object(Closure))
#27 D:/ServBay/www/pesantren-multi-client/vendor/laravel/framework/src/Illuminate/Session/Middleware/StartSession.php(120): Illuminate/Pipeline/Pipeline->Illuminate/Pipeline/{closure}(Object(Illuminate/Http/Request))
#28 D:/ServBay/www/pesantren-multi-client/vendor/laravel/framework/src/Illuminate/Session/Middleware/StartSession.php(63): Illuminate/Session/Middleware/StartSession->handleStatefulRequest(Object(Illuminate/Http/Request), Object(Illuminate/Session/Store), Object(Closure))
#29 D:/ServBay/www/pesantren-multi-client/vendor/laravel/framework/src/Illuminate/Pipeline/Pipeline.php(219): Illuminate/Session/Middleware/StartSession->handle(Object(Illuminate/Http/Request), Object(Closure))
#30 D:/ServBay/www/pesantren-multi-client/vendor/laravel/framework/src/Illuminate/Cookie/Middleware/AddQueuedCookiesToResponse.php(36): Illuminate/Pipeline/Pipeline->Illuminate/Pipeline/{closure}(Object(Illuminate/Http/Request))
#31 D:/ServBay/www/pesantren-multi-client/vendor/laravel/framework/src/Illuminate/Pipeline/Pipeline.php(219): Illuminate/Cookie/Middleware/AddQueuedCookiesToResponse->handle(Object(Illuminate/Http/Request), Object(Closure))
#32 D:/ServBay/www/pesantren-multi-client/vendor/laravel/framework/src/Illuminate/Cookie/Middleware/EncryptCookies.php(74): Illuminate/Pipeline/Pipeline->Illuminate/Pipeline/{closure}(Object(Illuminate/Http/Request))
#33 D:/ServBay/www/pesantren-multi-client/vendor/laravel/framework/src/Illuminate/Pipeline/Pipeline.php(219): Illuminate/Cookie/Middleware/EncryptCookies->handle(Object(Illuminate/Http/Request), Object(Closure))
#34 D:/ServBay/www/pesantren-multi-client/vendor/laravel/framework/src/Illuminate/Pipeline/Pipeline.php(137): Illuminate/Pipeline/Pipeline->Illuminate/Pipeline/{closure}(Object(Illuminate/Http/Request))
#35 D:/ServBay/www/pesantren-multi-client/vendor/laravel/framework/src/Illuminate/Routing/Router.php(821): Illuminate/Pipeline/Pipeline->then(Object(Closure))
#36 D:/ServBay/www/pesantren-multi-client/vendor/laravel/framework/src/Illuminate/Routing/Router.php(800): Illuminate/Routing/Router->runRouteWithinStack(Object(Illuminate/Routing/Route), Object(Illuminate/Http/Request))
#37 D:/ServBay/www/pesantren-multi-client/vendor/laravel/framework/src/Illuminate/Routing/Router.php(764): Illuminate/Routing/Router->runRoute(Object(Illuminate/Http/Request), Object(Illuminate/Routing/Route))
#38 D:/ServBay/www/pesantren-multi-client/vendor/laravel/framework/src/Illuminate/Routing/Router.php(753): Illuminate/Routing/Router->dispatchToRoute(Object(Illuminate/Http/Request))
#39 D:/ServBay/www/pesantren-multi-client/vendor/laravel/framework/src/Illuminate/Foundation/Http/Kernel.php(200): Illuminate/Routing/Router->dispatch(Object(Illuminate/Http/Request))
#40 D:/ServBay/www/pesantren-multi-client/vendor/laravel/framework/src/Illuminate/Pipeline/Pipeline.php(180): Illuminate/Foundation/Http/Kernel->Illuminate/Foundation/Http/{closure}(Object(Illuminate/Http/Request))
#41 D:/ServBay/www/pesantren-multi-client/vendor/laravel/framework/src/Illuminate/Foundation/Http/Middleware/TransformsRequest.php(21): Illuminate/Pipeline/Pipeline->Illuminate/Pipeline/{closure}(Object(Illuminate/Http/Request))
#42 D:/ServBay/www/pesantren-multi-client/vendor/laravel/framework/src/Illuminate/Foundation/Http/Middleware/ConvertEmptyStringsToNull.php(31): Illuminate/Foundation/Http/Middleware/TransformsRequest->handle(Object(Illuminate/Http/Request), Object(Closure))
#43 D:/ServBay/www/pesantren-multi-client/vendor/laravel/framework/src/Illuminate/Pipeline/Pipeline.php(219): Illuminate/Foundation/Http/Middleware/ConvertEmptyStringsToNull->handle(Object(Illuminate/Http/Request), Object(Closure))
#44 D:/ServBay/www/pesantren-multi-client/vendor/laravel/framework/src/Illuminate/Foundation/Http/Middleware/TransformsRequest.php(21): Illuminate/Pipeline/Pipeline->Illuminate/Pipeline/{closure}(Object(Illuminate/Http/Request))
#45 D:/ServBay/www/pesantren-multi-client/vendor/laravel/framework/src/Illuminate/Foundation/Http/Middleware/TrimStrings.php(51): Illuminate/Foundation/Http/Middleware/TransformsRequest->handle(Object(Illuminate/Http/Request), Object(Closure))
#46 D:/ServBay/www/pesantren-multi-client/vendor/laravel/framework/src/Illuminate/Pipeline/Pipeline.php(219): Illuminate/Foundation/Http/Middleware/TrimStrings->handle(Object(Illuminate/Http/Request), Object(Closure))
#47 D:/ServBay/www/pesantren-multi-client/vendor/laravel/framework/src/Illuminate/Http/Middleware/ValidatePostSize.php(27): Illuminate/Pipeline/Pipeline->Illuminate/Pipeline/{closure}(Object(Illuminate/Http/Request))
#48 D:/ServBay/www/pesantren-multi-client/vendor/laravel/framework/src/Illuminate/Pipeline/Pipeline.php(219): Illuminate/Http/Middleware/ValidatePostSize->handle(Object(Illuminate/Http/Request), Object(Closure))
#49 D:/ServBay/www/pesantren-multi-client/vendor/laravel/framework/src/Illuminate/Foundation/Http/Middleware/PreventRequestsDuringMaintenance.php(110): Illuminate/Pipeline/Pipeline->Illuminate/Pipeline/{closure}(Object(Illuminate/Http/Request))
#50 D:/ServBay/www/pesantren-multi-client/vendor/laravel/framework/src/Illuminate/Pipeline/Pipeline.php(219): Illuminate/Foundation/Http/Middleware/PreventRequestsDuringMaintenance->handle(Object(Illuminate/Http/Request), Object(Closure))
#51 D:/ServBay/www/pesantren-multi-client/vendor/laravel/framework/src/Illuminate/Http/Middleware/HandleCors.php(61): Illuminate/Pipeline/Pipeline->Illuminate/Pipeline/{closure}(Object(Illuminate/Http/Request))
#52 D:/ServBay/www/pesantren-multi-client/vendor/laravel/framework/src/Illuminate/Pipeline/Pipeline.php(219): Illuminate/Http/Middleware/HandleCors->handle(Object(Illuminate/Http/Request), Object(Closure))
#53 D:/ServBay/www/pesantren-multi-client/vendor/laravel/framework/src/Illuminate/Http/Middleware/TrustProxies.php(58): Illuminate/Pipeline/Pipeline->Illuminate/Pipeline/{closure}(Object(Illuminate/Http/Request))
#54 D:/ServBay/www/pesantren-multi-client/vendor/laravel/framework/src/Illuminate/Pipeline/Pipeline.php(219): Illuminate/Http/Middleware/TrustProxies->handle(Object(Illuminate/Http/Request), Object(Closure))
#55 D:/ServBay/www/pesantren-multi-client/vendor/laravel/framework/src/Illuminate/Foundation/Http/Middleware/InvokeDeferredCallbacks.php(22): Illuminate/Pipeline/Pipeline->Illuminate/Pipeline/{closure}(Object(Illuminate/Http/Request))
#56 D:/ServBay/www/pesantren-multi-client/vendor/laravel/framework/src/Illuminate/Pipeline/Pipeline.php(219): Illuminate/Foundation/Http/Middleware/InvokeDeferredCallbacks->handle(Object(Illuminate/Http/Request), Object(Closure))
#57 D:/ServBay/www/pesantren-multi-client/vendor/laravel/framework/src/Illuminate/Http/Middleware/ValidatePathEncoding.php(28): Illuminate/Pipeline/Pipeline->Illuminate/Pipeline/{closure}(Object(Illuminate/Http/Request))
#58 D:/ServBay/www/pesantren-multi-client/vendor/laravel/framework/src/Illuminate/Pipeline/Pipeline.php(219): Illuminate/Http/Middleware/ValidatePathEncoding->handle(Object(Illuminate/Http/Request), Object(Closure))
#59 D:/ServBay/www/pesantren-multi-client/vendor/laravel/framework/src/Illuminate/Pipeline/Pipeline.php(137): Illuminate/Pipeline/Pipeline->Illuminate/Pipeline/{closure}(Object(Illuminate/Http/Request))
#60 D:/ServBay/www/pesantren-multi-client/vendor/laravel/framework/src/Illuminate/Foundation/Http/Kernel.php(175): Illuminate/Pipeline/Pipeline->then(Object(Closure))
#61 D:/ServBay/www/pesantren-multi-client/vendor/laravel/framework/src/Illuminate/Foundation/Http/Kernel.php(144): Illuminate/Foundation/Http/Kernel->sendRequestThroughRouter(Object(Illuminate/Http/Request))
#62 D:/ServBay/www/pesantren-multi-client/vendor/laravel/framework/src/Illuminate/Foundation/Application.php(1227): Illuminate/Foundation/Http/Kernel->handle(Object(Illuminate/Http/Request))
#63 D:/ServBay/www/pesantren-multi-client/public/index.php(20): Illuminate/Foundation/Application->handleRequest(Object(Illuminate/Http/Request))
#64 D:/ServBay/www/pesantren-multi-client/vendor/laravel/framework/src/Illuminate/Foundation/resources/server.php(23): require_once('D://ServBay//www//...')
#65 {main}
"} 
[2026-09-23 03:10:57] local.ERROR: Unable to locate a class or view for component [layouts.guest]. {"exception":"[object] (InvalidArgumentException(code: 0): Unable to locate a class or view for component [layouts.guest]. at D:/ServBay/www/pesantren-multi-client/vendor/laravel/framework/src/Illuminate/View/Compilers/ComponentTagCompiler.php:315)
[stacktrace]
#0 D:/ServBay/www/pesantren-multi-client/vendor/laravel/framework/src/Illuminate/View/Compilers/ComponentTagCompiler.php(235): Illuminate/View/Compilers/ComponentTagCompiler->componentClass('layouts.guest')
#1 D:/ServBay/www/pesantren-multi-client/vendor/laravel/framework/src/Illuminate/View/Compilers/ComponentTagCompiler.php(156): Illuminate/View/Compilers/ComponentTagCompiler->componentString('layouts.guest', Array)
#2 [internal function]: Illuminate/View/Compilers/ComponentTagCompiler->Illuminate/View/Compilers/{closure}(Array)
#3 D:/ServBay/www/pesantren-multi-client/vendor/laravel/framework/src/Illuminate/View/Compilers/ComponentTagCompiler.php(151): preg_replace_callback('//n            <...', Object(Closure), '<x-layouts.gues...')
#4 D:/ServBay/www/pesantren-multi-client/vendor/laravel/framework/src/Illuminate/View/Compilers/ComponentTagCompiler.php(90): Illuminate/View/Compilers/ComponentTagCompiler->compileOpeningTags('<x-layouts.gues...')
#5 D:/ServBay/www/pesantren-multi-client/vendor/laravel/framework/src/Illuminate/View/Compilers/ComponentTagCompiler.php(76): Illuminate/View/Compilers/ComponentTagCompiler->compileTags('<x-layouts.gues...')
#6 D:/ServBay/www/pesantren-multi-client/vendor/laravel/framework/src/Illuminate/View/Compilers/BladeCompiler.php(464): Illuminate/View/Compilers/ComponentTagCompiler->compile('<x-layouts.gues...')
#7 D:/ServBay/www/pesantren-multi-client/vendor/laravel/framework/src/Illuminate/View/Compilers/BladeCompiler.php(296): Illuminate/View/Compilers/BladeCompiler->compileComponentTags('<x-layouts.gues...')
#8 D:/ServBay/www/pesantren-multi-client/vendor/laravel/framework/src/Illuminate/View/Compilers/BladeCompiler.php(188): Illuminate/View/Compilers/BladeCompiler->compileString('<x-layouts.gues...')
#9 D:/ServBay/www/pesantren-multi-client/vendor/laravel/framework/src/Illuminate/View/Engines/CompilerEngine.php(68): Illuminate/View/Compilers/BladeCompiler->compile('D://ServBay//www//...')
#10 D:/ServBay/www/pesantren-multi-client/vendor/laravel/framework/src/Illuminate/View/View.php(208): Illuminate/View/Engines/CompilerEngine->get('D://ServBay//www//...', Array)
#11 D:/ServBay/www/pesantren-multi-client/vendor/laravel/framework/src/Illuminate/View/View.php(191): Illuminate/View/View->getContents()
#12 D:/ServBay/www/pesantren-multi-client/vendor/laravel/framework/src/Illuminate/View/View.php(160): Illuminate/View/View->renderContents()
#13 D:/ServBay/www/pesantren-multi-client/vendor/laravel/framework/src/Illuminate/Http/Response.php(82): Illuminate/View/View->render()
#14 D:/ServBay/www/pesantren-multi-client/vendor/laravel/framework/src/Illuminate/Http/Response.php(40): Illuminate/Http/Response->setContent(Object(Illuminate/View/View))
#15 D:/ServBay/www/pesantren-multi-client/vendor/laravel/framework/src/Illuminate/Routing/Router.php(939): Illuminate/Http/Response->__construct(Object(Illuminate/View/View), 200, Array)
#16 D:/ServBay/www/pesantren-multi-client/vendor/laravel/framework/src/Illuminate/Routing/Router.php(906): Illuminate/Routing/Router::toResponse(Object(Illuminate/Http/Request), Object(Illuminate/View/View))
#17 D:/ServBay/www/pesantren-multi-client/vendor/laravel/framework/src/Illuminate/Routing/Router.php(821): Illuminate/Routing/Router->prepareResponse(Object(Illuminate/Http/Request), Object(Laravel/Fortify/Http/Responses/SimpleViewResponse))
#18 D:/ServBay/www/pesantren-multi-client/vendor/laravel/framework/src/Illuminate/Pipeline/Pipeline.php(180): Illuminate/Routing/Router->Illuminate/Routing/{closure}(Object(Illuminate/Http/Request))
#19 D:/ServBay/www/pesantren-multi-client/vendor/laravel/framework/src/Illuminate/Auth/Middleware/RedirectIfAuthenticated.php(47): Illuminate/Pipeline/Pipeline->Illuminate/Pipeline/{closure}(Object(Illuminate/Http/Request))
#20 D:/ServBay/www/pesantren-multi-client/vendor/laravel/framework/src/Illuminate/Pipeline/Pipeline.php(219): Illuminate/Auth/Middleware/RedirectIfAuthenticated->handle(Object(Illuminate/Http/Request), Object(Closure), 'web')
#21 D:/ServBay/www/pesantren-multi-client/vendor/laravel/framework/src/Illuminate/Routing/Middleware/SubstituteBindings.php(52): Illuminate/Pipeline/Pipeline->Illuminate/Pipeline/{closure}(Object(Illuminate/Http/Request))
#22 D:/ServBay/www/pesantren-multi-client/vendor/laravel/framework/src/Illuminate/Pipeline/Pipeline.php(219): Illuminate/Routing/Middleware/SubstituteBindings->handle(Object(Illuminate/Http/Request), Object(Closure))
#23 D:/ServBay/www/pesantren-multi-client/vendor/laravel/framework/src/Illuminate/Foundation/Http/Middleware/PreventRequestForgery.php(104): Illuminate/Pipeline/Pipeline->Illuminate/Pipeline/{closure}(Object(Illuminate/Http/Request))
#24 D:/ServBay/www/pesantren-multi-client/vendor/laravel/framework/src/Illuminate/Pipeline/Pipeline.php(219): Illuminate/Foundation/Http/Middleware/PreventRequestForgery->handle(Object(Illuminate/Http/Request), Object(Closure))
#25 D:/ServBay/www/pesantren-multi-client/vendor/laravel/framework/src/Illuminate/View/Middleware/ShareErrorsFromSession.php(48): Illuminate/Pipeline/Pipeline->Illuminate/Pipeline/{closure}(Object(Illuminate/Http/Request))
#26 D:/ServBay/www/pesantren-multi-client/vendor/laravel/framework/src/Illuminate/Pipeline/Pipeline.php(219): Illuminate/View/Middleware/ShareErrorsFromSession->handle(Object(Illuminate/Http/Request), Object(Closure))
#27 D:/ServBay/www/pesantren-multi-client/vendor/laravel/framework/src/Illuminate/Session/Middleware/StartSession.php(120): Illuminate/Pipeline/Pipeline->Illuminate/Pipeline/{closure}(Object(Illuminate/Http/Request))
#28 D:/ServBay/www/pesantren-multi-client/vendor/laravel/framework/src/Illuminate/Session/Middleware/StartSession.php(63): Illuminate/Session/Middleware/StartSession->handleStatefulRequest(Object(Illuminate/Http/Request), Object(Illuminate/Session/Store), Object(Closure))
#29 D:/ServBay/www/pesantren-multi-client/vendor/laravel/framework/src/Illuminate/Pipeline/Pipeline.php(219): Illuminate/Session/Middleware/StartSession->handle(Object(Illuminate/Http/Request), Object(Closure))
#30 D:/ServBay/www/pesantren-multi-client/vendor/laravel/framework/src/Illuminate/Cookie/Middleware/AddQueuedCookiesToResponse.php(36): Illuminate/Pipeline/Pipeline->Illuminate/Pipeline/{closure}(Object(Illuminate/Http/Request))
#31 D:/ServBay/www/pesantren-multi-client/vendor/laravel/framework/src/Illuminate/Pipeline/Pipeline.php(219): Illuminate/Cookie/Middleware/AddQueuedCookiesToResponse->handle(Object(Illuminate/Http/Request), Object(Closure))
#32 D:/ServBay/www/pesantren-multi-client/vendor/laravel/framework/src/Illuminate/Cookie/Middleware/EncryptCookies.php(74): Illuminate/Pipeline/Pipeline->Illuminate/Pipeline/{closure}(Object(Illuminate/Http/Request))
#33 D:/ServBay/www/pesantren-multi-client/vendor/laravel/framework/src/Illuminate/Pipeline/Pipeline.php(219): Illuminate/Cookie/Middleware/EncryptCookies->handle(Object(Illuminate/Http/Request), Object(Closure))
#34 D:/ServBay/www/pesantren-multi-client/vendor/laravel/framework/src/Illuminate/Pipeline/Pipeline.php(137): Illuminate/Pipeline/Pipeline->Illuminate/Pipeline/{closure}(Object(Illuminate/Http/Request))
#35 D:/ServBay/www/pesantren-multi-client/vendor/laravel/framework/src/Illuminate/Routing/Router.php(821): Illuminate/Pipeline/Pipeline->then(Object(Closure))
#36 D:/ServBay/www/pesantren-multi-client/vendor/laravel/framework/src/Illuminate/Routing/Router.php(800): Illuminate/Routing/Router->runRouteWithinStack(Object(Illuminate/Routing/Route), Object(Illuminate/Http/Request))
#37 D:/ServBay/www/pesantren-multi-client/vendor/laravel/framework/src/Illuminate/Routing/Router.php(764): Illuminate/Routing/Router->runRoute(Object(Illuminate/Http/Request), Object(Illuminate/Routing/Route))
#38 D:/ServBay/www/pesantren-multi-client/vendor/laravel/framework/src/Illuminate/Routing/Router.php(753): Illuminate/Routing/Router->dispatchToRoute(Object(Illuminate/Http/Request))
#39 D:/ServBay/www/pesantren-multi-client/vendor/laravel/framework/src/Illuminate/Foundation/Http/Kernel.php(200): Illuminate/Routing/Router->dispatch(Object(Illuminate/Http/Request))
#40 D:/ServBay/www/pesantren-multi-client/vendor/laravel/framework/src/Illuminate/Pipeline/Pipeline.php(180): Illuminate/Foundation/Http/Kernel->Illuminate/Foundation/Http/{closure}(Object(Illuminate/Http/Request))
#41 D:/ServBay/www/pesantren-multi-client/vendor/laravel/framework/src/Illuminate/Foundation/Http/Middleware/TransformsRequest.php(21): Illuminate/Pipeline/Pipeline->Illuminate/Pipeline/{closure}(Object(Illuminate/Http/Request))
#42 D:/ServBay/www/pesantren-multi-client/vendor/laravel/framework/src/Illuminate/Foundation/Http/Middleware/ConvertEmptyStringsToNull.php(31): Illuminate/Foundation/Http/Middleware/TransformsRequest->handle(Object(Illuminate/Http/Request), Object(Closure))
#43 D:/ServBay/www/pesantren-multi-client/vendor/laravel/framework/src/Illuminate/Pipeline/Pipeline.php(219): Illuminate/Foundation/Http/Middleware/ConvertEmptyStringsToNull->handle(Object(Illuminate/Http/Request), Object(Closure))
#44 D:/ServBay/www/pesantren-multi-client/vendor/laravel/framework/src/Illuminate/Foundation/Http/Middleware/TransformsRequest.php(21): Illuminate/Pipeline/Pipeline->Illuminate/Pipeline/{closure}(Object(Illuminate/Http/Request))
#45 D:/ServBay/www/pesantren-multi-client/vendor/laravel/framework/src/Illuminate/Foundation/Http/Middleware/TrimStrings.php(51): Illuminate/Foundation/Http/Middleware/TransformsRequest->handle(Object(Illuminate/Http/Request), Object(Closure))
#46 D:/ServBay/www/pesantren-multi-client/vendor/laravel/framework/src/Illuminate/Pipeline/Pipeline.php(219): Illuminate/Foundation/Http/Middleware/TrimStrings->handle(Object(Illuminate/Http/Request), Object(Closure))
#47 D:/ServBay/www/pesantren-multi-client/vendor/laravel/framework/src/Illuminate/Http/Middleware/ValidatePostSize.php(27): Illuminate/Pipeline/Pipeline->Illuminate/Pipeline/{closure}(Object(Illuminate/Http/Request))
#48 D:/ServBay/www/pesantren-multi-client/vendor/laravel/framework/src/Illuminate/Pipeline/Pipeline.php(219): Illuminate/Http/Middleware/ValidatePostSize->handle(Object(Illuminate/Http/Request), Object(Closure))
#49 D:/ServBay/www/pesantren-multi-client/vendor/laravel/framework/src/Illuminate/Foundation/Http/Middleware/PreventRequestsDuringMaintenance.php(110): Illuminate/Pipeline/Pipeline->Illuminate/Pipeline/{closure}(Object(Illuminate/Http/Request))
#50 D:/ServBay/www/pesantren-multi-client/vendor/laravel/framework/src/Illuminate/Pipeline/Pipeline.php(219): Illuminate/Foundation/Http/Middleware/PreventRequestsDuringMaintenance->handle(Object(Illuminate/Http/Request), Object(Closure))
#51 D:/ServBay/www/pesantren-multi-client/vendor/laravel/framework/src/Illuminate/Http/Middleware/HandleCors.php(61): Illuminate/Pipeline/Pipeline->Illuminate/Pipeline/{closure}(Object(Illuminate/Http/Request))
#52 D:/ServBay/www/pesantren-multi-client/vendor/laravel/framework/src/Illuminate/Pipeline/Pipeline.php(219): Illuminate/Http/Middleware/HandleCors->handle(Object(Illuminate/Http/Request), Object(Closure))
#53 D:/ServBay/www/pesantren-multi-client/vendor/laravel/framework/src/Illuminate/Http/Middleware/TrustProxies.php(58): Illuminate/Pipeline/Pipeline->Illuminate/Pipeline/{closure}(Object(Illuminate/Http/Request))
#54 D:/ServBay/www/pesantren-multi-client/vendor/laravel/framework/src/Illuminate/Pipeline/Pipeline.php(219): Illuminate/Http/Middleware/TrustProxies->handle(Object(Illuminate/Http/Request), Object(Closure))
#55 D:/ServBay/www/pesantren-multi-client/vendor/laravel/framework/src/Illuminate/Foundation/Http/Middleware/InvokeDeferredCallbacks.php(22): Illuminate/Pipeline/Pipeline->Illuminate/Pipeline/{closure}(Object(Illuminate/Http/Request))
#56 D:/ServBay/www/pesantren-multi-client/vendor/laravel/framework/src/Illuminate/Pipeline/Pipeline.php(219): Illuminate/Foundation/Http/Middleware/InvokeDeferredCallbacks->handle(Object(Illuminate/Http/Request), Object(Closure))
#57 D:/ServBay/www/pesantren-multi-client/vendor/laravel/framework/src/Illuminate/Http/Middleware/ValidatePathEncoding.php(28): Illuminate/Pipeline/Pipeline->Illuminate/Pipeline/{closure}(Object(Illuminate/Http/Request))
#58 D:/ServBay/www/pesantren-multi-client/vendor/laravel/framework/src/Illuminate/Pipeline/Pipeline.php(219): Illuminate/Http/Middleware/ValidatePathEncoding->handle(Object(Illuminate/Http/Request), Object(Closure))
#59 D:/ServBay/www/pesantren-multi-client/vendor/laravel/framework/src/Illuminate/Pipeline/Pipeline.php(137): Illuminate/Pipeline/Pipeline->Illuminate/Pipeline/{closure}(Object(Illuminate/Http/Request))
#60 D:/ServBay/www/pesantren-multi-client/vendor/laravel/framework/src/Illuminate/Foundation/Http/Kernel.php(175): Illuminate/Pipeline/Pipeline->then(Object(Closure))
#61 D:/ServBay/www/pesantren-multi-client/vendor/laravel/framework/src/Illuminate/Foundation/Http/Kernel.php(144): Illuminate/Foundation/Http/Kernel->sendRequestThroughRouter(Object(Illuminate/Http/Request))
#62 D:/ServBay/www/pesantren-multi-client/vendor/laravel/framework/src/Illuminate/Foundation/Application.php(1227): Illuminate/Foundation/Http/Kernel->handle(Object(Illuminate/Http/Request))
#63 D:/ServBay/www/pesantren-multi-client/public/index.php(20): Illuminate/Foundation/Application->handleRequest(Object(Illuminate/Http/Request))
#64 D:/ServBay/www/pesantren-multi-client/vendor/laravel/framework/src/Illuminate/Foundation/resources/server.php(23): require_once('D://ServBay//www//...')
#65 {main}
"} 
[2026-09-23 03:51:53] local.ERROR: View [landing] not found. {"exception":"[object] (InvalidArgumentException(code: 0): View [landing] not found. at D:/ServBay/www/pesantren-multi-client/vendor/laravel/framework/src/Illuminate/View/FileViewFinder.php:138)
[stacktrace]
#0 D:/ServBay/www/pesantren-multi-client/vendor/laravel/framework/src/Illuminate/View/FileViewFinder.php(78): Illuminate/View/FileViewFinder->findInPaths('landing', Array)
#1 D:/ServBay/www/pesantren-multi-client/vendor/laravel/framework/src/Illuminate/View/Factory.php(150): Illuminate/View/FileViewFinder->find('landing')
#2 D:/ServBay/www/pesantren-multi-client/vendor/laravel/framework/src/Illuminate/Routing/ResponseFactory.php(91): Illuminate/View/Factory->make('landing', Array)
#3 D:/ServBay/www/pesantren-multi-client/vendor/laravel/framework/src/Illuminate/Routing/ViewController.php(40): Illuminate/Routing/ResponseFactory->view('landing', Array, 200, Array)
#4 D:/ServBay/www/pesantren-multi-client/vendor/laravel/framework/src/Illuminate/Routing/ViewController.php(57): Illuminate/Routing/ViewController->__invoke(view: 'landing', data: Array, status: 200, headers: Array)
#5 D:/ServBay/www/pesantren-multi-client/vendor/laravel/framework/src/Illuminate/Routing/ControllerDispatcher.php(43): Illuminate/Routing/ViewController->callAction('__invoke', Array)
#6 D:/ServBay/www/pesantren-multi-client/vendor/laravel/framework/src/Illuminate/Routing/Route.php(276): Illuminate/Routing/ControllerDispatcher->dispatch(Object(Illuminate/Routing/Route), Object(Illuminate/Routing/ViewController), '__invoke')
#7 D:/ServBay/www/pesantren-multi-client/vendor/laravel/framework/src/Illuminate/Routing/Route.php(216): Illuminate/Routing/Route->runController()
#8 D:/ServBay/www/pesantren-multi-client/vendor/laravel/framework/src/Illuminate/Routing/Router.php(822): Illuminate/Routing/Route->run()
#9 D:/ServBay/www/pesantren-multi-client/vendor/laravel/framework/src/Illuminate/Pipeline/Pipeline.php(180): Illuminate/Routing/Router->Illuminate/Routing/{closure}(Object(Illuminate/Http/Request))
#10 D:/ServBay/www/pesantren-multi-client/vendor/laravel/framework/src/Illuminate/Routing/Middleware/SubstituteBindings.php(52): Illuminate/Pipeline/Pipeline->Illuminate/Pipeline/{closure}(Object(Illuminate/Http/Request))
#11 D:/ServBay/www/pesantren-multi-client/vendor/laravel/framework/src/Illuminate/Pipeline/Pipeline.php(219): Illuminate/Routing/Middleware/SubstituteBindings->handle(Object(Illuminate/Http/Request), Object(Closure))
#12 D:/ServBay/www/pesantren-multi-client/vendor/laravel/framework/src/Illuminate/Foundation/Http/Middleware/PreventRequestForgery.php(104): Illuminate/Pipeline/Pipeline->Illuminate/Pipeline/{closure}(Object(Illuminate/Http/Request))
#13 D:/ServBay/www/pesantren-multi-client/vendor/laravel/framework/src/Illuminate/Pipeline/Pipeline.php(219): Illuminate/Foundation/Http/Middleware/PreventRequestForgery->handle(Object(Illuminate/Http/Request), Object(Closure))
#14 D:/ServBay/www/pesantren-multi-client/vendor/laravel/framework/src/Illuminate/View/Middleware/ShareErrorsFromSession.php(48): Illuminate/Pipeline/Pipeline->Illuminate/Pipeline/{closure}(Object(Illuminate/Http/Request))
#15 D:/ServBay/www/pesantren-multi-client/vendor/laravel/framework/src/Illuminate/Pipeline/Pipeline.php(219): Illuminate/View/Middleware/ShareErrorsFromSession->handle(Object(Illuminate/Http/Request), Object(Closure))
#16 D:/ServBay/www/pesantren-multi-client/vendor/laravel/framework/src/Illuminate/Session/Middleware/StartSession.php(120): Illuminate/Pipeline/Pipeline->Illuminate/Pipeline/{closure}(Object(Illuminate/Http/Request))
#17 D:/ServBay/www/pesantren-multi-client/vendor/laravel/framework/src/Illuminate/Session/Middleware/StartSession.php(63): Illuminate/Session/Middleware/StartSession->handleStatefulRequest(Object(Illuminate/Http/Request), Object(Illuminate/Session/Store), Object(Closure))
#18 D:/ServBay/www/pesantren-multi-client/vendor/laravel/framework/src/Illuminate/Pipeline/Pipeline.php(219): Illuminate/Session/Middleware/StartSession->handle(Object(Illuminate/Http/Request), Object(Closure))
#19 D:/ServBay/www/pesantren-multi-client/vendor/laravel/framework/src/Illuminate/Cookie/Middleware/AddQueuedCookiesToResponse.php(36): Illuminate/Pipeline/Pipeline->Illuminate/Pipeline/{closure}(Object(Illuminate/Http/Request))
#20 D:/ServBay/www/pesantren-multi-client/vendor/laravel/framework/src/Illuminate/Pipeline/Pipeline.php(219): Illuminate/Cookie/Middleware/AddQueuedCookiesToResponse->handle(Object(Illuminate/Http/Request), Object(Closure))
#21 D:/ServBay/www/pesantren-multi-client/vendor/laravel/framework/src/Illuminate/Cookie/Middleware/EncryptCookies.php(74): Illuminate/Pipeline/Pipeline->Illuminate/Pipeline/{closure}(Object(Illuminate/Http/Request))
#22 D:/ServBay/www/pesantren-multi-client/vendor/laravel/framework/src/Illuminate/Pipeline/Pipeline.php(219): Illuminate/Cookie/Middleware/EncryptCookies->handle(Object(Illuminate/Http/Request), Object(Closure))
#23 D:/ServBay/www/pesantren-multi-client/vendor/laravel/framework/src/Illuminate/Pipeline/Pipeline.php(137): Illuminate/Pipeline/Pipeline->Illuminate/Pipeline/{closure}(Object(Illuminate/Http/Request))
#24 D:/ServBay/www/pesantren-multi-client/vendor/laravel/framework/src/Illuminate/Routing/Router.php(821): Illuminate/Pipeline/Pipeline->then(Object(Closure))
#25 D:/ServBay/www/pesantren-multi-client/vendor/laravel/framework/src/Illuminate/Routing/Router.php(800): Illuminate/Routing/Router->runRouteWithinStack(Object(Illuminate/Routing/Route), Object(Illuminate/Http/Request))
#26 D:/ServBay/www/pesantren-multi-client/vendor/laravel/framework/src/Illuminate/Routing/Router.php(764): Illuminate/Routing/Router->runRoute(Object(Illuminate/Http/Request), Object(Illuminate/Routing/Route))
#27 D:/ServBay/www/pesantren-multi-client/vendor/laravel/framework/src/Illuminate/Routing/Router.php(753): Illuminate/Routing/Router->dispatchToRoute(Object(Illuminate/Http/Request))
#28 D:/ServBay/www/pesantren-multi-client/vendor/laravel/framework/src/Illuminate/Foundation/Http/Kernel.php(200): Illuminate/Routing/Router->dispatch(Object(Illuminate/Http/Request))
#29 D:/ServBay/www/pesantren-multi-client/vendor/laravel/framework/src/Illuminate/Pipeline/Pipeline.php(180): Illuminate/Foundation/Http/Kernel->Illuminate/Foundation/Http/{closure}(Object(Illuminate/Http/Request))
#30 D:/ServBay/www/pesantren-multi-client/vendor/laravel/framework/src/Illuminate/Foundation/Http/Middleware/TransformsRequest.php(21): Illuminate/Pipeline/Pipeline->Illuminate/Pipeline/{closure}(Object(Illuminate/Http/Request))
#31 D:/ServBay/www/pesantren-multi-client/vendor/laravel/framework/src/Illuminate/Foundation/Http/Middleware/ConvertEmptyStringsToNull.php(31): Illuminate/Foundation/Http/Middleware/TransformsRequest->handle(Object(Illuminate/Http/Request), Object(Closure))
#32 D:/ServBay/www/pesantren-multi-client/vendor/laravel/framework/src/Illuminate/Pipeline/Pipeline.php(219): Illuminate/Foundation/Http/Middleware/ConvertEmptyStringsToNull->handle(Object(Illuminate/Http/Request), Object(Closure))
#33 D:/ServBay/www/pesantren-multi-client/vendor/laravel/framework/src/Illuminate/Foundation/Http/Middleware/TransformsRequest.php(21): Illuminate/Pipeline/Pipeline->Illuminate/Pipeline/{closure}(Object(Illuminate/Http/Request))
#34 D:/ServBay/www/pesantren-multi-client/vendor/laravel/framework/src/Illuminate/Foundation/Http/Middleware/TrimStrings.php(51): Illuminate/Foundation/Http/Middleware/TransformsRequest->handle(Object(Illuminate/Http/Request), Object(Closure))
#35 D:/ServBay/www/pesantren-multi-client/vendor/laravel/framework/src/Illuminate/Pipeline/Pipeline.php(219): Illuminate/Foundation/Http/Middleware/TrimStrings->handle(Object(Illuminate/Http/Request), Object(Closure))
#36 D:/ServBay/www/pesantren-multi-client/vendor/laravel/framework/src/Illuminate/Http/Middleware/ValidatePostSize.php(27): Illuminate/Pipeline/Pipeline->Illuminate/Pipeline/{closure}(Object(Illuminate/Http/Request))
#37 D:/ServBay/www/pesantren-multi-client/vendor/laravel/framework/src/Illuminate/Pipeline/Pipeline.php(219): Illuminate/Http/Middleware/ValidatePostSize->handle(Object(Illuminate/Http/Request), Object(Closure))
#38 D:/ServBay/www/pesantren-multi-client/vendor/laravel/framework/src/Illuminate/Foundation/Http/Middleware/PreventRequestsDuringMaintenance.php(110): Illuminate/Pipeline/Pipeline->Illuminate/Pipeline/{closure}(Object(Illuminate/Http/Request))
#39 D:/ServBay/www/pesantren-multi-client/vendor/laravel/framework/src/Illuminate/Pipeline/Pipeline.php(219): Illuminate/Foundation/Http/Middleware/PreventRequestsDuringMaintenance->handle(Object(Illuminate/Http/Request), Object(Closure))
#40 D:/ServBay/www/pesantren-multi-client/vendor/laravel/framework/src/Illuminate/Http/Middleware/HandleCors.php(61): Illuminate/Pipeline/Pipeline->Illuminate/Pipeline/{closure}(Object(Illuminate/Http/Request))
#41 D:/ServBay/www/pesantren-multi-client/vendor/laravel/framework/src/Illuminate/Pipeline/Pipeline.php(219): Illuminate/Http/Middleware/HandleCors->handle(Object(Illuminate/Http/Request), Object(Closure))
#42 D:/ServBay/www/pesantren-multi-client/vendor/laravel/framework/src/Illuminate/Http/Middleware/TrustProxies.php(58): Illuminate/Pipeline/Pipeline->Illuminate/Pipeline/{closure}(Object(Illuminate/Http/Request))
#43 D:/ServBay/www/pesantren-multi-client/vendor/laravel/framework/src/Illuminate/Pipeline/Pipeline.php(219): Illuminate/Http/Middleware/TrustProxies->handle(Object(Illuminate/Http/Request), Object(Closure))
#44 D:/ServBay/www/pesantren-multi-client/vendor/laravel/framework/src/Illuminate/Foundation/Http/Middleware/InvokeDeferredCallbacks.php(22): Illuminate/Pipeline/Pipeline->Illuminate/Pipeline/{closure}(Object(Illuminate/Http/Request))
#45 D:/ServBay/www/pesantren-multi-client/vendor/laravel/framework/src/Illuminate/Pipeline/Pipeline.php(219): Illuminate/Foundation/Http/Middleware/InvokeDeferredCallbacks->handle(Object(Illuminate/Http/Request), Object(Closure))
#46 D:/ServBay/www/pesantren-multi-client/vendor/laravel/framework/src/Illuminate/Http/Middleware/ValidatePathEncoding.php(28): Illuminate/Pipeline/Pipeline->Illuminate/Pipeline/{closure}(Object(Illuminate/Http/Request))
#47 D:/ServBay/www/pesantren-multi-client/vendor/laravel/framework/src/Illuminate/Pipeline/Pipeline.php(219): Illuminate/Http/Middleware/ValidatePathEncoding->handle(Object(Illuminate/Http/Request), Object(Closure))
#48 D:/ServBay/www/pesantren-multi-client/vendor/laravel/framework/src/Illuminate/Pipeline/Pipeline.php(137): Illuminate/Pipeline/Pipeline->Illuminate/Pipeline/{closure}(Object(Illuminate/Http/Request))
#49 D:/ServBay/www/pesantren-multi-client/vendor/laravel/framework/src/Illuminate/Foundation/Http/Kernel.php(175): Illuminate/Pipeline/Pipeline->then(Object(Closure))
#50 D:/ServBay/www/pesantren-multi-client/vendor/laravel/framework/src/Illuminate/Foundation/Http/Kernel.php(144): Illuminate/Foundation/Http/Kernel->sendRequestThroughRouter(Object(Illuminate/Http/Request))
#51 D:/ServBay/www/pesantren-multi-client/vendor/laravel/framework/src/Illuminate/Foundation/Application.php(1227): Illuminate/Foundation/Http/Kernel->handle(Object(Illuminate/Http/Request))
#52 D:/ServBay/www/pesantren-multi-client/public/index.php(20): Illuminate/Foundation/Application->handleRequest(Object(Illuminate/Http/Request))
#53 D:/ServBay/www/pesantren-multi-client/vendor/laravel/framework/src/Illuminate/Foundation/resources/server.php(23): require_once('D://ServBay//www//...')
#54 {main}
"} 
[2026-09-23 03:58:58] local.ERROR: require(D:\ServBay\www\pesantren-multi-client\routes/platform.php): Failed to open stream: No such file or directory {"exception":"[object] (ErrorException(code: 0): require(D:\\ServBay\\www\\pesantren-multi-client\\routes/platform.php): Failed to open stream: No such file or directory at D:/ServBay/www/pesantren-multi-client/vendor/laravel/framework/src/Illuminate/Routing/RouteFileRegistrar.php:34)
[stacktrace]
#0 D:/ServBay/www/pesantren-multi-client/vendor/laravel/framework/src/Illuminate/Foundation/Bootstrap/HandleExceptions.php(265): Illuminate/Foundation/Bootstrap/HandleExceptions->handleError(2, 'require(D://Serv...', 'D://ServBay//www//...', 34)
#1 D:/ServBay/www/pesantren-multi-client/vendor/laravel/framework/src/Illuminate/Routing/RouteFileRegistrar.php(34): Illuminate/Foundation/Bootstrap/HandleExceptions->Illuminate/Foundation/Bootstrap/{closure}(2, 'require(D://Serv...', 'D://ServBay//www//...', 34)
#2 D:/ServBay/www/pesantren-multi-client/vendor/laravel/framework/src/Illuminate/Routing/RouteFileRegistrar.php(34): require('D://ServBay//www//...')
#3 D:/ServBay/www/pesantren-multi-client/vendor/laravel/framework/src/Illuminate/Routing/Router.php(526): Illuminate/Routing/RouteFileRegistrar->register('D://ServBay//www//...')
#4 D:/ServBay/www/pesantren-multi-client/vendor/laravel/framework/src/Illuminate/Routing/Router.php(480): Illuminate/Routing/Router->loadRoutes('D://ServBay//www//...')
#5 D:/ServBay/www/pesantren-multi-client/vendor/laravel/framework/src/Illuminate/Routing/RouteRegistrar.php(224): Illuminate/Routing/Router->group(Array, 'D://ServBay//www//...')
#6 D:/ServBay/www/pesantren-multi-client/bootstrap/app.php(18): Illuminate/Routing/RouteRegistrar->group('D://ServBay//www//...')
#7 D:/ServBay/www/pesantren-multi-client/vendor/laravel/framework/src/Illuminate/Foundation/Configuration/ApplicationBuilder.php(276): {closure}(Object(Illuminate/Foundation/Application))
#8 D:/ServBay/www/pesantren-multi-client/vendor/laravel/framework/src/Illuminate/Container/BoundMethod.php(36): Illuminate/Foundation/Configuration/ApplicationBuilder->Illuminate/Foundation/Configuration/{closure}()
#9 D:/ServBay/www/pesantren-multi-client/vendor/laravel/framework/src/Illuminate/Container/Util.php(43): Illuminate/Container/BoundMethod::Illuminate/Container/{closure}()
#10 D:/ServBay/www/pesantren-multi-client/vendor/laravel/framework/src/Illuminate/Container/BoundMethod.php(84): Illuminate/Container/Util::unwrapIfClosure(Object(Closure))
#11 D:/ServBay/www/pesantren-multi-client/vendor/laravel/framework/src/Illuminate/Container/BoundMethod.php(35): Illuminate/Container/BoundMethod::callBoundMethod(Object(Illuminate/Foundation/Application), Object(Closure), Object(Closure))
#12 D:/ServBay/www/pesantren-multi-client/vendor/laravel/framework/src/Illuminate/Container/Container.php(803): Illuminate/Container/BoundMethod::call(Object(Illuminate/Foundation/Application), Object(Closure), Array, NULL)
#13 D:/ServBay/www/pesantren-multi-client/vendor/laravel/framework/src/Illuminate/Foundation/Support/Providers/RouteServiceProvider.php(162): Illuminate/Container/Container->call(Object(Closure))
#14 D:/ServBay/www/pesantren-multi-client/vendor/laravel/framework/src/Illuminate/Foundation/Support/Providers/RouteServiceProvider.php(59): Illuminate/Foundation/Support/Providers/RouteServiceProvider->loadRoutes()
#15 D:/ServBay/www/pesantren-multi-client/vendor/laravel/framework/src/Illuminate/Container/BoundMethod.php(36): Illuminate/Foundation/Support/Providers/RouteServiceProvider->Illuminate/Foundation/Support/Providers/{closure}()
#16 D:/ServBay/www/pesantren-multi-client/vendor/laravel/framework/src/Illuminate/Container/Util.php(43): Illuminate/Container/BoundMethod::Illuminate/Container/{closure}()
#17 D:/ServBay/www/pesantren-multi-client/vendor/laravel/framework/src/Illuminate/Container/BoundMethod.php(84): Illuminate/Container/Util::unwrapIfClosure(Object(Closure))
#18 D:/ServBay/www/pesantren-multi-client/vendor/laravel/framework/src/Illuminate/Container/BoundMethod.php(35): Illuminate/Container/BoundMethod::callBoundMethod(Object(Illuminate/Foundation/Application), Object(Closure), Object(Closure))
#19 D:/ServBay/www/pesantren-multi-client/vendor/laravel/framework/src/Illuminate/Container/Container.php(803): Illuminate/Container/BoundMethod::call(Object(Illuminate/Foundation/Application), Object(Closure), Array, NULL)
#20 D:/ServBay/www/pesantren-multi-client/vendor/laravel/framework/src/Illuminate/Support/ServiceProvider.php(150): Illuminate/Container/Container->call(Object(Closure))
#21 D:/ServBay/www/pesantren-multi-client/vendor/laravel/framework/src/Illuminate/Foundation/Application.php(1161): Illuminate/Support/ServiceProvider->callBootedCallbacks()
#22 D:/ServBay/www/pesantren-multi-client/vendor/laravel/framework/src/Illuminate/Foundation/Application.php(1139): Illuminate/Foundation/Application->bootProvider(Object(Illuminate/Foundation/Support/Providers/RouteServiceProvider))
#23 [internal function]: Illuminate/Foundation/Application->Illuminate/Foundation/{closure}(Object(Illuminate/Foundation/Support/Providers/RouteServiceProvider), 'Illuminate//Foun...')
#24 D:/ServBay/www/pesantren-multi-client/vendor/laravel/framework/src/Illuminate/Foundation/Application.php(1138): array_walk(Array, Object(Closure))
#25 D:/ServBay/www/pesantren-multi-client/vendor/laravel/framework/src/Illuminate/Foundation/Bootstrap/BootProviders.php(17): Illuminate/Foundation/Application->boot()
#26 D:/ServBay/www/pesantren-multi-client/vendor/laravel/framework/src/Illuminate/Foundation/Application.php(349): Illuminate/Foundation/Bootstrap/BootProviders->bootstrap(Object(Illuminate/Foundation/Application))
#27 D:/ServBay/www/pesantren-multi-client/vendor/laravel/framework/src/Illuminate/Foundation/Console/Kernel.php(507): Illuminate/Foundation/Application->bootstrapWith(Array)
#28 D:/ServBay/www/pesantren-multi-client/storage/framework/lsp-7c9ab23fb240983f.php(5): Illuminate/Foundation/Console/Kernel->bootstrap()
#29 {main}
"} 
[2026-09-23 03:58:59] local.ERROR: require(D:\ServBay\www\pesantren-multi-client\routes/platform.php): Failed to open stream: No such file or directory {"exception":"[object] (ErrorException(code: 0): require(D:\\ServBay\\www\\pesantren-multi-client\\routes/platform.php): Failed to open stream: No such file or directory at D:/ServBay/www/pesantren-multi-client/vendor/laravel/framework/src/Illuminate/Routing/RouteFileRegistrar.php:34)
[stacktrace]
#0 D:/ServBay/www/pesantren-multi-client/vendor/laravel/framework/src/Illuminate/Foundation/Bootstrap/HandleExceptions.php(265): Illuminate/Foundation/Bootstrap/HandleExceptions->handleError(2, 'require(D://Serv...', 'D://ServBay//www//...', 34)
#1 D:/ServBay/www/pesantren-multi-client/vendor/laravel/framework/src/Illuminate/Routing/RouteFileRegistrar.php(34): Illuminate/Foundation/Bootstrap/HandleExceptions->Illuminate/Foundation/Bootstrap/{closure}(2, 'require(D://Serv...', 'D://ServBay//www//...', 34)
#2 D:/ServBay/www/pesantren-multi-client/vendor/laravel/framework/src/Illuminate/Routing/RouteFileRegistrar.php(34): require('D://ServBay//www//...')
#3 D:/ServBay/www/pesantren-multi-client/vendor/laravel/framework/src/Illuminate/Routing/Router.php(526): Illuminate/Routing/RouteFileRegistrar->register('D://ServBay//www//...')
#4 D:/ServBay/www/pesantren-multi-client/vendor/laravel/framework/src/Illuminate/Routing/Router.php(480): Illuminate/Routing/Router->loadRoutes('D://ServBay//www//...')
#5 D:/ServBay/www/pesantren-multi-client/vendor/laravel/framework/src/Illuminate/Routing/RouteRegistrar.php(224): Illuminate/Routing/Router->group(Array, 'D://ServBay//www//...')
#6 D:/ServBay/www/pesantren-multi-client/bootstrap/app.php(18): Illuminate/Routing/RouteRegistrar->group('D://ServBay//www//...')
#7 D:/ServBay/www/pesantren-multi-client/vendor/laravel/framework/src/Illuminate/Foundation/Configuration/ApplicationBuilder.php(276): {closure}(Object(Illuminate/Foundation/Application))
#8 D:/ServBay/www/pesantren-multi-client/vendor/laravel/framework/src/Illuminate/Container/BoundMethod.php(36): Illuminate/Foundation/Configuration/ApplicationBuilder->Illuminate/Foundation/Configuration/{closure}()
#9 D:/ServBay/www/pesantren-multi-client/vendor/laravel/framework/src/Illuminate/Container/Util.php(43): Illuminate/Container/BoundMethod::Illuminate/Container/{closure}()
#10 D:/ServBay/www/pesantren-multi-client/vendor/laravel/framework/src/Illuminate/Container/BoundMethod.php(84): Illuminate/Container/Util::unwrapIfClosure(Object(Closure))
#11 D:/ServBay/www/pesantren-multi-client/vendor/laravel/framework/src/Illuminate/Container/BoundMethod.php(35): Illuminate/Container/BoundMethod::callBoundMethod(Object(Illuminate/Foundation/Application), Object(Closure), Object(Closure))
#12 D:/ServBay/www/pesantren-multi-client/vendor/laravel/framework/src/Illuminate/Container/Container.php(803): Illuminate/Container/BoundMethod::call(Object(Illuminate/Foundation/Application), Object(Closure), Array, NULL)
#13 D:/ServBay/www/pesantren-multi-client/vendor/laravel/framework/src/Illuminate/Foundation/Support/Providers/RouteServiceProvider.php(162): Illuminate/Container/Container->call(Object(Closure))
#14 D:/ServBay/www/pesantren-multi-client/vendor/laravel/framework/src/Illuminate/Foundation/Support/Providers/RouteServiceProvider.php(59): Illuminate/Foundation/Support/Providers/RouteServiceProvider->loadRoutes()
#15 D:/ServBay/www/pesantren-multi-client/vendor/laravel/framework/src/Illuminate/Container/BoundMethod.php(36): Illuminate/Foundation/Support/Providers/RouteServiceProvider->Illuminate/Foundation/Support/Providers/{closure}()
#16 D:/ServBay/www/pesantren-multi-client/vendor/laravel/framework/src/Illuminate/Container/Util.php(43): Illuminate/Container/BoundMethod::Illuminate/Container/{closure}()
#17 D:/ServBay/www/pesantren-multi-client/vendor/laravel/framework/src/Illuminate/Container/BoundMethod.php(84): Illuminate/Container/Util::unwrapIfClosure(Object(Closure))
#18 D:/ServBay/www/pesantren-multi-client/vendor/laravel/framework/src/Illuminate/Container/BoundMethod.php(35): Illuminate/Container/BoundMethod::callBoundMethod(Object(Illuminate/Foundation/Application), Object(Closure), Object(Closure))
#19 D:/ServBay/www/pesantren-multi-client/vendor/laravel/framework/src/Illuminate/Container/Container.php(803): Illuminate/Container/BoundMethod::call(Object(Illuminate/Foundation/Application), Object(Closure), Array, NULL)
#20 D:/ServBay/www/pesantren-multi-client/vendor/laravel/framework/src/Illuminate/Support/ServiceProvider.php(150): Illuminate/Container/Container->call(Object(Closure))
#21 D:/ServBay/www/pesantren-multi-client/vendor/laravel/framework/src/Illuminate/Foundation/Application.php(1161): Illuminate/Support/ServiceProvider->callBootedCallbacks()
#22 D:/ServBay/www/pesantren-multi-client/vendor/laravel/framework/src/Illuminate/Foundation/Application.php(1139): Illuminate/Foundation/Application->bootProvider(Object(Illuminate/Foundation/Support/Providers/RouteServiceProvider))
#23 [internal function]: Illuminate/Foundation/Application->Illuminate/Foundation/{closure}(Object(Illuminate/Foundation/Support/Providers/RouteServiceProvider), 'Illuminate//Foun...')
#24 D:/ServBay/www/pesantren-multi-client/vendor/laravel/framework/src/Illuminate/Foundation/Application.php(1138): array_walk(Array, Object(Closure))
#25 D:/ServBay/www/pesantren-multi-client/vendor/laravel/framework/src/Illuminate/Foundation/Bootstrap/BootProviders.php(17): Illuminate/Foundation/Application->boot()
#26 D:/ServBay/www/pesantren-multi-client/vendor/laravel/framework/src/Illuminate/Foundation/Application.php(349): Illuminate/Foundation/Bootstrap/BootProviders->bootstrap(Object(Illuminate/Foundation/Application))
#27 D:/ServBay/www/pesantren-multi-client/vendor/laravel/framework/src/Illuminate/Foundation/Console/Kernel.php(507): Illuminate/Foundation/Application->bootstrapWith(Array)
#28 D:/ServBay/www/pesantren-multi-client/storage/framework/lsp-7cb35d5d1a0b6227.php(5): Illuminate/Foundation/Console/Kernel->bootstrap()
#29 {main}
"} 
[2026-09-23 03:59:13] local.ERROR: require(D:\ServBay\www\pesantren-multi-client\routes/platform.php): Failed to open stream: No such file or directory {"exception":"[object] (ErrorException(code: 0): require(D:\\ServBay\\www\\pesantren-multi-client\\routes/platform.php): Failed to open stream: No such file or directory at D:/ServBay/www/pesantren-multi-client/vendor/laravel/framework/src/Illuminate/Routing/RouteFileRegistrar.php:34)
[stacktrace]
#0 D:/ServBay/www/pesantren-multi-client/vendor/laravel/framework/src/Illuminate/Foundation/Bootstrap/HandleExceptions.php(265): Illuminate/Foundation/Bootstrap/HandleExceptions->handleError(2, 'require(D://Serv...', 'D://ServBay//www//...', 34)
#1 D:/ServBay/www/pesantren-multi-client/vendor/laravel/framework/src/Illuminate/Routing/RouteFileRegistrar.php(34): Illuminate/Foundation/Bootstrap/HandleExceptions->Illuminate/Foundation/Bootstrap/{closure}(2, 'require(D://Serv...', 'D://ServBay//www//...', 34)
#2 D:/ServBay/www/pesantren-multi-client/vendor/laravel/framework/src/Illuminate/Routing/RouteFileRegistrar.php(34): require('D://ServBay//www//...')
#3 D:/ServBay/www/pesantren-multi-client/vendor/laravel/framework/src/Illuminate/Routing/Router.php(526): Illuminate/Routing/RouteFileRegistrar->register('D://ServBay//www//...')
#4 D:/ServBay/www/pesantren-multi-client/vendor/laravel/framework/src/Illuminate/Routing/Router.php(480): Illuminate/Routing/Router->loadRoutes('D://ServBay//www//...')
#5 D:/ServBay/www/pesantren-multi-client/vendor/laravel/framework/src/Illuminate/Routing/RouteRegistrar.php(224): Illuminate/Routing/Router->group(Array, 'D://ServBay//www//...')
#6 D:/ServBay/www/pesantren-multi-client/bootstrap/app.php(19): Illuminate/Routing/RouteRegistrar->group('D://ServBay//www//...')
#7 D:/ServBay/www/pesantren-multi-client/vendor/laravel/framework/src/Illuminate/Foundation/Configuration/ApplicationBuilder.php(276): {closure}(Object(Illuminate/Foundation/Application))
#8 D:/ServBay/www/pesantren-multi-client/vendor/laravel/framework/src/Illuminate/Container/BoundMethod.php(36): Illuminate/Foundation/Configuration/ApplicationBuilder->Illuminate/Foundation/Configuration/{closure}()
#9 D:/ServBay/www/pesantren-multi-client/vendor/laravel/framework/src/Illuminate/Container/Util.php(43): Illuminate/Container/BoundMethod::Illuminate/Container/{closure}()
#10 D:/ServBay/www/pesantren-multi-client/vendor/laravel/framework/src/Illuminate/Container/BoundMethod.php(84): Illuminate/Container/Util::unwrapIfClosure(Object(Closure))
#11 D:/ServBay/www/pesantren-multi-client/vendor/laravel/framework/src/Illuminate/Container/BoundMethod.php(35): Illuminate/Container/BoundMethod::callBoundMethod(Object(Illuminate/Foundation/Application), Object(Closure), Object(Closure))
#12 D:/ServBay/www/pesantren-multi-client/vendor/laravel/framework/src/Illuminate/Container/Container.php(803): Illuminate/Container/BoundMethod::call(Object(Illuminate/Foundation/Application), Object(Closure), Array, NULL)
#13 D:/ServBay/www/pesantren-multi-client/vendor/laravel/framework/src/Illuminate/Foundation/Support/Providers/RouteServiceProvider.php(162): Illuminate/Container/Container->call(Object(Closure))
#14 D:/ServBay/www/pesantren-multi-client/vendor/laravel/framework/src/Illuminate/Foundation/Support/Providers/RouteServiceProvider.php(59): Illuminate/Foundation/Support/Providers/RouteServiceProvider->loadRoutes()
#15 D:/ServBay/www/pesantren-multi-client/vendor/laravel/framework/src/Illuminate/Container/BoundMethod.php(36): Illuminate/Foundation/Support/Providers/RouteServiceProvider->Illuminate/Foundation/Support/Providers/{closure}()
#16 D:/ServBay/www/pesantren-multi-client/vendor/laravel/framework/src/Illuminate/Container/Util.php(43): Illuminate/Container/BoundMethod::Illuminate/Container/{closure}()
#17 D:/ServBay/www/pesantren-multi-client/vendor/laravel/framework/src/Illuminate/Container/BoundMethod.php(84): Illuminate/Container/Util::unwrapIfClosure(Object(Closure))
#18 D:/ServBay/www/pesantren-multi-client/vendor/laravel/framework/src/Illuminate/Container/BoundMethod.php(35): Illuminate/Container/BoundMethod::callBoundMethod(Object(Illuminate/Foundation/Application), Object(Closure), Object(Closure))
#19 D:/ServBay/www/pesantren-multi-client/vendor/laravel/framework/src/Illuminate/Container/Container.php(803): Illuminate/Container/BoundMethod::call(Object(Illuminate/Foundation/Application), Object(Closure), Array, NULL)
#20 D:/ServBay/www/pesantren-multi-client/vendor/laravel/framework/src/Illuminate/Support/ServiceProvider.php(150): Illuminate/Container/Container->call(Object(Closure))
#21 D:/ServBay/www/pesantren-multi-client/vendor/laravel/framework/src/Illuminate/Foundation/Application.php(1161): Illuminate/Support/ServiceProvider->callBootedCallbacks()
#22 D:/ServBay/www/pesantren-multi-client/vendor/laravel/framework/src/Illuminate/Foundation/Application.php(1139): Illuminate/Foundation/Application->bootProvider(Object(Illuminate/Foundation/Support/Providers/RouteServiceProvider))
#23 [internal function]: Illuminate/Foundation/Application->Illuminate/Foundation/{closure}(Object(Illuminate/Foundation/Support/Providers/RouteServiceProvider), 'Illuminate//Foun...')
#24 D:/ServBay/www/pesantren-multi-client/vendor/laravel/framework/src/Illuminate/Foundation/Application.php(1138): array_walk(Array, Object(Closure))
#25 D:/ServBay/www/pesantren-multi-client/vendor/laravel/framework/src/Illuminate/Foundation/Bootstrap/BootProviders.php(17): Illuminate/Foundation/Application->boot()
#26 D:/ServBay/www/pesantren-multi-client/vendor/laravel/framework/src/Illuminate/Foundation/Application.php(349): Illuminate/Foundation/Bootstrap/BootProviders->bootstrap(Object(Illuminate/Foundation/Application))
#27 D:/ServBay/www/pesantren-multi-client/vendor/laravel/framework/src/Illuminate/Foundation/Console/Kernel.php(507): Illuminate/Foundation/Application->bootstrapWith(Array)
#28 D:/ServBay/www/pesantren-multi-client/storage/framework/lsp-32ce573462020207.php(5): Illuminate/Foundation/Console/Kernel->bootstrap()
#29 {main}
"} 
[2026-09-23 03:59:32] local.ERROR: require(D:\ServBay\www\pesantren-multi-client\routes/platform.php): Failed to open stream: No such file or directory {"exception":"[object] (ErrorException(code: 0): require(D:\\ServBay\\www\\pesantren-multi-client\\routes/platform.php): Failed to open stream: No such file or directory at D:/ServBay/www/pesantren-multi-client/vendor/laravel/framework/src/Illuminate/Routing/RouteFileRegistrar.php:34)
[stacktrace]
#0 D:/ServBay/www/pesantren-multi-client/vendor/laravel/framework/src/Illuminate/Foundation/Bootstrap/HandleExceptions.php(265): Illuminate/Foundation/Bootstrap/HandleExceptions->handleError(2, 'require(D://Serv...', 'D://ServBay//www//...', 34)
#1 D:/ServBay/www/pesantren-multi-client/vendor/laravel/framework/src/Illuminate/Routing/RouteFileRegistrar.php(34): Illuminate/Foundation/Bootstrap/HandleExceptions->Illuminate/Foundation/Bootstrap/{closure}(2, 'require(D://Serv...', 'D://ServBay//www//...', 34)
#2 D:/ServBay/www/pesantren-multi-client/vendor/laravel/framework/src/Illuminate/Routing/RouteFileRegistrar.php(34): require('D://ServBay//www//...')
#3 D:/ServBay/www/pesantren-multi-client/vendor/laravel/framework/src/Illuminate/Routing/Router.php(526): Illuminate/Routing/RouteFileRegistrar->register('D://ServBay//www//...')
#4 D:/ServBay/www/pesantren-multi-client/vendor/laravel/framework/src/Illuminate/Routing/Router.php(480): Illuminate/Routing/Router->loadRoutes('D://ServBay//www//...')
#5 D:/ServBay/www/pesantren-multi-client/vendor/laravel/framework/src/Illuminate/Routing/RouteRegistrar.php(224): Illuminate/Routing/Router->group(Array, 'D://ServBay//www//...')
#6 D:/ServBay/www/pesantren-multi-client/bootstrap/app.php(19): Illuminate/Routing/RouteRegistrar->group('D://ServBay//www//...')
#7 D:/ServBay/www/pesantren-multi-client/vendor/laravel/framework/src/Illuminate/Foundation/Configuration/ApplicationBuilder.php(276): {closure}(Object(Illuminate/Foundation/Application))
#8 D:/ServBay/www/pesantren-multi-client/vendor/laravel/framework/src/Illuminate/Container/BoundMethod.php(36): Illuminate/Foundation/Configuration/ApplicationBuilder->Illuminate/Foundation/Configuration/{closure}()
#9 D:/ServBay/www/pesantren-multi-client/vendor/laravel/framework/src/Illuminate/Container/Util.php(43): Illuminate/Container/BoundMethod::Illuminate/Container/{closure}()
#10 D:/ServBay/www/pesantren-multi-client/vendor/laravel/framework/src/Illuminate/Container/BoundMethod.php(84): Illuminate/Container/Util::unwrapIfClosure(Object(Closure))
#11 D:/ServBay/www/pesantren-multi-client/vendor/laravel/framework/src/Illuminate/Container/BoundMethod.php(35): Illuminate/Container/BoundMethod::callBoundMethod(Object(Illuminate/Foundation/Application), Object(Closure), Object(Closure))
#12 D:/ServBay/www/pesantren-multi-client/vendor/laravel/framework/src/Illuminate/Container/Container.php(803): Illuminate/Container/BoundMethod::call(Object(Illuminate/Foundation/Application), Object(Closure), Array, NULL)
#13 D:/ServBay/www/pesantren-multi-client/vendor/laravel/framework/src/Illuminate/Foundation/Support/Providers/RouteServiceProvider.php(162): Illuminate/Container/Container->call(Object(Closure))
#14 D:/ServBay/www/pesantren-multi-client/vendor/laravel/framework/src/Illuminate/Foundation/Support/Providers/RouteServiceProvider.php(59): Illuminate/Foundation/Support/Providers/RouteServiceProvider->loadRoutes()
#15 D:/ServBay/www/pesantren-multi-client/vendor/laravel/framework/src/Illuminate/Container/BoundMethod.php(36): Illuminate/Foundation/Support/Providers/RouteServiceProvider->Illuminate/Foundation/Support/Providers/{closure}()
#16 D:/ServBay/www/pesantren-multi-client/vendor/laravel/framework/src/Illuminate/Container/Util.php(43): Illuminate/Container/BoundMethod::Illuminate/Container/{closure}()
#17 D:/ServBay/www/pesantren-multi-client/vendor/laravel/framework/src/Illuminate/Container/BoundMethod.php(84): Illuminate/Container/Util::unwrapIfClosure(Object(Closure))
#18 D:/ServBay/www/pesantren-multi-client/vendor/laravel/framework/src/Illuminate/Container/BoundMethod.php(35): Illuminate/Container/BoundMethod::callBoundMethod(Object(Illuminate/Foundation/Application), Object(Closure), Object(Closure))
#19 D:/ServBay/www/pesantren-multi-client/vendor/laravel/framework/src/Illuminate/Container/Container.php(803): Illuminate/Container/BoundMethod::call(Object(Illuminate/Foundation/Application), Object(Closure), Array, NULL)
#20 D:/ServBay/www/pesantren-multi-client/vendor/laravel/framework/src/Illuminate/Support/ServiceProvider.php(150): Illuminate/Container/Container->call(Object(Closure))
#21 D:/ServBay/www/pesantren-multi-client/vendor/laravel/framework/src/Illuminate/Foundation/Application.php(1161): Illuminate/Support/ServiceProvider->callBootedCallbacks()
#22 D:/ServBay/www/pesantren-multi-client/vendor/laravel/framework/src/Illuminate/Foundation/Application.php(1139): Illuminate/Foundation/Application->bootProvider(Object(Illuminate/Foundation/Support/Providers/RouteServiceProvider))
#23 [internal function]: Illuminate/Foundation/Application->Illuminate/Foundation/{closure}(Object(Illuminate/Foundation/Support/Providers/RouteServiceProvider), 'Illuminate//Foun...')
#24 D:/ServBay/www/pesantren-multi-client/vendor/laravel/framework/src/Illuminate/Foundation/Application.php(1138): array_walk(Array, Object(Closure))
#25 D:/ServBay/www/pesantren-multi-client/vendor/laravel/framework/src/Illuminate/Foundation/Bootstrap/BootProviders.php(17): Illuminate/Foundation/Application->boot()
#26 D:/ServBay/www/pesantren-multi-client/vendor/laravel/framework/src/Illuminate/Foundation/Application.php(349): Illuminate/Foundation/Bootstrap/BootProviders->bootstrap(Object(Illuminate/Foundation/Application))
#27 D:/ServBay/www/pesantren-multi-client/vendor/laravel/framework/src/Illuminate/Foundation/Console/Kernel.php(507): Illuminate/Foundation/Application->bootstrapWith(Array)
#28 D:/ServBay/www/pesantren-multi-client/storage/framework/lsp-7ced6eb088e4b7b0.php(5): Illuminate/Foundation/Console/Kernel->bootstrap()
#29 {main}
"} 
[2026-09-23 04:00:10] local.ERROR: require(D:\ServBay\www\pesantren-multi-client\routes/platform.php): Failed to open stream: No such file or directory {"exception":"[object] (ErrorException(code: 0): require(D:\\ServBay\\www\\pesantren-multi-client\\routes/platform.php): Failed to open stream: No such file or directory at D:/ServBay/www/pesantren-multi-client/vendor/laravel/framework/src/Illuminate/Routing/RouteFileRegistrar.php:34)
[stacktrace]
#0 D:/ServBay/www/pesantren-multi-client/vendor/laravel/framework/src/Illuminate/Foundation/Bootstrap/HandleExceptions.php(265): Illuminate/Foundation/Bootstrap/HandleExceptions->handleError(2, 'require(D://Serv...', 'D://ServBay//www//...', 34)
#1 D:/ServBay/www/pesantren-multi-client/vendor/laravel/framework/src/Illuminate/Routing/RouteFileRegistrar.php(34): Illuminate/Foundation/Bootstrap/HandleExceptions->Illuminate/Foundation/Bootstrap/{closure}(2, 'require(D://Serv...', 'D://ServBay//www//...', 34)
#2 D:/ServBay/www/pesantren-multi-client/vendor/laravel/framework/src/Illuminate/Routing/RouteFileRegistrar.php(34): require('D://ServBay//www//...')
#3 D:/ServBay/www/pesantren-multi-client/vendor/laravel/framework/src/Illuminate/Routing/Router.php(526): Illuminate/Routing/RouteFileRegistrar->register('D://ServBay//www//...')
#4 D:/ServBay/www/pesantren-multi-client/vendor/laravel/framework/src/Illuminate/Routing/Router.php(480): Illuminate/Routing/Router->loadRoutes('D://ServBay//www//...')
#5 D:/ServBay/www/pesantren-multi-client/vendor/laravel/framework/src/Illuminate/Routing/RouteRegistrar.php(224): Illuminate/Routing/Router->group(Array, 'D://ServBay//www//...')
#6 D:/ServBay/www/pesantren-multi-client/bootstrap/app.php(19): Illuminate/Routing/RouteRegistrar->group('D://ServBay//www//...')
#7 D:/ServBay/www/pesantren-multi-client/vendor/laravel/framework/src/Illuminate/Foundation/Configuration/ApplicationBuilder.php(276): {closure}(Object(Illuminate/Foundation/Application))
#8 D:/ServBay/www/pesantren-multi-client/vendor/laravel/framework/src/Illuminate/Container/BoundMethod.php(36): Illuminate/Foundation/Configuration/ApplicationBuilder->Illuminate/Foundation/Configuration/{closure}()
#9 D:/ServBay/www/pesantren-multi-client/vendor/laravel/framework/src/Illuminate/Container/Util.php(43): Illuminate/Container/BoundMethod::Illuminate/Container/{closure}()
#10 D:/ServBay/www/pesantren-multi-client/vendor/laravel/framework/src/Illuminate/Container/BoundMethod.php(84): Illuminate/Container/Util::unwrapIfClosure(Object(Closure))
#11 D:/ServBay/www/pesantren-multi-client/vendor/laravel/framework/src/Illuminate/Container/BoundMethod.php(35): Illuminate/Container/BoundMethod::callBoundMethod(Object(Illuminate/Foundation/Application), Object(Closure), Object(Closure))
#12 D:/ServBay/www/pesantren-multi-client/vendor/laravel/framework/src/Illuminate/Container/Container.php(803): Illuminate/Container/BoundMethod::call(Object(Illuminate/Foundation/Application), Object(Closure), Array, NULL)
#13 D:/ServBay/www/pesantren-multi-client/vendor/laravel/framework/src/Illuminate/Foundation/Support/Providers/RouteServiceProvider.php(162): Illuminate/Container/Container->call(Object(Closure))
#14 D:/ServBay/www/pesantren-multi-client/vendor/laravel/framework/src/Illuminate/Foundation/Support/Providers/RouteServiceProvider.php(59): Illuminate/Foundation/Support/Providers/RouteServiceProvider->loadRoutes()
#15 D:/ServBay/www/pesantren-multi-client/vendor/laravel/framework/src/Illuminate/Container/BoundMethod.php(36): Illuminate/Foundation/Support/Providers/RouteServiceProvider->Illuminate/Foundation/Support/Providers/{closure}()
#16 D:/ServBay/www/pesantren-multi-client/vendor/laravel/framework/src/Illuminate/Container/Util.php(43): Illuminate/Container/BoundMethod::Illuminate/Container/{closure}()
#17 D:/ServBay/www/pesantren-multi-client/vendor/laravel/framework/src/Illuminate/Container/BoundMethod.php(84): Illuminate/Container/Util::unwrapIfClosure(Object(Closure))
#18 D:/ServBay/www/pesantren-multi-client/vendor/laravel/framework/src/Illuminate/Container/BoundMethod.php(35): Illuminate/Container/BoundMethod::callBoundMethod(Object(Illuminate/Foundation/Application), Object(Closure), Object(Closure))
#19 D:/ServBay/www/pesantren-multi-client/vendor/laravel/framework/src/Illuminate/Container/Container.php(803): Illuminate/Container/BoundMethod::call(Object(Illuminate/Foundation/Application), Object(Closure), Array, NULL)
#20 D:/ServBay/www/pesantren-multi-client/vendor/laravel/framework/src/Illuminate/Support/ServiceProvider.php(150): Illuminate/Container/Container->call(Object(Closure))
#21 D:/ServBay/www/pesantren-multi-client/vendor/laravel/framework/src/Illuminate/Foundation/Application.php(1161): Illuminate/Support/ServiceProvider->callBootedCallbacks()
#22 D:/ServBay/www/pesantren-multi-client/vendor/laravel/framework/src/Illuminate/Foundation/Application.php(1139): Illuminate/Foundation/Application->bootProvider(Object(Illuminate/Foundation/Support/Providers/RouteServiceProvider))
#23 [internal function]: Illuminate/Foundation/Application->Illuminate/Foundation/{closure}(Object(Illuminate/Foundation/Support/Providers/RouteServiceProvider), 'Illuminate//Foun...')
#24 D:/ServBay/www/pesantren-multi-client/vendor/laravel/framework/src/Illuminate/Foundation/Application.php(1138): array_walk(Array, Object(Closure))
#25 D:/ServBay/www/pesantren-multi-client/vendor/laravel/framework/src/Illuminate/Foundation/Bootstrap/BootProviders.php(17): Illuminate/Foundation/Application->boot()
#26 D:/ServBay/www/pesantren-multi-client/vendor/laravel/framework/src/Illuminate/Foundation/Application.php(349): Illuminate/Foundation/Bootstrap/BootProviders->bootstrap(Object(Illuminate/Foundation/Application))
#27 D:/ServBay/www/pesantren-multi-client/vendor/laravel/framework/src/Illuminate/Foundation/Console/Kernel.php(507): Illuminate/Foundation/Application->bootstrapWith(Array)
#28 D:/ServBay/www/pesantren-multi-client/storage/framework/lsp-b1b5625dde7c89f1.php(5): Illuminate/Foundation/Console/Kernel->bootstrap()
#29 {main}
"} 
[2026-09-23 04:03:58] local.ERROR: require(D:\ServBay\www\pesantren-multi-client\routes/platform.php): Failed to open stream: No such file or directory {"exception":"[object] (ErrorException(code: 0): require(D:\\ServBay\\www\\pesantren-multi-client\\routes/platform.php): Failed to open stream: No such file or directory at D:/ServBay/www/pesantren-multi-client/vendor/laravel/framework/src/Illuminate/Routing/RouteFileRegistrar.php:34)
[stacktrace]
#0 D:/ServBay/www/pesantren-multi-client/vendor/laravel/framework/src/Illuminate/Foundation/Bootstrap/HandleExceptions.php(265): Illuminate/Foundation/Bootstrap/HandleExceptions->handleError(2, 'require(D://Serv...', 'D://ServBay//www//...', 34)
#1 D:/ServBay/www/pesantren-multi-client/vendor/laravel/framework/src/Illuminate/Routing/RouteFileRegistrar.php(34): Illuminate/Foundation/Bootstrap/HandleExceptions->Illuminate/Foundation/Bootstrap/{closure}(2, 'require(D://Serv...', 'D://ServBay//www//...', 34)
#2 D:/ServBay/www/pesantren-multi-client/vendor/laravel/framework/src/Illuminate/Routing/RouteFileRegistrar.php(34): require('D://ServBay//www//...')
#3 D:/ServBay/www/pesantren-multi-client/vendor/laravel/framework/src/Illuminate/Routing/Router.php(526): Illuminate/Routing/RouteFileRegistrar->register('D://ServBay//www//...')
#4 D:/ServBay/www/pesantren-multi-client/vendor/laravel/framework/src/Illuminate/Routing/Router.php(480): Illuminate/Routing/Router->loadRoutes('D://ServBay//www//...')
#5 D:/ServBay/www/pesantren-multi-client/vendor/laravel/framework/src/Illuminate/Routing/RouteRegistrar.php(224): Illuminate/Routing/Router->group(Array, 'D://ServBay//www//...')
#6 D:/ServBay/www/pesantren-multi-client/bootstrap/app.php(19): Illuminate/Routing/RouteRegistrar->group('D://ServBay//www//...')
#7 D:/ServBay/www/pesantren-multi-client/vendor/laravel/framework/src/Illuminate/Foundation/Configuration/ApplicationBuilder.php(276): {closure}(Object(Illuminate/Foundation/Application))
#8 D:/ServBay/www/pesantren-multi-client/vendor/laravel/framework/src/Illuminate/Container/BoundMethod.php(36): Illuminate/Foundation/Configuration/ApplicationBuilder->Illuminate/Foundation/Configuration/{closure}()
#9 D:/ServBay/www/pesantren-multi-client/vendor/laravel/framework/src/Illuminate/Container/Util.php(43): Illuminate/Container/BoundMethod::Illuminate/Container/{closure}()
#10 D:/ServBay/www/pesantren-multi-client/vendor/laravel/framework/src/Illuminate/Container/BoundMethod.php(84): Illuminate/Container/Util::unwrapIfClosure(Object(Closure))
#11 D:/ServBay/www/pesantren-multi-client/vendor/laravel/framework/src/Illuminate/Container/BoundMethod.php(35): Illuminate/Container/BoundMethod::callBoundMethod(Object(Illuminate/Foundation/Application), Object(Closure), Object(Closure))
#12 D:/ServBay/www/pesantren-multi-client/vendor/laravel/framework/src/Illuminate/Container/Container.php(803): Illuminate/Container/BoundMethod::call(Object(Illuminate/Foundation/Application), Object(Closure), Array, NULL)
#13 D:/ServBay/www/pesantren-multi-client/vendor/laravel/framework/src/Illuminate/Foundation/Support/Providers/RouteServiceProvider.php(162): Illuminate/Container/Container->call(Object(Closure))
#14 D:/ServBay/www/pesantren-multi-client/vendor/laravel/framework/src/Illuminate/Foundation/Support/Providers/RouteServiceProvider.php(59): Illuminate/Foundation/Support/Providers/RouteServiceProvider->loadRoutes()
#15 D:/ServBay/www/pesantren-multi-client/vendor/laravel/framework/src/Illuminate/Container/BoundMethod.php(36): Illuminate/Foundation/Support/Providers/RouteServiceProvider->Illuminate/Foundation/Support/Providers/{closure}()
#16 D:/ServBay/www/pesantren-multi-client/vendor/laravel/framework/src/Illuminate/Container/Util.php(43): Illuminate/Container/BoundMethod::Illuminate/Container/{closure}()
#17 D:/ServBay/www/pesantren-multi-client/vendor/laravel/framework/src/Illuminate/Container/BoundMethod.php(84): Illuminate/Container/Util::unwrapIfClosure(Object(Closure))
#18 D:/ServBay/www/pesantren-multi-client/vendor/laravel/framework/src/Illuminate/Container/BoundMethod.php(35): Illuminate/Container/BoundMethod::callBoundMethod(Object(Illuminate/Foundation/Application), Object(Closure), Object(Closure))
#19 D:/ServBay/www/pesantren-multi-client/vendor/laravel/framework/src/Illuminate/Container/Container.php(803): Illuminate/Container/BoundMethod::call(Object(Illuminate/Foundation/Application), Object(Closure), Array, NULL)
#20 D:/ServBay/www/pesantren-multi-client/vendor/laravel/framework/src/Illuminate/Support/ServiceProvider.php(150): Illuminate/Container/Container->call(Object(Closure))
#21 D:/ServBay/www/pesantren-multi-client/vendor/laravel/framework/src/Illuminate/Foundation/Application.php(1161): Illuminate/Support/ServiceProvider->callBootedCallbacks()
#22 D:/ServBay/www/pesantren-multi-client/vendor/laravel/framework/src/Illuminate/Foundation/Application.php(1139): Illuminate/Foundation/Application->bootProvider(Object(Illuminate/Foundation/Support/Providers/RouteServiceProvider))
#23 [internal function]: Illuminate/Foundation/Application->Illuminate/Foundation/{closure}(Object(Illuminate/Foundation/Support/Providers/RouteServiceProvider), 'Illuminate//Foun...')
#24 D:/ServBay/www/pesantren-multi-client/vendor/laravel/framework/src/Illuminate/Foundation/Application.php(1138): array_walk(Array, Object(Closure))
#25 D:/ServBay/www/pesantren-multi-client/vendor/laravel/framework/src/Illuminate/Foundation/Bootstrap/BootProviders.php(17): Illuminate/Foundation/Application->boot()
#26 D:/ServBay/www/pesantren-multi-client/vendor/laravel/framework/src/Illuminate/Foundation/Application.php(349): Illuminate/Foundation/Bootstrap/BootProviders->bootstrap(Object(Illuminate/Foundation/Application))
#27 D:/ServBay/www/pesantren-multi-client/vendor/laravel/framework/src/Illuminate/Foundation/Console/Kernel.php(507): Illuminate/Foundation/Application->bootstrapWith(Array)
#28 D:/ServBay/www/pesantren-multi-client/storage/framework/lsp-dc0e837583aeb2cf.php(5): Illuminate/Foundation/Console/Kernel->bootstrap()
#29 {main}
"} 
[2026-09-23 04:03:59] local.ERROR: require(D:\ServBay\www\pesantren-multi-client\routes/platform.php): Failed to open stream: No such file or directory {"exception":"[object] (ErrorException(code: 0): require(D:\\ServBay\\www\\pesantren-multi-client\\routes/platform.php): Failed to open stream: No such file or directory at D:/ServBay/www/pesantren-multi-client/vendor/laravel/framework/src/Illuminate/Routing/RouteFileRegistrar.php:34)
[stacktrace]
#0 D:/ServBay/www/pesantren-multi-client/vendor/laravel/framework/src/Illuminate/Foundation/Bootstrap/HandleExceptions.php(265): Illuminate/Foundation/Bootstrap/HandleExceptions->handleError(2, 'require(D://Serv...', 'D://ServBay//www//...', 34)
#1 D:/ServBay/www/pesantren-multi-client/vendor/laravel/framework/src/Illuminate/Routing/RouteFileRegistrar.php(34): Illuminate/Foundation/Bootstrap/HandleExceptions->Illuminate/Foundation/Bootstrap/{closure}(2, 'require(D://Serv...', 'D://ServBay//www//...', 34)
#2 D:/ServBay/www/pesantren-multi-client/vendor/laravel/framework/src/Illuminate/Routing/RouteFileRegistrar.php(34): require('D://ServBay//www//...')
#3 D:/ServBay/www/pesantren-multi-client/vendor/laravel/framework/src/Illuminate/Routing/Router.php(526): Illuminate/Routing/RouteFileRegistrar->register('D://ServBay//www//...')
#4 D:/ServBay/www/pesantren-multi-client/vendor/laravel/framework/src/Illuminate/Routing/Router.php(480): Illuminate/Routing/Router->loadRoutes('D://ServBay//www//...')
#5 D:/ServBay/www/pesantren-multi-client/vendor/laravel/framework/src/Illuminate/Routing/RouteRegistrar.php(224): Illuminate/Routing/Router->group(Array, 'D://ServBay//www//...')
#6 D:/ServBay/www/pesantren-multi-client/bootstrap/app.php(19): Illuminate/Routing/RouteRegistrar->group('D://ServBay//www//...')
#7 D:/ServBay/www/pesantren-multi-client/vendor/laravel/framework/src/Illuminate/Foundation/Configuration/ApplicationBuilder.php(276): {closure}(Object(Illuminate/Foundation/Application))
#8 D:/ServBay/www/pesantren-multi-client/vendor/laravel/framework/src/Illuminate/Container/BoundMethod.php(36): Illuminate/Foundation/Configuration/ApplicationBuilder->Illuminate/Foundation/Configuration/{closure}()
#9 D:/ServBay/www/pesantren-multi-client/vendor/laravel/framework/src/Illuminate/Container/Util.php(43): Illuminate/Container/BoundMethod::Illuminate/Container/{closure}()
#10 D:/ServBay/www/pesantren-multi-client/vendor/laravel/framework/src/Illuminate/Container/BoundMethod.php(84): Illuminate/Container/Util::unwrapIfClosure(Object(Closure))
#11 D:/ServBay/www/pesantren-multi-client/vendor/laravel/framework/src/Illuminate/Container/BoundMethod.php(35): Illuminate/Container/BoundMethod::callBoundMethod(Object(Illuminate/Foundation/Application), Object(Closure), Object(Closure))
#12 D:/ServBay/www/pesantren-multi-client/vendor/laravel/framework/src/Illuminate/Container/Container.php(803): Illuminate/Container/BoundMethod::call(Object(Illuminate/Foundation/Application), Object(Closure), Array, NULL)
#13 D:/ServBay/www/pesantren-multi-client/vendor/laravel/framework/src/Illuminate/Foundation/Support/Providers/RouteServiceProvider.php(162): Illuminate/Container/Container->call(Object(Closure))
#14 D:/ServBay/www/pesantren-multi-client/vendor/laravel/framework/src/Illuminate/Foundation/Support/Providers/RouteServiceProvider.php(59): Illuminate/Foundation/Support/Providers/RouteServiceProvider->loadRoutes()
#15 D:/ServBay/www/pesantren-multi-client/vendor/laravel/framework/src/Illuminate/Container/BoundMethod.php(36): Illuminate/Foundation/Support/Providers/RouteServiceProvider->Illuminate/Foundation/Support/Providers/{closure}()
#16 D:/ServBay/www/pesantren-multi-client/vendor/laravel/framework/src/Illuminate/Container/Util.php(43): Illuminate/Container/BoundMethod::Illuminate/Container/{closure}()
#17 D:/ServBay/www/pesantren-multi-client/vendor/laravel/framework/src/Illuminate/Container/BoundMethod.php(84): Illuminate/Container/Util::unwrapIfClosure(Object(Closure))
#18 D:/ServBay/www/pesantren-multi-client/vendor/laravel/framework/src/Illuminate/Container/BoundMethod.php(35): Illuminate/Container/BoundMethod::callBoundMethod(Object(Illuminate/Foundation/Application), Object(Closure), Object(Closure))
#19 D:/ServBay/www/pesantren-multi-client/vendor/laravel/framework/src/Illuminate/Container/Container.php(803): Illuminate/Container/BoundMethod::call(Object(Illuminate/Foundation/Application), Object(Closure), Array, NULL)
#20 D:/ServBay/www/pesantren-multi-client/vendor/laravel/framework/src/Illuminate/Support/ServiceProvider.php(150): Illuminate/Container/Container->call(Object(Closure))
#21 D:/ServBay/www/pesantren-multi-client/vendor/laravel/framework/src/Illuminate/Foundation/Application.php(1161): Illuminate/Support/ServiceProvider->callBootedCallbacks()
#22 D:/ServBay/www/pesantren-multi-client/vendor/laravel/framework/src/Illuminate/Foundation/Application.php(1139): Illuminate/Foundation/Application->bootProvider(Object(Illuminate/Foundation/Support/Providers/RouteServiceProvider))
#23 [internal function]: Illuminate/Foundation/Application->Illuminate/Foundation/{closure}(Object(Illuminate/Foundation/Support/Providers/RouteServiceProvider), 'Illuminate//Foun...')
#24 D:/ServBay/www/pesantren-multi-client/vendor/laravel/framework/src/Illuminate/Foundation/Application.php(1138): array_walk(Array, Object(Closure))
#25 D:/ServBay/www/pesantren-multi-client/vendor/laravel/framework/src/Illuminate/Foundation/Bootstrap/BootProviders.php(17): Illuminate/Foundation/Application->boot()
#26 D:/ServBay/www/pesantren-multi-client/vendor/laravel/framework/src/Illuminate/Foundation/Application.php(349): Illuminate/Foundation/Bootstrap/BootProviders->bootstrap(Object(Illuminate/Foundation/Application))
#27 D:/ServBay/www/pesantren-multi-client/vendor/laravel/framework/src/Illuminate/Foundation/Console/Kernel.php(507): Illuminate/Foundation/Application->bootstrapWith(Array)
#28 D:/ServBay/www/pesantren-multi-client/vendor/laravel/framework/src/Illuminate/Foundation/Console/Kernel.php(196): Illuminate/Foundation/Console/Kernel->bootstrap()
#29 D:/ServBay/www/pesantren-multi-client/vendor/laravel/framework/src/Illuminate/Foundation/Application.php(1242): Illuminate/Foundation/Console/Kernel->handle(Object(Symfony/Component/Console/Input/ArgvInput), Object(Symfony/Component/Console/Output/ConsoleOutput))
#30 D:/ServBay/www/pesantren-multi-client/artisan(16): Illuminate/Foundation/Application->handleCommand(Object(Symfony/Component/Console/Input/ArgvInput))
#31 {main}
"} 
[2026-09-23 04:03:59] local.ERROR: require(D:\ServBay\www\pesantren-multi-client\routes/platform.php): Failed to open stream: No such file or directory {"exception":"[object] (ErrorException(code: 0): require(D:\\ServBay\\www\\pesantren-multi-client\\routes/platform.php): Failed to open stream: No such file or directory at D:/ServBay/www/pesantren-multi-client/vendor/laravel/framework/src/Illuminate/Routing/RouteFileRegistrar.php:34)
[stacktrace]
#0 D:/ServBay/www/pesantren-multi-client/vendor/laravel/framework/src/Illuminate/Foundation/Bootstrap/HandleExceptions.php(265): Illuminate/Foundation/Bootstrap/HandleExceptions->handleError(2, 'require(D://Serv...', 'D://ServBay//www//...', 34)
#1 D:/ServBay/www/pesantren-multi-client/vendor/laravel/framework/src/Illuminate/Routing/RouteFileRegistrar.php(34): Illuminate/Foundation/Bootstrap/HandleExceptions->Illuminate/Foundation/Bootstrap/{closure}(2, 'require(D://Serv...', 'D://ServBay//www//...', 34)
#2 D:/ServBay/www/pesantren-multi-client/vendor/laravel/framework/src/Illuminate/Routing/RouteFileRegistrar.php(34): require('D://ServBay//www//...')
#3 D:/ServBay/www/pesantren-multi-client/vendor/laravel/framework/src/Illuminate/Routing/Router.php(526): Illuminate/Routing/RouteFileRegistrar->register('D://ServBay//www//...')
#4 D:/ServBay/www/pesantren-multi-client/vendor/laravel/framework/src/Illuminate/Routing/Router.php(480): Illuminate/Routing/Router->loadRoutes('D://ServBay//www//...')
#5 D:/ServBay/www/pesantren-multi-client/vendor/laravel/framework/src/Illuminate/Routing/RouteRegistrar.php(224): Illuminate/Routing/Router->group(Array, 'D://ServBay//www//...')
#6 D:/ServBay/www/pesantren-multi-client/bootstrap/app.php(19): Illuminate/Routing/RouteRegistrar->group('D://ServBay//www//...')
#7 D:/ServBay/www/pesantren-multi-client/vendor/laravel/framework/src/Illuminate/Foundation/Configuration/ApplicationBuilder.php(276): {closure}(Object(Illuminate/Foundation/Application))
#8 D:/ServBay/www/pesantren-multi-client/vendor/laravel/framework/src/Illuminate/Container/BoundMethod.php(36): Illuminate/Foundation/Configuration/ApplicationBuilder->Illuminate/Foundation/Configuration/{closure}()
#9 D:/ServBay/www/pesantren-multi-client/vendor/laravel/framework/src/Illuminate/Container/Util.php(43): Illuminate/Container/BoundMethod::Illuminate/Container/{closure}()
#10 D:/ServBay/www/pesantren-multi-client/vendor/laravel/framework/src/Illuminate/Container/BoundMethod.php(84): Illuminate/Container/Util::unwrapIfClosure(Object(Closure))
#11 D:/ServBay/www/pesantren-multi-client/vendor/laravel/framework/src/Illuminate/Container/BoundMethod.php(35): Illuminate/Container/BoundMethod::callBoundMethod(Object(Illuminate/Foundation/Application), Object(Closure), Object(Closure))
#12 D:/ServBay/www/pesantren-multi-client/vendor/laravel/framework/src/Illuminate/Container/Container.php(803): Illuminate/Container/BoundMethod::call(Object(Illuminate/Foundation/Application), Object(Closure), Array, NULL)
#13 D:/ServBay/www/pesantren-multi-client/vendor/laravel/framework/src/Illuminate/Foundation/Support/Providers/RouteServiceProvider.php(162): Illuminate/Container/Container->call(Object(Closure))
#14 D:/ServBay/www/pesantren-multi-client/vendor/laravel/framework/src/Illuminate/Foundation/Support/Providers/RouteServiceProvider.php(59): Illuminate/Foundation/Support/Providers/RouteServiceProvider->loadRoutes()
#15 D:/ServBay/www/pesantren-multi-client/vendor/laravel/framework/src/Illuminate/Container/BoundMethod.php(36): Illuminate/Foundation/Support/Providers/RouteServiceProvider->Illuminate/Foundation/Support/Providers/{closure}()
#16 D:/ServBay/www/pesantren-multi-client/vendor/laravel/framework/src/Illuminate/Container/Util.php(43): Illuminate/Container/BoundMethod::Illuminate/Container/{closure}()
#17 D:/ServBay/www/pesantren-multi-client/vendor/laravel/framework/src/Illuminate/Container/BoundMethod.php(84): Illuminate/Container/Util::unwrapIfClosure(Object(Closure))
#18 D:/ServBay/www/pesantren-multi-client/vendor/laravel/framework/src/Illuminate/Container/BoundMethod.php(35): Illuminate/Container/BoundMethod::callBoundMethod(Object(Illuminate/Foundation/Application), Object(Closure), Object(Closure))
#19 D:/ServBay/www/pesantren-multi-client/vendor/laravel/framework/src/Illuminate/Container/Container.php(803): Illuminate/Container/BoundMethod::call(Object(Illuminate/Foundation/Application), Object(Closure), Array, NULL)
#20 D:/ServBay/www/pesantren-multi-client/vendor/laravel/framework/src/Illuminate/Support/ServiceProvider.php(150): Illuminate/Container/Container->call(Object(Closure))
#21 D:/ServBay/www/pesantren-multi-client/vendor/laravel/framework/src/Illuminate/Foundation/Application.php(1161): Illuminate/Support/ServiceProvider->callBootedCallbacks()
#22 D:/ServBay/www/pesantren-multi-client/vendor/laravel/framework/src/Illuminate/Foundation/Application.php(1139): Illuminate/Foundation/Application->bootProvider(Object(Illuminate/Foundation/Support/Providers/RouteServiceProvider))
#23 [internal function]: Illuminate/Foundation/Application->Illuminate/Foundation/{closure}(Object(Illuminate/Foundation/Support/Providers/RouteServiceProvider), 'Illuminate//Foun...')
#24 D:/ServBay/www/pesantren-multi-client/vendor/laravel/framework/src/Illuminate/Foundation/Application.php(1138): array_walk(Array, Object(Closure))
#25 D:/ServBay/www/pesantren-multi-client/vendor/laravel/framework/src/Illuminate/Foundation/Bootstrap/BootProviders.php(17): Illuminate/Foundation/Application->boot()
#26 D:/ServBay/www/pesantren-multi-client/vendor/laravel/framework/src/Illuminate/Foundation/Application.php(349): Illuminate/Foundation/Bootstrap/BootProviders->bootstrap(Object(Illuminate/Foundation/Application))
#27 D:/ServBay/www/pesantren-multi-client/vendor/laravel/framework/src/Illuminate/Foundation/Console/Kernel.php(507): Illuminate/Foundation/Application->bootstrapWith(Array)
#28 D:/ServBay/www/pesantren-multi-client/storage/framework/lsp-342f71489587f519.php(5): Illuminate/Foundation/Console/Kernel->bootstrap()
#29 {main}
"} 
[2026-09-23 04:04:56] local.ERROR: require(D:\ServBay\www\pesantren-multi-client\routes/client.php): Failed to open stream: No such file or directory {"exception":"[object] (ErrorException(code: 0): require(D:\\ServBay\\www\\pesantren-multi-client\\routes/client.php): Failed to open stream: No such file or directory at D:/ServBay/www/pesantren-multi-client/vendor/laravel/framework/src/Illuminate/Routing/RouteFileRegistrar.php:34)
[stacktrace]
#0 D:/ServBay/www/pesantren-multi-client/vendor/laravel/framework/src/Illuminate/Foundation/Bootstrap/HandleExceptions.php(265): Illuminate/Foundation/Bootstrap/HandleExceptions->handleError(2, 'require(D://Serv...', 'D://ServBay//www//...', 34)
#1 D:/ServBay/www/pesantren-multi-client/vendor/laravel/framework/src/Illuminate/Routing/RouteFileRegistrar.php(34): Illuminate/Foundation/Bootstrap/HandleExceptions->Illuminate/Foundation/Bootstrap/{closure}(2, 'require(D://Serv...', 'D://ServBay//www//...', 34)
#2 D:/ServBay/www/pesantren-multi-client/vendor/laravel/framework/src/Illuminate/Routing/RouteFileRegistrar.php(34): require('D://ServBay//www//...')
#3 D:/ServBay/www/pesantren-multi-client/vendor/laravel/framework/src/Illuminate/Routing/Router.php(526): Illuminate/Routing/RouteFileRegistrar->register('D://ServBay//www//...')
#4 D:/ServBay/www/pesantren-multi-client/vendor/laravel/framework/src/Illuminate/Routing/Router.php(480): Illuminate/Routing/Router->loadRoutes('D://ServBay//www//...')
#5 D:/ServBay/www/pesantren-multi-client/vendor/laravel/framework/src/Illuminate/Routing/RouteRegistrar.php(224): Illuminate/Routing/Router->group(Array, 'D://ServBay//www//...')
#6 D:/ServBay/www/pesantren-multi-client/bootstrap/app.php(26): Illuminate/Routing/RouteRegistrar->group('D://ServBay//www//...')
#7 D:/ServBay/www/pesantren-multi-client/vendor/laravel/framework/src/Illuminate/Foundation/Configuration/ApplicationBuilder.php(276): {closure}(Object(Illuminate/Foundation/Application))
#8 D:/ServBay/www/pesantren-multi-client/vendor/laravel/framework/src/Illuminate/Container/BoundMethod.php(36): Illuminate/Foundation/Configuration/ApplicationBuilder->Illuminate/Foundation/Configuration/{closure}()
#9 D:/ServBay/www/pesantren-multi-client/vendor/laravel/framework/src/Illuminate/Container/Util.php(43): Illuminate/Container/BoundMethod::Illuminate/Container/{closure}()
#10 D:/ServBay/www/pesantren-multi-client/vendor/laravel/framework/src/Illuminate/Container/BoundMethod.php(84): Illuminate/Container/Util::unwrapIfClosure(Object(Closure))
#11 D:/ServBay/www/pesantren-multi-client/vendor/laravel/framework/src/Illuminate/Container/BoundMethod.php(35): Illuminate/Container/BoundMethod::callBoundMethod(Object(Illuminate/Foundation/Application), Object(Closure), Object(Closure))
#12 D:/ServBay/www/pesantren-multi-client/vendor/laravel/framework/src/Illuminate/Container/Container.php(803): Illuminate/Container/BoundMethod::call(Object(Illuminate/Foundation/Application), Object(Closure), Array, NULL)
#13 D:/ServBay/www/pesantren-multi-client/vendor/laravel/framework/src/Illuminate/Foundation/Support/Providers/RouteServiceProvider.php(162): Illuminate/Container/Container->call(Object(Closure))
#14 D:/ServBay/www/pesantren-multi-client/vendor/laravel/framework/src/Illuminate/Foundation/Support/Providers/RouteServiceProvider.php(59): Illuminate/Foundation/Support/Providers/RouteServiceProvider->loadRoutes()
#15 D:/ServBay/www/pesantren-multi-client/vendor/laravel/framework/src/Illuminate/Container/BoundMethod.php(36): Illuminate/Foundation/Support/Providers/RouteServiceProvider->Illuminate/Foundation/Support/Providers/{closure}()
#16 D:/ServBay/www/pesantren-multi-client/vendor/laravel/framework/src/Illuminate/Container/Util.php(43): Illuminate/Container/BoundMethod::Illuminate/Container/{closure}()
#17 D:/ServBay/www/pesantren-multi-client/vendor/laravel/framework/src/Illuminate/Container/BoundMethod.php(84): Illuminate/Container/Util::unwrapIfClosure(Object(Closure))
#18 D:/ServBay/www/pesantren-multi-client/vendor/laravel/framework/src/Illuminate/Container/BoundMethod.php(35): Illuminate/Container/BoundMethod::callBoundMethod(Object(Illuminate/Foundation/Application), Object(Closure), Object(Closure))
#19 D:/ServBay/www/pesantren-multi-client/vendor/laravel/framework/src/Illuminate/Container/Container.php(803): Illuminate/Container/BoundMethod::call(Object(Illuminate/Foundation/Application), Object(Closure), Array, NULL)
#20 D:/ServBay/www/pesantren-multi-client/vendor/laravel/framework/src/Illuminate/Support/ServiceProvider.php(150): Illuminate/Container/Container->call(Object(Closure))
#21 D:/ServBay/www/pesantren-multi-client/vendor/laravel/framework/src/Illuminate/Foundation/Application.php(1161): Illuminate/Support/ServiceProvider->callBootedCallbacks()
#22 D:/ServBay/www/pesantren-multi-client/vendor/laravel/framework/src/Illuminate/Foundation/Application.php(1139): Illuminate/Foundation/Application->bootProvider(Object(Illuminate/Foundation/Support/Providers/RouteServiceProvider))
#23 [internal function]: Illuminate/Foundation/Application->Illuminate/Foundation/{closure}(Object(Illuminate/Foundation/Support/Providers/RouteServiceProvider), 'Illuminate//Foun...')
#24 D:/ServBay/www/pesantren-multi-client/vendor/laravel/framework/src/Illuminate/Foundation/Application.php(1138): array_walk(Array, Object(Closure))
#25 D:/ServBay/www/pesantren-multi-client/vendor/laravel/framework/src/Illuminate/Foundation/Bootstrap/BootProviders.php(17): Illuminate/Foundation/Application->boot()
#26 D:/ServBay/www/pesantren-multi-client/vendor/laravel/framework/src/Illuminate/Foundation/Application.php(349): Illuminate/Foundation/Bootstrap/BootProviders->bootstrap(Object(Illuminate/Foundation/Application))
#27 D:/ServBay/www/pesantren-multi-client/vendor/laravel/framework/src/Illuminate/Foundation/Console/Kernel.php(507): Illuminate/Foundation/Application->bootstrapWith(Array)
#28 D:/ServBay/www/pesantren-multi-client/storage/framework/lsp-13ad9a0d740c54af.php(5): Illuminate/Foundation/Console/Kernel->bootstrap()
#29 {main}
"} 
[2026-09-23 04:05:10] local.ERROR: require(D:\ServBay\www\pesantren-multi-client\routes/guru.php): Failed to open stream: No such file or directory {"exception":"[object] (ErrorException(code: 0): require(D:\\ServBay\\www\\pesantren-multi-client\\routes/guru.php): Failed to open stream: No such file or directory at D:/ServBay/www/pesantren-multi-client/vendor/laravel/framework/src/Illuminate/Routing/RouteFileRegistrar.php:34)
[stacktrace]
#0 D:/ServBay/www/pesantren-multi-client/vendor/laravel/framework/src/Illuminate/Foundation/Bootstrap/HandleExceptions.php(265): Illuminate/Foundation/Bootstrap/HandleExceptions->handleError(2, 'require(D://Serv...', 'D://ServBay//www//...', 34)
#1 D:/ServBay/www/pesantren-multi-client/vendor/laravel/framework/src/Illuminate/Routing/RouteFileRegistrar.php(34): Illuminate/Foundation/Bootstrap/HandleExceptions->Illuminate/Foundation/Bootstrap/{closure}(2, 'require(D://Serv...', 'D://ServBay//www//...', 34)
#2 D:/ServBay/www/pesantren-multi-client/vendor/laravel/framework/src/Illuminate/Routing/RouteFileRegistrar.php(34): require('D://ServBay//www//...')
#3 D:/ServBay/www/pesantren-multi-client/vendor/laravel/framework/src/Illuminate/Routing/Router.php(526): Illuminate/Routing/RouteFileRegistrar->register('D://ServBay//www//...')
#4 D:/ServBay/www/pesantren-multi-client/vendor/laravel/framework/src/Illuminate/Routing/Router.php(480): Illuminate/Routing/Router->loadRoutes('D://ServBay//www//...')
#5 D:/ServBay/www/pesantren-multi-client/vendor/laravel/framework/src/Illuminate/Routing/RouteRegistrar.php(224): Illuminate/Routing/Router->group(Array, 'D://ServBay//www//...')
#6 D:/ServBay/www/pesantren-multi-client/bootstrap/app.php(33): Illuminate/Routing/RouteRegistrar->group('D://ServBay//www//...')
#7 D:/ServBay/www/pesantren-multi-client/vendor/laravel/framework/src/Illuminate/Foundation/Configuration/ApplicationBuilder.php(276): {closure}(Object(Illuminate/Foundation/Application))
#8 D:/ServBay/www/pesantren-multi-client/vendor/laravel/framework/src/Illuminate/Container/BoundMethod.php(36): Illuminate/Foundation/Configuration/ApplicationBuilder->Illuminate/Foundation/Configuration/{closure}()
#9 D:/ServBay/www/pesantren-multi-client/vendor/laravel/framework/src/Illuminate/Container/Util.php(43): Illuminate/Container/BoundMethod::Illuminate/Container/{closure}()
#10 D:/ServBay/www/pesantren-multi-client/vendor/laravel/framework/src/Illuminate/Container/BoundMethod.php(84): Illuminate/Container/Util::unwrapIfClosure(Object(Closure))
#11 D:/ServBay/www/pesantren-multi-client/vendor/laravel/framework/src/Illuminate/Container/BoundMethod.php(35): Illuminate/Container/BoundMethod::callBoundMethod(Object(Illuminate/Foundation/Application), Object(Closure), Object(Closure))
#12 D:/ServBay/www/pesantren-multi-client/vendor/laravel/framework/src/Illuminate/Container/Container.php(803): Illuminate/Container/BoundMethod::call(Object(Illuminate/Foundation/Application), Object(Closure), Array, NULL)
#13 D:/ServBay/www/pesantren-multi-client/vendor/laravel/framework/src/Illuminate/Foundation/Support/Providers/RouteServiceProvider.php(162): Illuminate/Container/Container->call(Object(Closure))
#14 D:/ServBay/www/pesantren-multi-client/vendor/laravel/framework/src/Illuminate/Foundation/Support/Providers/RouteServiceProvider.php(59): Illuminate/Foundation/Support/Providers/RouteServiceProvider->loadRoutes()
#15 D:/ServBay/www/pesantren-multi-client/vendor/laravel/framework/src/Illuminate/Container/BoundMethod.php(36): Illuminate/Foundation/Support/Providers/RouteServiceProvider->Illuminate/Foundation/Support/Providers/{closure}()
#16 D:/ServBay/www/pesantren-multi-client/vendor/laravel/framework/src/Illuminate/Container/Util.php(43): Illuminate/Container/BoundMethod::Illuminate/Container/{closure}()
#17 D:/ServBay/www/pesantren-multi-client/vendor/laravel/framework/src/Illuminate/Container/BoundMethod.php(84): Illuminate/Container/Util::unwrapIfClosure(Object(Closure))
#18 D:/ServBay/www/pesantren-multi-client/vendor/laravel/framework/src/Illuminate/Container/BoundMethod.php(35): Illuminate/Container/BoundMethod::callBoundMethod(Object(Illuminate/Foundation/Application), Object(Closure), Object(Closure))
#19 D:/ServBay/www/pesantren-multi-client/vendor/laravel/framework/src/Illuminate/Container/Container.php(803): Illuminate/Container/BoundMethod::call(Object(Illuminate/Foundation/Application), Object(Closure), Array, NULL)
#20 D:/ServBay/www/pesantren-multi-client/vendor/laravel/framework/src/Illuminate/Support/ServiceProvider.php(150): Illuminate/Container/Container->call(Object(Closure))
#21 D:/ServBay/www/pesantren-multi-client/vendor/laravel/framework/src/Illuminate/Foundation/Application.php(1161): Illuminate/Support/ServiceProvider->callBootedCallbacks()
#22 D:/ServBay/www/pesantren-multi-client/vendor/laravel/framework/src/Illuminate/Foundation/Application.php(1139): Illuminate/Foundation/Application->bootProvider(Object(Illuminate/Foundation/Support/Providers/RouteServiceProvider))
#23 [internal function]: Illuminate/Foundation/Application->Illuminate/Foundation/{closure}(Object(Illuminate/Foundation/Support/Providers/RouteServiceProvider), 'Illuminate//Foun...')
#24 D:/ServBay/www/pesantren-multi-client/vendor/laravel/framework/src/Illuminate/Foundation/Application.php(1138): array_walk(Array, Object(Closure))
#25 D:/ServBay/www/pesantren-multi-client/vendor/laravel/framework/src/Illuminate/Foundation/Bootstrap/BootProviders.php(17): Illuminate/Foundation/Application->boot()
#26 D:/ServBay/www/pesantren-multi-client/vendor/laravel/framework/src/Illuminate/Foundation/Application.php(349): Illuminate/Foundation/Bootstrap/BootProviders->bootstrap(Object(Illuminate/Foundation/Application))
#27 D:/ServBay/www/pesantren-multi-client/vendor/laravel/framework/src/Illuminate/Foundation/Console/Kernel.php(507): Illuminate/Foundation/Application->bootstrapWith(Array)
#28 D:/ServBay/www/pesantren-multi-client/storage/framework/lsp-9127262d8a5c8a5f.php(5): Illuminate/Foundation/Console/Kernel->bootstrap()
#29 {main}
"} 
[2026-09-23 04:05:17] local.ERROR: require(D:\ServBay\www\pesantren-multi-client\routes/asrama.php): Failed to open stream: No such file or directory {"exception":"[object] (ErrorException(code: 0): require(D:\\ServBay\\www\\pesantren-multi-client\\routes/asrama.php): Failed to open stream: No such file or directory at D:/ServBay/www/pesantren-multi-client/vendor/laravel/framework/src/Illuminate/Routing/RouteFileRegistrar.php:34)
[stacktrace]
#0 D:/ServBay/www/pesantren-multi-client/vendor/laravel/framework/src/Illuminate/Foundation/Bootstrap/HandleExceptions.php(265): Illuminate/Foundation/Bootstrap/HandleExceptions->handleError(2, 'require(D://Serv...', 'D://ServBay//www//...', 34)
#1 D:/ServBay/www/pesantren-multi-client/vendor/laravel/framework/src/Illuminate/Routing/RouteFileRegistrar.php(34): Illuminate/Foundation/Bootstrap/HandleExceptions->Illuminate/Foundation/Bootstrap/{closure}(2, 'require(D://Serv...', 'D://ServBay//www//...', 34)
#2 D:/ServBay/www/pesantren-multi-client/vendor/laravel/framework/src/Illuminate/Routing/RouteFileRegistrar.php(34): require('D://ServBay//www//...')
#3 D:/ServBay/www/pesantren-multi-client/vendor/laravel/framework/src/Illuminate/Routing/Router.php(526): Illuminate/Routing/RouteFileRegistrar->register('D://ServBay//www//...')
#4 D:/ServBay/www/pesantren-multi-client/vendor/laravel/framework/src/Illuminate/Routing/Router.php(480): Illuminate/Routing/Router->loadRoutes('D://ServBay//www//...')
#5 D:/ServBay/www/pesantren-multi-client/vendor/laravel/framework/src/Illuminate/Routing/RouteRegistrar.php(224): Illuminate/Routing/Router->group(Array, 'D://ServBay//www//...')
#6 D:/ServBay/www/pesantren-multi-client/bootstrap/app.php(40): Illuminate/Routing/RouteRegistrar->group('D://ServBay//www//...')
#7 D:/ServBay/www/pesantren-multi-client/vendor/laravel/framework/src/Illuminate/Foundation/Configuration/ApplicationBuilder.php(276): {closure}(Object(Illuminate/Foundation/Application))
#8 D:/ServBay/www/pesantren-multi-client/vendor/laravel/framework/src/Illuminate/Container/BoundMethod.php(36): Illuminate/Foundation/Configuration/ApplicationBuilder->Illuminate/Foundation/Configuration/{closure}()
#9 D:/ServBay/www/pesantren-multi-client/vendor/laravel/framework/src/Illuminate/Container/Util.php(43): Illuminate/Container/BoundMethod::Illuminate/Container/{closure}()
#10 D:/ServBay/www/pesantren-multi-client/vendor/laravel/framework/src/Illuminate/Container/BoundMethod.php(84): Illuminate/Container/Util::unwrapIfClosure(Object(Closure))
#11 D:/ServBay/www/pesantren-multi-client/vendor/laravel/framework/src/Illuminate/Container/BoundMethod.php(35): Illuminate/Container/BoundMethod::callBoundMethod(Object(Illuminate/Foundation/Application), Object(Closure), Object(Closure))
#12 D:/ServBay/www/pesantren-multi-client/vendor/laravel/framework/src/Illuminate/Container/Container.php(803): Illuminate/Container/BoundMethod::call(Object(Illuminate/Foundation/Application), Object(Closure), Array, NULL)
#13 D:/ServBay/www/pesantren-multi-client/vendor/laravel/framework/src/Illuminate/Foundation/Support/Providers/RouteServiceProvider.php(162): Illuminate/Container/Container->call(Object(Closure))
#14 D:/ServBay/www/pesantren-multi-client/vendor/laravel/framework/src/Illuminate/Foundation/Support/Providers/RouteServiceProvider.php(59): Illuminate/Foundation/Support/Providers/RouteServiceProvider->loadRoutes()
#15 D:/ServBay/www/pesantren-multi-client/vendor/laravel/framework/src/Illuminate/Container/BoundMethod.php(36): Illuminate/Foundation/Support/Providers/RouteServiceProvider->Illuminate/Foundation/Support/Providers/{closure}()
#16 D:/ServBay/www/pesantren-multi-client/vendor/laravel/framework/src/Illuminate/Container/Util.php(43): Illuminate/Container/BoundMethod::Illuminate/Container/{closure}()
#17 D:/ServBay/www/pesantren-multi-client/vendor/laravel/framework/src/Illuminate/Container/BoundMethod.php(84): Illuminate/Container/Util::unwrapIfClosure(Object(Closure))
#18 D:/ServBay/www/pesantren-multi-client/vendor/laravel/framework/src/Illuminate/Container/BoundMethod.php(35): Illuminate/Container/BoundMethod::callBoundMethod(Object(Illuminate/Foundation/Application), Object(Closure), Object(Closure))
#19 D:/ServBay/www/pesantren-multi-client/vendor/laravel/framework/src/Illuminate/Container/Container.php(803): Illuminate/Container/BoundMethod::call(Object(Illuminate/Foundation/Application), Object(Closure), Array, NULL)
#20 D:/ServBay/www/pesantren-multi-client/vendor/laravel/framework/src/Illuminate/Support/ServiceProvider.php(150): Illuminate/Container/Container->call(Object(Closure))
#21 D:/ServBay/www/pesantren-multi-client/vendor/laravel/framework/src/Illuminate/Foundation/Application.php(1161): Illuminate/Support/ServiceProvider->callBootedCallbacks()
#22 D:/ServBay/www/pesantren-multi-client/vendor/laravel/framework/src/Illuminate/Foundation/Application.php(1139): Illuminate/Foundation/Application->bootProvider(Object(Illuminate/Foundation/Support/Providers/RouteServiceProvider))
#23 [internal function]: Illuminate/Foundation/Application->Illuminate/Foundation/{closure}(Object(Illuminate/Foundation/Support/Providers/RouteServiceProvider), 'Illuminate//Foun...')
#24 D:/ServBay/www/pesantren-multi-client/vendor/laravel/framework/src/Illuminate/Foundation/Application.php(1138): array_walk(Array, Object(Closure))
#25 D:/ServBay/www/pesantren-multi-client/vendor/laravel/framework/src/Illuminate/Foundation/Bootstrap/BootProviders.php(17): Illuminate/Foundation/Application->boot()
#26 D:/ServBay/www/pesantren-multi-client/vendor/laravel/framework/src/Illuminate/Foundation/Application.php(349): Illuminate/Foundation/Bootstrap/BootProviders->bootstrap(Object(Illuminate/Foundation/Application))
#27 D:/ServBay/www/pesantren-multi-client/vendor/laravel/framework/src/Illuminate/Foundation/Console/Kernel.php(507): Illuminate/Foundation/Application->bootstrapWith(Array)
#28 D:/ServBay/www/pesantren-multi-client/storage/framework/lsp-97cf13c7dfe82b24.php(5): Illuminate/Foundation/Console/Kernel->bootstrap()
#29 {main}
"} 
[2026-09-23 04:05:23] local.ERROR: require(D:\ServBay\www\pesantren-multi-client\routes/wali.php): Failed to open stream: No such file or directory {"exception":"[object] (ErrorException(code: 0): require(D:\\ServBay\\www\\pesantren-multi-client\\routes/wali.php): Failed to open stream: No such file or directory at D:/ServBay/www/pesantren-multi-client/vendor/laravel/framework/src/Illuminate/Routing/RouteFileRegistrar.php:34)
[stacktrace]
#0 D:/ServBay/www/pesantren-multi-client/vendor/laravel/framework/src/Illuminate/Foundation/Bootstrap/HandleExceptions.php(265): Illuminate/Foundation/Bootstrap/HandleExceptions->handleError(2, 'require(D://Serv...', 'D://ServBay//www//...', 34)
#1 D:/ServBay/www/pesantren-multi-client/vendor/laravel/framework/src/Illuminate/Routing/RouteFileRegistrar.php(34): Illuminate/Foundation/Bootstrap/HandleExceptions->Illuminate/Foundation/Bootstrap/{closure}(2, 'require(D://Serv...', 'D://ServBay//www//...', 34)
#2 D:/ServBay/www/pesantren-multi-client/vendor/laravel/framework/src/Illuminate/Routing/RouteFileRegistrar.php(34): require('D://ServBay//www//...')
#3 D:/ServBay/www/pesantren-multi-client/vendor/laravel/framework/src/Illuminate/Routing/Router.php(526): Illuminate/Routing/RouteFileRegistrar->register('D://ServBay//www//...')
#4 D:/ServBay/www/pesantren-multi-client/vendor/laravel/framework/src/Illuminate/Routing/Router.php(480): Illuminate/Routing/Router->loadRoutes('D://ServBay//www//...')
#5 D:/ServBay/www/pesantren-multi-client/vendor/laravel/framework/src/Illuminate/Routing/RouteRegistrar.php(224): Illuminate/Routing/Router->group(Array, 'D://ServBay//www//...')
#6 D:/ServBay/www/pesantren-multi-client/bootstrap/app.php(47): Illuminate/Routing/RouteRegistrar->group('D://ServBay//www//...')
#7 D:/ServBay/www/pesantren-multi-client/vendor/laravel/framework/src/Illuminate/Foundation/Configuration/ApplicationBuilder.php(276): {closure}(Object(Illuminate/Foundation/Application))
#8 D:/ServBay/www/pesantren-multi-client/vendor/laravel/framework/src/Illuminate/Container/BoundMethod.php(36): Illuminate/Foundation/Configuration/ApplicationBuilder->Illuminate/Foundation/Configuration/{closure}()
#9 D:/ServBay/www/pesantren-multi-client/vendor/laravel/framework/src/Illuminate/Container/Util.php(43): Illuminate/Container/BoundMethod::Illuminate/Container/{closure}()
#10 D:/ServBay/www/pesantren-multi-client/vendor/laravel/framework/src/Illuminate/Container/BoundMethod.php(84): Illuminate/Container/Util::unwrapIfClosure(Object(Closure))
#11 D:/ServBay/www/pesantren-multi-client/vendor/laravel/framework/src/Illuminate/Container/BoundMethod.php(35): Illuminate/Container/BoundMethod::callBoundMethod(Object(Illuminate/Foundation/Application), Object(Closure), Object(Closure))
#12 D:/ServBay/www/pesantren-multi-client/vendor/laravel/framework/src/Illuminate/Container/Container.php(803): Illuminate/Container/BoundMethod::call(Object(Illuminate/Foundation/Application), Object(Closure), Array, NULL)
#13 D:/ServBay/www/pesantren-multi-client/vendor/laravel/framework/src/Illuminate/Foundation/Support/Providers/RouteServiceProvider.php(162): Illuminate/Container/Container->call(Object(Closure))
#14 D:/ServBay/www/pesantren-multi-client/vendor/laravel/framework/src/Illuminate/Foundation/Support/Providers/RouteServiceProvider.php(59): Illuminate/Foundation/Support/Providers/RouteServiceProvider->loadRoutes()
#15 D:/ServBay/www/pesantren-multi-client/vendor/laravel/framework/src/Illuminate/Container/BoundMethod.php(36): Illuminate/Foundation/Support/Providers/RouteServiceProvider->Illuminate/Foundation/Support/Providers/{closure}()
#16 D:/ServBay/www/pesantren-multi-client/vendor/laravel/framework/src/Illuminate/Container/Util.php(43): Illuminate/Container/BoundMethod::Illuminate/Container/{closure}()
#17 D:/ServBay/www/pesantren-multi-client/vendor/laravel/framework/src/Illuminate/Container/BoundMethod.php(84): Illuminate/Container/Util::unwrapIfClosure(Object(Closure))
#18 D:/ServBay/www/pesantren-multi-client/vendor/laravel/framework/src/Illuminate/Container/BoundMethod.php(35): Illuminate/Container/BoundMethod::callBoundMethod(Object(Illuminate/Foundation/Application), Object(Closure), Object(Closure))
#19 D:/ServBay/www/pesantren-multi-client/vendor/laravel/framework/src/Illuminate/Container/Container.php(803): Illuminate/Container/BoundMethod::call(Object(Illuminate/Foundation/Application), Object(Closure), Array, NULL)
#20 D:/ServBay/www/pesantren-multi-client/vendor/laravel/framework/src/Illuminate/Support/ServiceProvider.php(150): Illuminate/Container/Container->call(Object(Closure))
#21 D:/ServBay/www/pesantren-multi-client/vendor/laravel/framework/src/Illuminate/Foundation/Application.php(1161): Illuminate/Support/ServiceProvider->callBootedCallbacks()
#22 D:/ServBay/www/pesantren-multi-client/vendor/laravel/framework/src/Illuminate/Foundation/Application.php(1139): Illuminate/Foundation/Application->bootProvider(Object(Illuminate/Foundation/Support/Providers/RouteServiceProvider))
#23 [internal function]: Illuminate/Foundation/Application->Illuminate/Foundation/{closure}(Object(Illuminate/Foundation/Support/Providers/RouteServiceProvider), 'Illuminate//Foun...')
#24 D:/ServBay/www/pesantren-multi-client/vendor/laravel/framework/src/Illuminate/Foundation/Application.php(1138): array_walk(Array, Object(Closure))
#25 D:/ServBay/www/pesantren-multi-client/vendor/laravel/framework/src/Illuminate/Foundation/Bootstrap/BootProviders.php(17): Illuminate/Foundation/Application->boot()
#26 D:/ServBay/www/pesantren-multi-client/vendor/laravel/framework/src/Illuminate/Foundation/Application.php(349): Illuminate/Foundation/Bootstrap/BootProviders->bootstrap(Object(Illuminate/Foundation/Application))
#27 D:/ServBay/www/pesantren-multi-client/vendor/laravel/framework/src/Illuminate/Foundation/Console/Kernel.php(507): Illuminate/Foundation/Application->bootstrapWith(Array)
#28 D:/ServBay/www/pesantren-multi-client/storage/framework/lsp-e56a78b0a6c4a8a2.php(5): Illuminate/Foundation/Console/Kernel->bootstrap()
#29 {main}
"} 
[2026-09-23 04:05:29] local.ERROR: require(D:\ServBay\www\pesantren-multi-client\routes/santri.php): Failed to open stream: No such file or directory {"exception":"[object] (ErrorException(code: 0): require(D:\\ServBay\\www\\pesantren-multi-client\\routes/santri.php): Failed to open stream: No such file or directory at D:/ServBay/www/pesantren-multi-client/vendor/laravel/framework/src/Illuminate/Routing/RouteFileRegistrar.php:34)
[stacktrace]
#0 D:/ServBay/www/pesantren-multi-client/vendor/laravel/framework/src/Illuminate/Foundation/Bootstrap/HandleExceptions.php(265): Illuminate/Foundation/Bootstrap/HandleExceptions->handleError(2, 'require(D://Serv...', 'D://ServBay//www//...', 34)
#1 D:/ServBay/www/pesantren-multi-client/vendor/laravel/framework/src/Illuminate/Routing/RouteFileRegistrar.php(34): Illuminate/Foundation/Bootstrap/HandleExceptions->Illuminate/Foundation/Bootstrap/{closure}(2, 'require(D://Serv...', 'D://ServBay//www//...', 34)
#2 D:/ServBay/www/pesantren-multi-client/vendor/laravel/framework/src/Illuminate/Routing/RouteFileRegistrar.php(34): require('D://ServBay//www//...')
#3 D:/ServBay/www/pesantren-multi-client/vendor/laravel/framework/src/Illuminate/Routing/Router.php(526): Illuminate/Routing/RouteFileRegistrar->register('D://ServBay//www//...')
#4 D:/ServBay/www/pesantren-multi-client/vendor/laravel/framework/src/Illuminate/Routing/Router.php(480): Illuminate/Routing/Router->loadRoutes('D://ServBay//www//...')
#5 D:/ServBay/www/pesantren-multi-client/vendor/laravel/framework/src/Illuminate/Routing/RouteRegistrar.php(224): Illuminate/Routing/Router->group(Array, 'D://ServBay//www//...')
#6 D:/ServBay/www/pesantren-multi-client/bootstrap/app.php(54): Illuminate/Routing/RouteRegistrar->group('D://ServBay//www//...')
#7 D:/ServBay/www/pesantren-multi-client/vendor/laravel/framework/src/Illuminate/Foundation/Configuration/ApplicationBuilder.php(276): {closure}(Object(Illuminate/Foundation/Application))
#8 D:/ServBay/www/pesantren-multi-client/vendor/laravel/framework/src/Illuminate/Container/BoundMethod.php(36): Illuminate/Foundation/Configuration/ApplicationBuilder->Illuminate/Foundation/Configuration/{closure}()
#9 D:/ServBay/www/pesantren-multi-client/vendor/laravel/framework/src/Illuminate/Container/Util.php(43): Illuminate/Container/BoundMethod::Illuminate/Container/{closure}()
#10 D:/ServBay/www/pesantren-multi-client/vendor/laravel/framework/src/Illuminate/Container/BoundMethod.php(84): Illuminate/Container/Util::unwrapIfClosure(Object(Closure))
#11 D:/ServBay/www/pesantren-multi-client/vendor/laravel/framework/src/Illuminate/Container/BoundMethod.php(35): Illuminate/Container/BoundMethod::callBoundMethod(Object(Illuminate/Foundation/Application), Object(Closure), Object(Closure))
#12 D:/ServBay/www/pesantren-multi-client/vendor/laravel/framework/src/Illuminate/Container/Container.php(803): Illuminate/Container/BoundMethod::call(Object(Illuminate/Foundation/Application), Object(Closure), Array, NULL)
#13 D:/ServBay/www/pesantren-multi-client/vendor/laravel/framework/src/Illuminate/Foundation/Support/Providers/RouteServiceProvider.php(162): Illuminate/Container/Container->call(Object(Closure))
#14 D:/ServBay/www/pesantren-multi-client/vendor/laravel/framework/src/Illuminate/Foundation/Support/Providers/RouteServiceProvider.php(59): Illuminate/Foundation/Support/Providers/RouteServiceProvider->loadRoutes()
#15 D:/ServBay/www/pesantren-multi-client/vendor/laravel/framework/src/Illuminate/Container/BoundMethod.php(36): Illuminate/Foundation/Support/Providers/RouteServiceProvider->Illuminate/Foundation/Support/Providers/{closure}()
#16 D:/ServBay/www/pesantren-multi-client/vendor/laravel/framework/src/Illuminate/Container/Util.php(43): Illuminate/Container/BoundMethod::Illuminate/Container/{closure}()
#17 D:/ServBay/www/pesantren-multi-client/vendor/laravel/framework/src/Illuminate/Container/BoundMethod.php(84): Illuminate/Container/Util::unwrapIfClosure(Object(Closure))
#18 D:/ServBay/www/pesantren-multi-client/vendor/laravel/framework/src/Illuminate/Container/BoundMethod.php(35): Illuminate/Container/BoundMethod::callBoundMethod(Object(Illuminate/Foundation/Application), Object(Closure), Object(Closure))
#19 D:/ServBay/www/pesantren-multi-client/vendor/laravel/framework/src/Illuminate/Container/Container.php(803): Illuminate/Container/BoundMethod::call(Object(Illuminate/Foundation/Application), Object(Closure), Array, NULL)
#20 D:/ServBay/www/pesantren-multi-client/vendor/laravel/framework/src/Illuminate/Support/ServiceProvider.php(150): Illuminate/Container/Container->call(Object(Closure))
#21 D:/ServBay/www/pesantren-multi-client/vendor/laravel/framework/src/Illuminate/Foundation/Application.php(1161): Illuminate/Support/ServiceProvider->callBootedCallbacks()
#22 D:/ServBay/www/pesantren-multi-client/vendor/laravel/framework/src/Illuminate/Foundation/Application.php(1139): Illuminate/Foundation/Application->bootProvider(Object(Illuminate/Foundation/Support/Providers/RouteServiceProvider))
#23 [internal function]: Illuminate/Foundation/Application->Illuminate/Foundation/{closure}(Object(Illuminate/Foundation/Support/Providers/RouteServiceProvider), 'Illuminate//Foun...')
#24 D:/ServBay/www/pesantren-multi-client/vendor/laravel/framework/src/Illuminate/Foundation/Application.php(1138): array_walk(Array, Object(Closure))
#25 D:/ServBay/www/pesantren-multi-client/vendor/laravel/framework/src/Illuminate/Foundation/Bootstrap/BootProviders.php(17): Illuminate/Foundation/Application->boot()
#26 D:/ServBay/www/pesantren-multi-client/vendor/laravel/framework/src/Illuminate/Foundation/Application.php(349): Illuminate/Foundation/Bootstrap/BootProviders->bootstrap(Object(Illuminate/Foundation/Application))
#27 D:/ServBay/www/pesantren-multi-client/vendor/laravel/framework/src/Illuminate/Foundation/Console/Kernel.php(507): Illuminate/Foundation/Application->bootstrapWith(Array)
#28 D:/ServBay/www/pesantren-multi-client/storage/framework/lsp-d311a9e5cdfcbe74.php(5): Illuminate/Foundation/Console/Kernel->bootstrap()
#29 {main}
"} 
[2026-09-23 04:06:06] local.ERROR: require(D:\ServBay\www\pesantren-multi-client\routes/platform.php): Failed to open stream: No such file or directory {"exception":"[object] (ErrorException(code: 0): require(D:\\ServBay\\www\\pesantren-multi-client\\routes/platform.php): Failed to open stream: No such file or directory at D:/ServBay/www/pesantren-multi-client/vendor/laravel/framework/src/Illuminate/Routing/RouteFileRegistrar.php:34)
[stacktrace]
#0 D:/ServBay/www/pesantren-multi-client/vendor/laravel/framework/src/Illuminate/Foundation/Bootstrap/HandleExceptions.php(265): Illuminate/Foundation/Bootstrap/HandleExceptions->handleError(2, 'require(D://Serv...', 'D://ServBay//www//...', 34)
#1 D:/ServBay/www/pesantren-multi-client/vendor/laravel/framework/src/Illuminate/Routing/RouteFileRegistrar.php(34): Illuminate/Foundation/Bootstrap/HandleExceptions->Illuminate/Foundation/Bootstrap/{closure}(2, 'require(D://Serv...', 'D://ServBay//www//...', 34)
#2 D:/ServBay/www/pesantren-multi-client/vendor/laravel/framework/src/Illuminate/Routing/RouteFileRegistrar.php(34): require('D://ServBay//www//...')
#3 D:/ServBay/www/pesantren-multi-client/vendor/laravel/framework/src/Illuminate/Routing/Router.php(526): Illuminate/Routing/RouteFileRegistrar->register('D://ServBay//www//...')
#4 D:/ServBay/www/pesantren-multi-client/vendor/laravel/framework/src/Illuminate/Routing/Router.php(480): Illuminate/Routing/Router->loadRoutes('D://ServBay//www//...')
#5 D:/ServBay/www/pesantren-multi-client/vendor/laravel/framework/src/Illuminate/Routing/RouteRegistrar.php(224): Illuminate/Routing/Router->group(Array, 'D://ServBay//www//...')
#6 D:/ServBay/www/pesantren-multi-client/bootstrap/app.php(19): Illuminate/Routing/RouteRegistrar->group('D://ServBay//www//...')
#7 D:/ServBay/www/pesantren-multi-client/vendor/laravel/framework/src/Illuminate/Foundation/Configuration/ApplicationBuilder.php(276): {closure}(Object(Illuminate/Foundation/Application))
#8 D:/ServBay/www/pesantren-multi-client/vendor/laravel/framework/src/Illuminate/Container/BoundMethod.php(36): Illuminate/Foundation/Configuration/ApplicationBuilder->Illuminate/Foundation/Configuration/{closure}()
#9 D:/ServBay/www/pesantren-multi-client/vendor/laravel/framework/src/Illuminate/Container/Util.php(43): Illuminate/Container/BoundMethod::Illuminate/Container/{closure}()
#10 D:/ServBay/www/pesantren-multi-client/vendor/laravel/framework/src/Illuminate/Container/BoundMethod.php(84): Illuminate/Container/Util::unwrapIfClosure(Object(Closure))
#11 D:/ServBay/www/pesantren-multi-client/vendor/laravel/framework/src/Illuminate/Container/BoundMethod.php(35): Illuminate/Container/BoundMethod::callBoundMethod(Object(Illuminate/Foundation/Application), Object(Closure), Object(Closure))
#12 D:/ServBay/www/pesantren-multi-client/vendor/laravel/framework/src/Illuminate/Container/Container.php(803): Illuminate/Container/BoundMethod::call(Object(Illuminate/Foundation/Application), Object(Closure), Array, NULL)
#13 D:/ServBay/www/pesantren-multi-client/vendor/laravel/framework/src/Illuminate/Foundation/Support/Providers/RouteServiceProvider.php(162): Illuminate/Container/Container->call(Object(Closure))
#14 D:/ServBay/www/pesantren-multi-client/vendor/laravel/framework/src/Illuminate/Foundation/Support/Providers/RouteServiceProvider.php(59): Illuminate/Foundation/Support/Providers/RouteServiceProvider->loadRoutes()
#15 D:/ServBay/www/pesantren-multi-client/vendor/laravel/framework/src/Illuminate/Container/BoundMethod.php(36): Illuminate/Foundation/Support/Providers/RouteServiceProvider->Illuminate/Foundation/Support/Providers/{closure}()
#16 D:/ServBay/www/pesantren-multi-client/vendor/laravel/framework/src/Illuminate/Container/Util.php(43): Illuminate/Container/BoundMethod::Illuminate/Container/{closure}()
#17 D:/ServBay/www/pesantren-multi-client/vendor/laravel/framework/src/Illuminate/Container/BoundMethod.php(84): Illuminate/Container/Util::unwrapIfClosure(Object(Closure))
#18 D:/ServBay/www/pesantren-multi-client/vendor/laravel/framework/src/Illuminate/Container/BoundMethod.php(35): Illuminate/Container/BoundMethod::callBoundMethod(Object(Illuminate/Foundation/Application), Object(Closure), Object(Closure))
#19 D:/ServBay/www/pesantren-multi-client/vendor/laravel/framework/src/Illuminate/Container/Container.php(803): Illuminate/Container/BoundMethod::call(Object(Illuminate/Foundation/Application), Object(Closure), Array, NULL)
#20 D:/ServBay/www/pesantren-multi-client/vendor/laravel/framework/src/Illuminate/Support/ServiceProvider.php(150): Illuminate/Container/Container->call(Object(Closure))
#21 D:/ServBay/www/pesantren-multi-client/vendor/laravel/framework/src/Illuminate/Foundation/Application.php(1161): Illuminate/Support/ServiceProvider->callBootedCallbacks()
#22 D:/ServBay/www/pesantren-multi-client/vendor/laravel/framework/src/Illuminate/Foundation/Application.php(1139): Illuminate/Foundation/Application->bootProvider(Object(Illuminate/Foundation/Support/Providers/RouteServiceProvider))
#23 [internal function]: Illuminate/Foundation/Application->Illuminate/Foundation/{closure}(Object(Illuminate/Foundation/Support/Providers/RouteServiceProvider), 'Illuminate//Foun...')
#24 D:/ServBay/www/pesantren-multi-client/vendor/laravel/framework/src/Illuminate/Foundation/Application.php(1138): array_walk(Array, Object(Closure))
#25 D:/ServBay/www/pesantren-multi-client/vendor/laravel/framework/src/Illuminate/Foundation/Bootstrap/BootProviders.php(17): Illuminate/Foundation/Application->boot()
#26 D:/ServBay/www/pesantren-multi-client/vendor/laravel/framework/src/Illuminate/Foundation/Application.php(349): Illuminate/Foundation/Bootstrap/BootProviders->bootstrap(Object(Illuminate/Foundation/Application))
#27 D:/ServBay/www/pesantren-multi-client/vendor/laravel/framework/src/Illuminate/Foundation/Console/Kernel.php(507): Illuminate/Foundation/Application->bootstrapWith(Array)
#28 D:/ServBay/www/pesantren-multi-client/storage/framework/lsp-8a23995e617cdea7.php(5): Illuminate/Foundation/Console/Kernel->bootstrap()
#29 {main}
"} 
[2026-09-23 04:06:16] local.ERROR: require(D:\ServBay\www\pesantren-multi-client\routes/platform.php): Failed to open stream: No such file or directory {"exception":"[object] (ErrorException(code: 0): require(D:\\ServBay\\www\\pesantren-multi-client\\routes/platform.php): Failed to open stream: No such file or directory at D:/ServBay/www/pesantren-multi-client/vendor/laravel/framework/src/Illuminate/Routing/RouteFileRegistrar.php:34)
[stacktrace]
#0 D:/ServBay/www/pesantren-multi-client/vendor/laravel/framework/src/Illuminate/Foundation/Bootstrap/HandleExceptions.php(265): Illuminate/Foundation/Bootstrap/HandleExceptions->handleError(2, 'require(D://Serv...', 'D://ServBay//www//...', 34)
#1 D:/ServBay/www/pesantren-multi-client/vendor/laravel/framework/src/Illuminate/Routing/RouteFileRegistrar.php(34): Illuminate/Foundation/Bootstrap/HandleExceptions->Illuminate/Foundation/Bootstrap/{closure}(2, 'require(D://Serv...', 'D://ServBay//www//...', 34)
#2 D:/ServBay/www/pesantren-multi-client/vendor/laravel/framework/src/Illuminate/Routing/RouteFileRegistrar.php(34): require('D://ServBay//www//...')
#3 D:/ServBay/www/pesantren-multi-client/vendor/laravel/framework/src/Illuminate/Routing/Router.php(526): Illuminate/Routing/RouteFileRegistrar->register('D://ServBay//www//...')
#4 D:/ServBay/www/pesantren-multi-client/vendor/laravel/framework/src/Illuminate/Routing/Router.php(480): Illuminate/Routing/Router->loadRoutes('D://ServBay//www//...')
#5 D:/ServBay/www/pesantren-multi-client/vendor/laravel/framework/src/Illuminate/Routing/RouteRegistrar.php(224): Illuminate/Routing/Router->group(Array, 'D://ServBay//www//...')
#6 D:/ServBay/www/pesantren-multi-client/bootstrap/app.php(19): Illuminate/Routing/RouteRegistrar->group('D://ServBay//www//...')
#7 D:/ServBay/www/pesantren-multi-client/vendor/laravel/framework/src/Illuminate/Foundation/Configuration/ApplicationBuilder.php(276): {closure}(Object(Illuminate/Foundation/Application))
#8 D:/ServBay/www/pesantren-multi-client/vendor/laravel/framework/src/Illuminate/Container/BoundMethod.php(36): Illuminate/Foundation/Configuration/ApplicationBuilder->Illuminate/Foundation/Configuration/{closure}()
#9 D:/ServBay/www/pesantren-multi-client/vendor/laravel/framework/src/Illuminate/Container/Util.php(43): Illuminate/Container/BoundMethod::Illuminate/Container/{closure}()
#10 D:/ServBay/www/pesantren-multi-client/vendor/laravel/framework/src/Illuminate/Container/BoundMethod.php(84): Illuminate/Container/Util::unwrapIfClosure(Object(Closure))
#11 D:/ServBay/www/pesantren-multi-client/vendor/laravel/framework/src/Illuminate/Container/BoundMethod.php(35): Illuminate/Container/BoundMethod::callBoundMethod(Object(Illuminate/Foundation/Application), Object(Closure), Object(Closure))
#12 D:/ServBay/www/pesantren-multi-client/vendor/laravel/framework/src/Illuminate/Container/Container.php(803): Illuminate/Container/BoundMethod::call(Object(Illuminate/Foundation/Application), Object(Closure), Array, NULL)
#13 D:/ServBay/www/pesantren-multi-client/vendor/laravel/framework/src/Illuminate/Foundation/Support/Providers/RouteServiceProvider.php(162): Illuminate/Container/Container->call(Object(Closure))
#14 D:/ServBay/www/pesantren-multi-client/vendor/laravel/framework/src/Illuminate/Foundation/Support/Providers/RouteServiceProvider.php(59): Illuminate/Foundation/Support/Providers/RouteServiceProvider->loadRoutes()
#15 D:/ServBay/www/pesantren-multi-client/vendor/laravel/framework/src/Illuminate/Container/BoundMethod.php(36): Illuminate/Foundation/Support/Providers/RouteServiceProvider->Illuminate/Foundation/Support/Providers/{closure}()
#16 D:/ServBay/www/pesantren-multi-client/vendor/laravel/framework/src/Illuminate/Container/Util.php(43): Illuminate/Container/BoundMethod::Illuminate/Container/{closure}()
#17 D:/ServBay/www/pesantren-multi-client/vendor/laravel/framework/src/Illuminate/Container/BoundMethod.php(84): Illuminate/Container/Util::unwrapIfClosure(Object(Closure))
#18 D:/ServBay/www/pesantren-multi-client/vendor/laravel/framework/src/Illuminate/Container/BoundMethod.php(35): Illuminate/Container/BoundMethod::callBoundMethod(Object(Illuminate/Foundation/Application), Object(Closure), Object(Closure))
#19 D:/ServBay/www/pesantren-multi-client/vendor/laravel/framework/src/Illuminate/Container/Container.php(803): Illuminate/Container/BoundMethod::call(Object(Illuminate/Foundation/Application), Object(Closure), Array, NULL)
#20 D:/ServBay/www/pesantren-multi-client/vendor/laravel/framework/src/Illuminate/Support/ServiceProvider.php(150): Illuminate/Container/Container->call(Object(Closure))
#21 D:/ServBay/www/pesantren-multi-client/vendor/laravel/framework/src/Illuminate/Foundation/Application.php(1161): Illuminate/Support/ServiceProvider->callBootedCallbacks()
#22 D:/ServBay/www/pesantren-multi-client/vendor/laravel/framework/src/Illuminate/Foundation/Application.php(1139): Illuminate/Foundation/Application->bootProvider(Object(Illuminate/Foundation/Support/Providers/RouteServiceProvider))
#23 [internal function]: Illuminate/Foundation/Application->Illuminate/Foundation/{closure}(Object(Illuminate/Foundation/Support/Providers/RouteServiceProvider), 'Illuminate//Foun...')
#24 D:/ServBay/www/pesantren-multi-client/vendor/laravel/framework/src/Illuminate/Foundation/Application.php(1138): array_walk(Array, Object(Closure))
#25 D:/ServBay/www/pesantren-multi-client/vendor/laravel/framework/src/Illuminate/Foundation/Bootstrap/BootProviders.php(17): Illuminate/Foundation/Application->boot()
#26 D:/ServBay/www/pesantren-multi-client/vendor/laravel/framework/src/Illuminate/Foundation/Application.php(349): Illuminate/Foundation/Bootstrap/BootProviders->bootstrap(Object(Illuminate/Foundation/Application))
#27 D:/ServBay/www/pesantren-multi-client/vendor/laravel/framework/src/Illuminate/Foundation/Console/Kernel.php(507): Illuminate/Foundation/Application->bootstrapWith(Array)
#28 D:/ServBay/www/pesantren-multi-client/storage/framework/lsp-3198d512c7339661.php(5): Illuminate/Foundation/Console/Kernel->bootstrap()
#29 {main}
"} 
[2026-09-23 04:06:22] local.ERROR: require(D:\ServBay\www\pesantren-multi-client\routes/platform.php): Failed to open stream: No such file or directory {"exception":"[object] (ErrorException(code: 0): require(D:\\ServBay\\www\\pesantren-multi-client\\routes/platform.php): Failed to open stream: No such file or directory at D:/ServBay/www/pesantren-multi-client/vendor/laravel/framework/src/Illuminate/Routing/RouteFileRegistrar.php:34)
[stacktrace]
#0 D:/ServBay/www/pesantren-multi-client/vendor/laravel/framework/src/Illuminate/Foundation/Bootstrap/HandleExceptions.php(265): Illuminate/Foundation/Bootstrap/HandleExceptions->handleError(2, 'require(D://Serv...', 'D://ServBay//www//...', 34)
#1 D:/ServBay/www/pesantren-multi-client/vendor/laravel/framework/src/Illuminate/Routing/RouteFileRegistrar.php(34): Illuminate/Foundation/Bootstrap/HandleExceptions->Illuminate/Foundation/Bootstrap/{closure}(2, 'require(D://Serv...', 'D://ServBay//www//...', 34)
#2 D:/ServBay/www/pesantren-multi-client/vendor/laravel/framework/src/Illuminate/Routing/RouteFileRegistrar.php(34): require('D://ServBay//www//...')
#3 D:/ServBay/www/pesantren-multi-client/vendor/laravel/framework/src/Illuminate/Routing/Router.php(526): Illuminate/Routing/RouteFileRegistrar->register('D://ServBay//www//...')
#4 D:/ServBay/www/pesantren-multi-client/vendor/laravel/framework/src/Illuminate/Routing/Router.php(480): Illuminate/Routing/Router->loadRoutes('D://ServBay//www//...')
#5 D:/ServBay/www/pesantren-multi-client/vendor/laravel/framework/src/Illuminate/Routing/RouteRegistrar.php(224): Illuminate/Routing/Router->group(Array, 'D://ServBay//www//...')
#6 D:/ServBay/www/pesantren-multi-client/bootstrap/app.php(19): Illuminate/Routing/RouteRegistrar->group('D://ServBay//www//...')
#7 D:/ServBay/www/pesantren-multi-client/vendor/laravel/framework/src/Illuminate/Foundation/Configuration/ApplicationBuilder.php(276): {closure}(Object(Illuminate/Foundation/Application))
#8 D:/ServBay/www/pesantren-multi-client/vendor/laravel/framework/src/Illuminate/Container/BoundMethod.php(36): Illuminate/Foundation/Configuration/ApplicationBuilder->Illuminate/Foundation/Configuration/{closure}()
#9 D:/ServBay/www/pesantren-multi-client/vendor/laravel/framework/src/Illuminate/Container/Util.php(43): Illuminate/Container/BoundMethod::Illuminate/Container/{closure}()
#10 D:/ServBay/www/pesantren-multi-client/vendor/laravel/framework/src/Illuminate/Container/BoundMethod.php(84): Illuminate/Container/Util::unwrapIfClosure(Object(Closure))
#11 D:/ServBay/www/pesantren-multi-client/vendor/laravel/framework/src/Illuminate/Container/BoundMethod.php(35): Illuminate/Container/BoundMethod::callBoundMethod(Object(Illuminate/Foundation/Application), Object(Closure), Object(Closure))
#12 D:/ServBay/www/pesantren-multi-client/vendor/laravel/framework/src/Illuminate/Container/Container.php(803): Illuminate/Container/BoundMethod::call(Object(Illuminate/Foundation/Application), Object(Closure), Array, NULL)
#13 D:/ServBay/www/pesantren-multi-client/vendor/laravel/framework/src/Illuminate/Foundation/Support/Providers/RouteServiceProvider.php(162): Illuminate/Container/Container->call(Object(Closure))
#14 D:/ServBay/www/pesantren-multi-client/vendor/laravel/framework/src/Illuminate/Foundation/Support/Providers/RouteServiceProvider.php(59): Illuminate/Foundation/Support/Providers/RouteServiceProvider->loadRoutes()
#15 D:/ServBay/www/pesantren-multi-client/vendor/laravel/framework/src/Illuminate/Container/BoundMethod.php(36): Illuminate/Foundation/Support/Providers/RouteServiceProvider->Illuminate/Foundation/Support/Providers/{closure}()
#16 D:/ServBay/www/pesantren-multi-client/vendor/laravel/framework/src/Illuminate/Container/Util.php(43): Illuminate/Container/BoundMethod::Illuminate/Container/{closure}()
#17 D:/ServBay/www/pesantren-multi-client/vendor/laravel/framework/src/Illuminate/Container/BoundMethod.php(84): Illuminate/Container/Util::unwrapIfClosure(Object(Closure))
#18 D:/ServBay/www/pesantren-multi-client/vendor/laravel/framework/src/Illuminate/Container/BoundMethod.php(35): Illuminate/Container/BoundMethod::callBoundMethod(Object(Illuminate/Foundation/Application), Object(Closure), Object(Closure))
#19 D:/ServBay/www/pesantren-multi-client/vendor/laravel/framework/src/Illuminate/Container/Container.php(803): Illuminate/Container/BoundMethod::call(Object(Illuminate/Foundation/Application), Object(Closure), Array, NULL)
#20 D:/ServBay/www/pesantren-multi-client/vendor/laravel/framework/src/Illuminate/Support/ServiceProvider.php(150): Illuminate/Container/Container->call(Object(Closure))
#21 D:/ServBay/www/pesantren-multi-client/vendor/laravel/framework/src/Illuminate/Foundation/Application.php(1161): Illuminate/Support/ServiceProvider->callBootedCallbacks()
#22 D:/ServBay/www/pesantren-multi-client/vendor/laravel/framework/src/Illuminate/Foundation/Application.php(1139): Illuminate/Foundation/Application->bootProvider(Object(Illuminate/Foundation/Support/Providers/RouteServiceProvider))
#23 [internal function]: Illuminate/Foundation/Application->Illuminate/Foundation/{closure}(Object(Illuminate/Foundation/Support/Providers/RouteServiceProvider), 'Illuminate//Foun...')
#24 D:/ServBay/www/pesantren-multi-client/vendor/laravel/framework/src/Illuminate/Foundation/Application.php(1138): array_walk(Array, Object(Closure))
#25 D:/ServBay/www/pesantren-multi-client/vendor/laravel/framework/src/Illuminate/Foundation/Bootstrap/BootProviders.php(17): Illuminate/Foundation/Application->boot()
#26 D:/ServBay/www/pesantren-multi-client/vendor/laravel/framework/src/Illuminate/Foundation/Application.php(349): Illuminate/Foundation/Bootstrap/BootProviders->bootstrap(Object(Illuminate/Foundation/Application))
#27 D:/ServBay/www/pesantren-multi-client/vendor/laravel/framework/src/Illuminate/Foundation/Console/Kernel.php(507): Illuminate/Foundation/Application->bootstrapWith(Array)
#28 D:/ServBay/www/pesantren-multi-client/storage/framework/lsp-22c5b07989068a61.php(5): Illuminate/Foundation/Console/Kernel->bootstrap()
#29 {main}
"} 
[2026-09-23 04:06:28] local.ERROR: require(D:\ServBay\www\pesantren-multi-client\routes/platform.php): Failed to open stream: No such file or directory {"exception":"[object] (ErrorException(code: 0): require(D:\\ServBay\\www\\pesantren-multi-client\\routes/platform.php): Failed to open stream: No such file or directory at D:/ServBay/www/pesantren-multi-client/vendor/laravel/framework/src/Illuminate/Routing/RouteFileRegistrar.php:34)
[stacktrace]
#0 D:/ServBay/www/pesantren-multi-client/vendor/laravel/framework/src/Illuminate/Foundation/Bootstrap/HandleExceptions.php(265): Illuminate/Foundation/Bootstrap/HandleExceptions->handleError(2, 'require(D://Serv...', 'D://ServBay//www//...', 34)
#1 D:/ServBay/www/pesantren-multi-client/vendor/laravel/framework/src/Illuminate/Routing/RouteFileRegistrar.php(34): Illuminate/Foundation/Bootstrap/HandleExceptions->Illuminate/Foundation/Bootstrap/{closure}(2, 'require(D://Serv...', 'D://ServBay//www//...', 34)
#2 D:/ServBay/www/pesantren-multi-client/vendor/laravel/framework/src/Illuminate/Routing/RouteFileRegistrar.php(34): require('D://ServBay//www//...')
#3 D:/ServBay/www/pesantren-multi-client/vendor/laravel/framework/src/Illuminate/Routing/Router.php(526): Illuminate/Routing/RouteFileRegistrar->register('D://ServBay//www//...')
#4 D:/ServBay/www/pesantren-multi-client/vendor/laravel/framework/src/Illuminate/Routing/Router.php(480): Illuminate/Routing/Router->loadRoutes('D://ServBay//www//...')
#5 D:/ServBay/www/pesantren-multi-client/vendor/laravel/framework/src/Illuminate/Routing/RouteRegistrar.php(224): Illuminate/Routing/Router->group(Array, 'D://ServBay//www//...')
#6 D:/ServBay/www/pesantren-multi-client/bootstrap/app.php(19): Illuminate/Routing/RouteRegistrar->group('D://ServBay//www//...')
#7 D:/ServBay/www/pesantren-multi-client/vendor/laravel/framework/src/Illuminate/Foundation/Configuration/ApplicationBuilder.php(276): {closure}(Object(Illuminate/Foundation/Application))
#8 D:/ServBay/www/pesantren-multi-client/vendor/laravel/framework/src/Illuminate/Container/BoundMethod.php(36): Illuminate/Foundation/Configuration/ApplicationBuilder->Illuminate/Foundation/Configuration/{closure}()
#9 D:/ServBay/www/pesantren-multi-client/vendor/laravel/framework/src/Illuminate/Container/Util.php(43): Illuminate/Container/BoundMethod::Illuminate/Container/{closure}()
#10 D:/ServBay/www/pesantren-multi-client/vendor/laravel/framework/src/Illuminate/Container/BoundMethod.php(84): Illuminate/Container/Util::unwrapIfClosure(Object(Closure))
#11 D:/ServBay/www/pesantren-multi-client/vendor/laravel/framework/src/Illuminate/Container/BoundMethod.php(35): Illuminate/Container/BoundMethod::callBoundMethod(Object(Illuminate/Foundation/Application), Object(Closure), Object(Closure))
#12 D:/ServBay/www/pesantren-multi-client/vendor/laravel/framework/src/Illuminate/Container/Container.php(803): Illuminate/Container/BoundMethod::call(Object(Illuminate/Foundation/Application), Object(Closure), Array, NULL)
#13 D:/ServBay/www/pesantren-multi-client/vendor/laravel/framework/src/Illuminate/Foundation/Support/Providers/RouteServiceProvider.php(162): Illuminate/Container/Container->call(Object(Closure))
#14 D:/ServBay/www/pesantren-multi-client/vendor/laravel/framework/src/Illuminate/Foundation/Support/Providers/RouteServiceProvider.php(59): Illuminate/Foundation/Support/Providers/RouteServiceProvider->loadRoutes()
#15 D:/ServBay/www/pesantren-multi-client/vendor/laravel/framework/src/Illuminate/Container/BoundMethod.php(36): Illuminate/Foundation/Support/Providers/RouteServiceProvider->Illuminate/Foundation/Support/Providers/{closure}()
#16 D:/ServBay/www/pesantren-multi-client/vendor/laravel/framework/src/Illuminate/Container/Util.php(43): Illuminate/Container/BoundMethod::Illuminate/Container/{closure}()
#17 D:/ServBay/www/pesantren-multi-client/vendor/laravel/framework/src/Illuminate/Container/BoundMethod.php(84): Illuminate/Container/Util::unwrapIfClosure(Object(Closure))
#18 D:/ServBay/www/pesantren-multi-client/vendor/laravel/framework/src/Illuminate/Container/BoundMethod.php(35): Illuminate/Container/BoundMethod::callBoundMethod(Object(Illuminate/Foundation/Application), Object(Closure), Object(Closure))
#19 D:/ServBay/www/pesantren-multi-client/vendor/laravel/framework/src/Illuminate/Container/Container.php(803): Illuminate/Container/BoundMethod::call(Object(Illuminate/Foundation/Application), Object(Closure), Array, NULL)
#20 D:/ServBay/www/pesantren-multi-client/vendor/laravel/framework/src/Illuminate/Support/ServiceProvider.php(150): Illuminate/Container/Container->call(Object(Closure))
#21 D:/ServBay/www/pesantren-multi-client/vendor/laravel/framework/src/Illuminate/Foundation/Application.php(1161): Illuminate/Support/ServiceProvider->callBootedCallbacks()
#22 D:/ServBay/www/pesantren-multi-client/vendor/laravel/framework/src/Illuminate/Foundation/Application.php(1139): Illuminate/Foundation/Application->bootProvider(Object(Illuminate/Foundation/Support/Providers/RouteServiceProvider))
#23 [internal function]: Illuminate/Foundation/Application->Illuminate/Foundation/{closure}(Object(Illuminate/Foundation/Support/Providers/RouteServiceProvider), 'Illuminate//Foun...')
#24 D:/ServBay/www/pesantren-multi-client/vendor/laravel/framework/src/Illuminate/Foundation/Application.php(1138): array_walk(Array, Object(Closure))
#25 D:/ServBay/www/pesantren-multi-client/vendor/laravel/framework/src/Illuminate/Foundation/Bootstrap/BootProviders.php(17): Illuminate/Foundation/Application->boot()
#26 D:/ServBay/www/pesantren-multi-client/vendor/laravel/framework/src/Illuminate/Foundation/Application.php(349): Illuminate/Foundation/Bootstrap/BootProviders->bootstrap(Object(Illuminate/Foundation/Application))
#27 D:/ServBay/www/pesantren-multi-client/vendor/laravel/framework/src/Illuminate/Foundation/Console/Kernel.php(507): Illuminate/Foundation/Application->bootstrapWith(Array)
#28 D:/ServBay/www/pesantren-multi-client/storage/framework/lsp-4862e3cf00a8a635.php(5): Illuminate/Foundation/Console/Kernel->bootstrap()
#29 {main}
"} 
[2026-09-23 04:06:34] local.ERROR: require(D:\ServBay\www\pesantren-multi-client\routes/platform.php): Failed to open stream: No such file or directory {"exception":"[object] (ErrorException(code: 0): require(D:\\ServBay\\www\\pesantren-multi-client\\routes/platform.php): Failed to open stream: No such file or directory at D:/ServBay/www/pesantren-multi-client/vendor/laravel/framework/src/Illuminate/Routing/RouteFileRegistrar.php:34)
[stacktrace]
#0 D:/ServBay/www/pesantren-multi-client/vendor/laravel/framework/src/Illuminate/Foundation/Bootstrap/HandleExceptions.php(265): Illuminate/Foundation/Bootstrap/HandleExceptions->handleError(2, 'require(D://Serv...', 'D://ServBay//www//...', 34)
#1 D:/ServBay/www/pesantren-multi-client/vendor/laravel/framework/src/Illuminate/Routing/RouteFileRegistrar.php(34): Illuminate/Foundation/Bootstrap/HandleExceptions->Illuminate/Foundation/Bootstrap/{closure}(2, 'require(D://Serv...', 'D://ServBay//www//...', 34)
#2 D:/ServBay/www/pesantren-multi-client/vendor/laravel/framework/src/Illuminate/Routing/RouteFileRegistrar.php(34): require('D://ServBay//www//...')
#3 D:/ServBay/www/pesantren-multi-client/vendor/laravel/framework/src/Illuminate/Routing/Router.php(526): Illuminate/Routing/RouteFileRegistrar->register('D://ServBay//www//...')
#4 D:/ServBay/www/pesantren-multi-client/vendor/laravel/framework/src/Illuminate/Routing/Router.php(480): Illuminate/Routing/Router->loadRoutes('D://ServBay//www//...')
#5 D:/ServBay/www/pesantren-multi-client/vendor/laravel/framework/src/Illuminate/Routing/RouteRegistrar.php(224): Illuminate/Routing/Router->group(Array, 'D://ServBay//www//...')
#6 D:/ServBay/www/pesantren-multi-client/bootstrap/app.php(19): Illuminate/Routing/RouteRegistrar->group('D://ServBay//www//...')
#7 D:/ServBay/www/pesantren-multi-client/vendor/laravel/framework/src/Illuminate/Foundation/Configuration/ApplicationBuilder.php(276): {closure}(Object(Illuminate/Foundation/Application))
#8 D:/ServBay/www/pesantren-multi-client/vendor/laravel/framework/src/Illuminate/Container/BoundMethod.php(36): Illuminate/Foundation/Configuration/ApplicationBuilder->Illuminate/Foundation/Configuration/{closure}()
#9 D:/ServBay/www/pesantren-multi-client/vendor/laravel/framework/src/Illuminate/Container/Util.php(43): Illuminate/Container/BoundMethod::Illuminate/Container/{closure}()
#10 D:/ServBay/www/pesantren-multi-client/vendor/laravel/framework/src/Illuminate/Container/BoundMethod.php(84): Illuminate/Container/Util::unwrapIfClosure(Object(Closure))
#11 D:/ServBay/www/pesantren-multi-client/vendor/laravel/framework/src/Illuminate/Container/BoundMethod.php(35): Illuminate/Container/BoundMethod::callBoundMethod(Object(Illuminate/Foundation/Application), Object(Closure), Object(Closure))
#12 D:/ServBay/www/pesantren-multi-client/vendor/laravel/framework/src/Illuminate/Container/Container.php(803): Illuminate/Container/BoundMethod::call(Object(Illuminate/Foundation/Application), Object(Closure), Array, NULL)
#13 D:/ServBay/www/pesantren-multi-client/vendor/laravel/framework/src/Illuminate/Foundation/Support/Providers/RouteServiceProvider.php(162): Illuminate/Container/Container->call(Object(Closure))
#14 D:/ServBay/www/pesantren-multi-client/vendor/laravel/framework/src/Illuminate/Foundation/Support/Providers/RouteServiceProvider.php(59): Illuminate/Foundation/Support/Providers/RouteServiceProvider->loadRoutes()
#15 D:/ServBay/www/pesantren-multi-client/vendor/laravel/framework/src/Illuminate/Container/BoundMethod.php(36): Illuminate/Foundation/Support/Providers/RouteServiceProvider->Illuminate/Foundation/Support/Providers/{closure}()
#16 D:/ServBay/www/pesantren-multi-client/vendor/laravel/framework/src/Illuminate/Container/Util.php(43): Illuminate/Container/BoundMethod::Illuminate/Container/{closure}()
#17 D:/ServBay/www/pesantren-multi-client/vendor/laravel/framework/src/Illuminate/Container/BoundMethod.php(84): Illuminate/Container/Util::unwrapIfClosure(Object(Closure))
#18 D:/ServBay/www/pesantren-multi-client/vendor/laravel/framework/src/Illuminate/Container/BoundMethod.php(35): Illuminate/Container/BoundMethod::callBoundMethod(Object(Illuminate/Foundation/Application), Object(Closure), Object(Closure))
#19 D:/ServBay/www/pesantren-multi-client/vendor/laravel/framework/src/Illuminate/Container/Container.php(803): Illuminate/Container/BoundMethod::call(Object(Illuminate/Foundation/Application), Object(Closure), Array, NULL)
#20 D:/ServBay/www/pesantren-multi-client/vendor/laravel/framework/src/Illuminate/Support/ServiceProvider.php(150): Illuminate/Container/Container->call(Object(Closure))
#21 D:/ServBay/www/pesantren-multi-client/vendor/laravel/framework/src/Illuminate/Foundation/Application.php(1161): Illuminate/Support/ServiceProvider->callBootedCallbacks()
#22 D:/ServBay/www/pesantren-multi-client/vendor/laravel/framework/src/Illuminate/Foundation/Application.php(1139): Illuminate/Foundation/Application->bootProvider(Object(Illuminate/Foundation/Support/Providers/RouteServiceProvider))
#23 [internal function]: Illuminate/Foundation/Application->Illuminate/Foundation/{closure}(Object(Illuminate/Foundation/Support/Providers/RouteServiceProvider), 'Illuminate//Foun...')
#24 D:/ServBay/www/pesantren-multi-client/vendor/laravel/framework/src/Illuminate/Foundation/Application.php(1138): array_walk(Array, Object(Closure))
#25 D:/ServBay/www/pesantren-multi-client/vendor/laravel/framework/src/Illuminate/Foundation/Bootstrap/BootProviders.php(17): Illuminate/Foundation/Application->boot()
#26 D:/ServBay/www/pesantren-multi-client/vendor/laravel/framework/src/Illuminate/Foundation/Application.php(349): Illuminate/Foundation/Bootstrap/BootProviders->bootstrap(Object(Illuminate/Foundation/Application))
#27 D:/ServBay/www/pesantren-multi-client/vendor/laravel/framework/src/Illuminate/Foundation/Console/Kernel.php(507): Illuminate/Foundation/Application->bootstrapWith(Array)
#28 D:/ServBay/www/pesantren-multi-client/storage/framework/lsp-e690a76651e2610f.php(5): Illuminate/Foundation/Console/Kernel->bootstrap()
#29 {main}
"} 
[2026-09-23 04:06:40] local.ERROR: require(D:\ServBay\www\pesantren-multi-client\routes/platform.php): Failed to open stream: No such file or directory {"exception":"[object] (ErrorException(code: 0): require(D:\\ServBay\\www\\pesantren-multi-client\\routes/platform.php): Failed to open stream: No such file or directory at D:/ServBay/www/pesantren-multi-client/vendor/laravel/framework/src/Illuminate/Routing/RouteFileRegistrar.php:34)
[stacktrace]
#0 D:/ServBay/www/pesantren-multi-client/vendor/laravel/framework/src/Illuminate/Foundation/Bootstrap/HandleExceptions.php(265): Illuminate/Foundation/Bootstrap/HandleExceptions->handleError(2, 'require(D://Serv...', 'D://ServBay//www//...', 34)
#1 D:/ServBay/www/pesantren-multi-client/vendor/laravel/framework/src/Illuminate/Routing/RouteFileRegistrar.php(34): Illuminate/Foundation/Bootstrap/HandleExceptions->Illuminate/Foundation/Bootstrap/{closure}(2, 'require(D://Serv...', 'D://ServBay//www//...', 34)
#2 D:/ServBay/www/pesantren-multi-client/vendor/laravel/framework/src/Illuminate/Routing/RouteFileRegistrar.php(34): require('D://ServBay//www//...')
#3 D:/ServBay/www/pesantren-multi-client/vendor/laravel/framework/src/Illuminate/Routing/Router.php(526): Illuminate/Routing/RouteFileRegistrar->register('D://ServBay//www//...')
#4 D:/ServBay/www/pesantren-multi-client/vendor/laravel/framework/src/Illuminate/Routing/Router.php(480): Illuminate/Routing/Router->loadRoutes('D://ServBay//www//...')
#5 D:/ServBay/www/pesantren-multi-client/vendor/laravel/framework/src/Illuminate/Routing/RouteRegistrar.php(224): Illuminate/Routing/Router->group(Array, 'D://ServBay//www//...')
#6 D:/ServBay/www/pesantren-multi-client/bootstrap/app.php(19): Illuminate/Routing/RouteRegistrar->group('D://ServBay//www//...')
#7 D:/ServBay/www/pesantren-multi-client/vendor/laravel/framework/src/Illuminate/Foundation/Configuration/ApplicationBuilder.php(276): {closure}(Object(Illuminate/Foundation/Application))
#8 D:/ServBay/www/pesantren-multi-client/vendor/laravel/framework/src/Illuminate/Container/BoundMethod.php(36): Illuminate/Foundation/Configuration/ApplicationBuilder->Illuminate/Foundation/Configuration/{closure}()
#9 D:/ServBay/www/pesantren-multi-client/vendor/laravel/framework/src/Illuminate/Container/Util.php(43): Illuminate/Container/BoundMethod::Illuminate/Container/{closure}()
#10 D:/ServBay/www/pesantren-multi-client/vendor/laravel/framework/src/Illuminate/Container/BoundMethod.php(84): Illuminate/Container/Util::unwrapIfClosure(Object(Closure))
#11 D:/ServBay/www/pesantren-multi-client/vendor/laravel/framework/src/Illuminate/Container/BoundMethod.php(35): Illuminate/Container/BoundMethod::callBoundMethod(Object(Illuminate/Foundation/Application), Object(Closure), Object(Closure))
#12 D:/ServBay/www/pesantren-multi-client/vendor/laravel/framework/src/Illuminate/Container/Container.php(803): Illuminate/Container/BoundMethod::call(Object(Illuminate/Foundation/Application), Object(Closure), Array, NULL)
#13 D:/ServBay/www/pesantren-multi-client/vendor/laravel/framework/src/Illuminate/Foundation/Support/Providers/RouteServiceProvider.php(162): Illuminate/Container/Container->call(Object(Closure))
#14 D:/ServBay/www/pesantren-multi-client/vendor/laravel/framework/src/Illuminate/Foundation/Support/Providers/RouteServiceProvider.php(59): Illuminate/Foundation/Support/Providers/RouteServiceProvider->loadRoutes()
#15 D:/ServBay/www/pesantren-multi-client/vendor/laravel/framework/src/Illuminate/Container/BoundMethod.php(36): Illuminate/Foundation/Support/Providers/RouteServiceProvider->Illuminate/Foundation/Support/Providers/{closure}()
#16 D:/ServBay/www/pesantren-multi-client/vendor/laravel/framework/src/Illuminate/Container/Util.php(43): Illuminate/Container/BoundMethod::Illuminate/Container/{closure}()
#17 D:/ServBay/www/pesantren-multi-client/vendor/laravel/framework/src/Illuminate/Container/BoundMethod.php(84): Illuminate/Container/Util::unwrapIfClosure(Object(Closure))
#18 D:/ServBay/www/pesantren-multi-client/vendor/laravel/framework/src/Illuminate/Container/BoundMethod.php(35): Illuminate/Container/BoundMethod::callBoundMethod(Object(Illuminate/Foundation/Application), Object(Closure), Object(Closure))
#19 D:/ServBay/www/pesantren-multi-client/vendor/laravel/framework/src/Illuminate/Container/Container.php(803): Illuminate/Container/BoundMethod::call(Object(Illuminate/Foundation/Application), Object(Closure), Array, NULL)
#20 D:/ServBay/www/pesantren-multi-client/vendor/laravel/framework/src/Illuminate/Support/ServiceProvider.php(150): Illuminate/Container/Container->call(Object(Closure))
#21 D:/ServBay/www/pesantren-multi-client/vendor/laravel/framework/src/Illuminate/Foundation/Application.php(1161): Illuminate/Support/ServiceProvider->callBootedCallbacks()
#22 D:/ServBay/www/pesantren-multi-client/vendor/laravel/framework/src/Illuminate/Foundation/Application.php(1139): Illuminate/Foundation/Application->bootProvider(Object(Illuminate/Foundation/Support/Providers/RouteServiceProvider))
#23 [internal function]: Illuminate/Foundation/Application->Illuminate/Foundation/{closure}(Object(Illuminate/Foundation/Support/Providers/RouteServiceProvider), 'Illuminate//Foun...')
#24 D:/ServBay/www/pesantren-multi-client/vendor/laravel/framework/src/Illuminate/Foundation/Application.php(1138): array_walk(Array, Object(Closure))
#25 D:/ServBay/www/pesantren-multi-client/vendor/laravel/framework/src/Illuminate/Foundation/Bootstrap/BootProviders.php(17): Illuminate/Foundation/Application->boot()
#26 D:/ServBay/www/pesantren-multi-client/vendor/laravel/framework/src/Illuminate/Foundation/Application.php(349): Illuminate/Foundation/Bootstrap/BootProviders->bootstrap(Object(Illuminate/Foundation/Application))
#27 D:/ServBay/www/pesantren-multi-client/vendor/laravel/framework/src/Illuminate/Foundation/Console/Kernel.php(507): Illuminate/Foundation/Application->bootstrapWith(Array)
#28 D:/ServBay/www/pesantren-multi-client/storage/framework/lsp-333edd541517d0a9.php(5): Illuminate/Foundation/Console/Kernel->bootstrap()
#29 {main}
"} 
[2026-09-23 04:06:45] local.ERROR: require(D:\ServBay\www\pesantren-multi-client\routes/platform.php): Failed to open stream: No such file or directory {"exception":"[object] (ErrorException(code: 0): require(D:\\ServBay\\www\\pesantren-multi-client\\routes/platform.php): Failed to open stream: No such file or directory at D:/ServBay/www/pesantren-multi-client/vendor/laravel/framework/src/Illuminate/Routing/RouteFileRegistrar.php:34)
[stacktrace]
#0 D:/ServBay/www/pesantren-multi-client/vendor/laravel/framework/src/Illuminate/Foundation/Bootstrap/HandleExceptions.php(265): Illuminate/Foundation/Bootstrap/HandleExceptions->handleError(2, 'require(D://Serv...', 'D://ServBay//www//...', 34)
#1 D:/ServBay/www/pesantren-multi-client/vendor/laravel/framework/src/Illuminate/Routing/RouteFileRegistrar.php(34): Illuminate/Foundation/Bootstrap/HandleExceptions->Illuminate/Foundation/Bootstrap/{closure}(2, 'require(D://Serv...', 'D://ServBay//www//...', 34)
#2 D:/ServBay/www/pesantren-multi-client/vendor/laravel/framework/src/Illuminate/Routing/RouteFileRegistrar.php(34): require('D://ServBay//www//...')
#3 D:/ServBay/www/pesantren-multi-client/vendor/laravel/framework/src/Illuminate/Routing/Router.php(526): Illuminate/Routing/RouteFileRegistrar->register('D://ServBay//www//...')
#4 D:/ServBay/www/pesantren-multi-client/vendor/laravel/framework/src/Illuminate/Routing/Router.php(480): Illuminate/Routing/Router->loadRoutes('D://ServBay//www//...')
#5 D:/ServBay/www/pesantren-multi-client/vendor/laravel/framework/src/Illuminate/Routing/RouteRegistrar.php(224): Illuminate/Routing/Router->group(Array, 'D://ServBay//www//...')
#6 D:/ServBay/www/pesantren-multi-client/bootstrap/app.php(19): Illuminate/Routing/RouteRegistrar->group('D://ServBay//www//...')
#7 D:/ServBay/www/pesantren-multi-client/vendor/laravel/framework/src/Illuminate/Foundation/Configuration/ApplicationBuilder.php(276): {closure}(Object(Illuminate/Foundation/Application))
#8 D:/ServBay/www/pesantren-multi-client/vendor/laravel/framework/src/Illuminate/Container/BoundMethod.php(36): Illuminate/Foundation/Configuration/ApplicationBuilder->Illuminate/Foundation/Configuration/{closure}()
#9 D:/ServBay/www/pesantren-multi-client/vendor/laravel/framework/src/Illuminate/Container/Util.php(43): Illuminate/Container/BoundMethod::Illuminate/Container/{closure}()
#10 D:/ServBay/www/pesantren-multi-client/vendor/laravel/framework/src/Illuminate/Container/BoundMethod.php(84): Illuminate/Container/Util::unwrapIfClosure(Object(Closure))
#11 D:/ServBay/www/pesantren-multi-client/vendor/laravel/framework/src/Illuminate/Container/BoundMethod.php(35): Illuminate/Container/BoundMethod::callBoundMethod(Object(Illuminate/Foundation/Application), Object(Closure), Object(Closure))
#12 D:/ServBay/www/pesantren-multi-client/vendor/laravel/framework/src/Illuminate/Container/Container.php(803): Illuminate/Container/BoundMethod::call(Object(Illuminate/Foundation/Application), Object(Closure), Array, NULL)
#13 D:/ServBay/www/pesantren-multi-client/vendor/laravel/framework/src/Illuminate/Foundation/Support/Providers/RouteServiceProvider.php(162): Illuminate/Container/Container->call(Object(Closure))
#14 D:/ServBay/www/pesantren-multi-client/vendor/laravel/framework/src/Illuminate/Foundation/Support/Providers/RouteServiceProvider.php(59): Illuminate/Foundation/Support/Providers/RouteServiceProvider->loadRoutes()
#15 D:/ServBay/www/pesantren-multi-client/vendor/laravel/framework/src/Illuminate/Container/BoundMethod.php(36): Illuminate/Foundation/Support/Providers/RouteServiceProvider->Illuminate/Foundation/Support/Providers/{closure}()
#16 D:/ServBay/www/pesantren-multi-client/vendor/laravel/framework/src/Illuminate/Container/Util.php(43): Illuminate/Container/BoundMethod::Illuminate/Container/{closure}()
#17 D:/ServBay/www/pesantren-multi-client/vendor/laravel/framework/src/Illuminate/Container/BoundMethod.php(84): Illuminate/Container/Util::unwrapIfClosure(Object(Closure))
#18 D:/ServBay/www/pesantren-multi-client/vendor/laravel/framework/src/Illuminate/Container/BoundMethod.php(35): Illuminate/Container/BoundMethod::callBoundMethod(Object(Illuminate/Foundation/Application), Object(Closure), Object(Closure))
#19 D:/ServBay/www/pesantren-multi-client/vendor/laravel/framework/src/Illuminate/Container/Container.php(803): Illuminate/Container/BoundMethod::call(Object(Illuminate/Foundation/Application), Object(Closure), Array, NULL)
#20 D:/ServBay/www/pesantren-multi-client/vendor/laravel/framework/src/Illuminate/Support/ServiceProvider.php(150): Illuminate/Container/Container->call(Object(Closure))
#21 D:/ServBay/www/pesantren-multi-client/vendor/laravel/framework/src/Illuminate/Foundation/Application.php(1161): Illuminate/Support/ServiceProvider->callBootedCallbacks()
#22 D:/ServBay/www/pesantren-multi-client/vendor/laravel/framework/src/Illuminate/Foundation/Application.php(1139): Illuminate/Foundation/Application->bootProvider(Object(Illuminate/Foundation/Support/Providers/RouteServiceProvider))
#23 [internal function]: Illuminate/Foundation/Application->Illuminate/Foundation/{closure}(Object(Illuminate/Foundation/Support/Providers/RouteServiceProvider), 'Illuminate//Foun...')
#24 D:/ServBay/www/pesantren-multi-client/vendor/laravel/framework/src/Illuminate/Foundation/Application.php(1138): array_walk(Array, Object(Closure))
#25 D:/ServBay/www/pesantren-multi-client/vendor/laravel/framework/src/Illuminate/Foundation/Bootstrap/BootProviders.php(17): Illuminate/Foundation/Application->boot()
#26 D:/ServBay/www/pesantren-multi-client/vendor/laravel/framework/src/Illuminate/Foundation/Application.php(349): Illuminate/Foundation/Bootstrap/BootProviders->bootstrap(Object(Illuminate/Foundation/Application))
#27 D:/ServBay/www/pesantren-multi-client/vendor/laravel/framework/src/Illuminate/Foundation/Console/Kernel.php(507): Illuminate/Foundation/Application->bootstrapWith(Array)
#28 D:/ServBay/www/pesantren-multi-client/storage/framework/lsp-fd79bc691fddd21b.php(5): Illuminate/Foundation/Console/Kernel->bootstrap()
#29 {main}
"} 
[2026-09-23 04:07:04] local.ERROR: require(D:\ServBay\www\pesantren-multi-client\routes/platform.php): Failed to open stream: No such file or directory {"exception":"[object] (ErrorException(code: 0): require(D:\\ServBay\\www\\pesantren-multi-client\\routes/platform.php): Failed to open stream: No such file or directory at D:/ServBay/www/pesantren-multi-client/vendor/laravel/framework/src/Illuminate/Routing/RouteFileRegistrar.php:34)
[stacktrace]
#0 D:/ServBay/www/pesantren-multi-client/vendor/laravel/framework/src/Illuminate/Foundation/Bootstrap/HandleExceptions.php(265): Illuminate/Foundation/Bootstrap/HandleExceptions->handleError(2, 'require(D://Serv...', 'D://ServBay//www//...', 34)
#1 D:/ServBay/www/pesantren-multi-client/vendor/laravel/framework/src/Illuminate/Routing/RouteFileRegistrar.php(34): Illuminate/Foundation/Bootstrap/HandleExceptions->Illuminate/Foundation/Bootstrap/{closure}(2, 'require(D://Serv...', 'D://ServBay//www//...', 34)
#2 D:/ServBay/www/pesantren-multi-client/vendor/laravel/framework/src/Illuminate/Routing/RouteFileRegistrar.php(34): require('D://ServBay//www//...')
#3 D:/ServBay/www/pesantren-multi-client/vendor/laravel/framework/src/Illuminate/Routing/Router.php(526): Illuminate/Routing/RouteFileRegistrar->register('D://ServBay//www//...')
#4 D:/ServBay/www/pesantren-multi-client/vendor/laravel/framework/src/Illuminate/Routing/Router.php(480): Illuminate/Routing/Router->loadRoutes('D://ServBay//www//...')
#5 D:/ServBay/www/pesantren-multi-client/vendor/laravel/framework/src/Illuminate/Routing/RouteRegistrar.php(224): Illuminate/Routing/Router->group(Array, 'D://ServBay//www//...')
#6 D:/ServBay/www/pesantren-multi-client/bootstrap/app.php(19): Illuminate/Routing/RouteRegistrar->group('D://ServBay//www//...')
#7 D:/ServBay/www/pesantren-multi-client/vendor/laravel/framework/src/Illuminate/Foundation/Configuration/ApplicationBuilder.php(276): {closure}(Object(Illuminate/Foundation/Application))
#8 D:/ServBay/www/pesantren-multi-client/vendor/laravel/framework/src/Illuminate/Container/BoundMethod.php(36): Illuminate/Foundation/Configuration/ApplicationBuilder->Illuminate/Foundation/Configuration/{closure}()
#9 D:/ServBay/www/pesantren-multi-client/vendor/laravel/framework/src/Illuminate/Container/Util.php(43): Illuminate/Container/BoundMethod::Illuminate/Container/{closure}()
#10 D:/ServBay/www/pesantren-multi-client/vendor/laravel/framework/src/Illuminate/Container/BoundMethod.php(84): Illuminate/Container/Util::unwrapIfClosure(Object(Closure))
#11 D:/ServBay/www/pesantren-multi-client/vendor/laravel/framework/src/Illuminate/Container/BoundMethod.php(35): Illuminate/Container/BoundMethod::callBoundMethod(Object(Illuminate/Foundation/Application), Object(Closure), Object(Closure))
#12 D:/ServBay/www/pesantren-multi-client/vendor/laravel/framework/src/Illuminate/Container/Container.php(803): Illuminate/Container/BoundMethod::call(Object(Illuminate/Foundation/Application), Object(Closure), Array, NULL)
#13 D:/ServBay/www/pesantren-multi-client/vendor/laravel/framework/src/Illuminate/Foundation/Support/Providers/RouteServiceProvider.php(162): Illuminate/Container/Container->call(Object(Closure))
#14 D:/ServBay/www/pesantren-multi-client/vendor/laravel/framework/src/Illuminate/Foundation/Support/Providers/RouteServiceProvider.php(59): Illuminate/Foundation/Support/Providers/RouteServiceProvider->loadRoutes()
#15 D:/ServBay/www/pesantren-multi-client/vendor/laravel/framework/src/Illuminate/Container/BoundMethod.php(36): Illuminate/Foundation/Support/Providers/RouteServiceProvider->Illuminate/Foundation/Support/Providers/{closure}()
#16 D:/ServBay/www/pesantren-multi-client/vendor/laravel/framework/src/Illuminate/Container/Util.php(43): Illuminate/Container/BoundMethod::Illuminate/Container/{closure}()
#17 D:/ServBay/www/pesantren-multi-client/vendor/laravel/framework/src/Illuminate/Container/BoundMethod.php(84): Illuminate/Container/Util::unwrapIfClosure(Object(Closure))
#18 D:/ServBay/www/pesantren-multi-client/vendor/laravel/framework/src/Illuminate/Container/BoundMethod.php(35): Illuminate/Container/BoundMethod::callBoundMethod(Object(Illuminate/Foundation/Application), Object(Closure), Object(Closure))
#19 D:/ServBay/www/pesantren-multi-client/vendor/laravel/framework/src/Illuminate/Container/Container.php(803): Illuminate/Container/BoundMethod::call(Object(Illuminate/Foundation/Application), Object(Closure), Array, NULL)
#20 D:/ServBay/www/pesantren-multi-client/vendor/laravel/framework/src/Illuminate/Support/ServiceProvider.php(150): Illuminate/Container/Container->call(Object(Closure))
#21 D:/ServBay/www/pesantren-multi-client/vendor/laravel/framework/src/Illuminate/Foundation/Application.php(1161): Illuminate/Support/ServiceProvider->callBootedCallbacks()
#22 D:/ServBay/www/pesantren-multi-client/vendor/laravel/framework/src/Illuminate/Foundation/Application.php(1139): Illuminate/Foundation/Application->bootProvider(Object(Illuminate/Foundation/Support/Providers/RouteServiceProvider))
#23 [internal function]: Illuminate/Foundation/Application->Illuminate/Foundation/{closure}(Object(Illuminate/Foundation/Support/Providers/RouteServiceProvider), 'Illuminate//Foun...')
#24 D:/ServBay/www/pesantren-multi-client/vendor/laravel/framework/src/Illuminate/Foundation/Application.php(1138): array_walk(Array, Object(Closure))
#25 D:/ServBay/www/pesantren-multi-client/vendor/laravel/framework/src/Illuminate/Foundation/Bootstrap/BootProviders.php(17): Illuminate/Foundation/Application->boot()
#26 D:/ServBay/www/pesantren-multi-client/vendor/laravel/framework/src/Illuminate/Foundation/Application.php(349): Illuminate/Foundation/Bootstrap/BootProviders->bootstrap(Object(Illuminate/Foundation/Application))
#27 D:/ServBay/www/pesantren-multi-client/vendor/laravel/framework/src/Illuminate/Foundation/Console/Kernel.php(507): Illuminate/Foundation/Application->bootstrapWith(Array)
#28 D:/ServBay/www/pesantren-multi-client/vendor/laravel/framework/src/Illuminate/Foundation/Console/Kernel.php(196): Illuminate/Foundation/Console/Kernel->bootstrap()
#29 D:/ServBay/www/pesantren-multi-client/vendor/laravel/framework/src/Illuminate/Foundation/Application.php(1242): Illuminate/Foundation/Console/Kernel->handle(Object(Symfony/Component/Console/Input/ArgvInput), Object(Symfony/Component/Console/Output/ConsoleOutput))
#30 D:/ServBay/www/pesantren-multi-client/artisan(16): Illuminate/Foundation/Application->handleCommand(Object(Symfony/Component/Console/Input/ArgvInput))
#31 {main}
"} 
[2026-09-23 05:05:40] local.ERROR: Undefined array key "scanned_at" {"exception":"[object] (ErrorException(code: 0): Undefined array key \"scanned_at\" at D:/ServBay/www/pesantren-multi-client/app/Http/Controllers/Api/AttendanceController.php:66)
[stacktrace]
#0 D:/ServBay/www/pesantren-multi-client/vendor/laravel/framework/src/Illuminate/Foundation/Bootstrap/HandleExceptions.php(265): Illuminate/Foundation/Bootstrap/HandleExceptions->handleError(2, 'Undefined array...', 'D://ServBay//www//...', 66)
#1 D:/ServBay/www/pesantren-multi-client/app/Http/Controllers/Api/AttendanceController.php(66): Illuminate/Foundation/Bootstrap/HandleExceptions->Illuminate/Foundation/Bootstrap/{closure}(2, 'Undefined array...', 'D://ServBay//www//...', 66)
#2 D:/ServBay/www/pesantren-multi-client/vendor/laravel/framework/src/Illuminate/Routing/ControllerDispatcher.php(46): App/Http/Controllers/Api/AttendanceController->scan(Object(Illuminate/Http/Request))
#3 D:/ServBay/www/pesantren-multi-client/vendor/laravel/framework/src/Illuminate/Routing/Route.php(276): Illuminate/Routing/ControllerDispatcher->dispatch(Object(Illuminate/Routing/Route), Object(App/Http/Controllers/Api/AttendanceController), 'scan')
#4 D:/ServBay/www/pesantren-multi-client/vendor/laravel/framework/src/Illuminate/Routing/Route.php(216): Illuminate/Routing/Route->runController()
#5 D:/ServBay/www/pesantren-multi-client/vendor/laravel/framework/src/Illuminate/Routing/Router.php(822): Illuminate/Routing/Route->run()
#6 D:/ServBay/www/pesantren-multi-client/vendor/laravel/framework/src/Illuminate/Pipeline/Pipeline.php(180): Illuminate/Routing/Router->Illuminate/Routing/{closure}(Object(Illuminate/Http/Request))
#7 D:/ServBay/www/pesantren-multi-client/vendor/laravel/framework/src/Illuminate/Routing/Middleware/SubstituteBindings.php(52): Illuminate/Pipeline/Pipeline->Illuminate/Pipeline/{closure}(Object(Illuminate/Http/Request))
#8 D:/ServBay/www/pesantren-multi-client/vendor/laravel/framework/src/Illuminate/Pipeline/Pipeline.php(219): Illuminate/Routing/Middleware/SubstituteBindings->handle(Object(Illuminate/Http/Request), Object(Closure))
#9 D:/ServBay/www/pesantren-multi-client/vendor/laravel/framework/src/Illuminate/Pipeline/Pipeline.php(137): Illuminate/Pipeline/Pipeline->Illuminate/Pipeline/{closure}(Object(Illuminate/Http/Request))
#10 D:/ServBay/www/pesantren-multi-client/vendor/laravel/framework/src/Illuminate/Routing/Router.php(821): Illuminate/Pipeline/Pipeline->then(Object(Closure))
#11 D:/ServBay/www/pesantren-multi-client/vendor/laravel/framework/src/Illuminate/Routing/Router.php(800): Illuminate/Routing/Router->runRouteWithinStack(Object(Illuminate/Routing/Route), Object(Illuminate/Http/Request))
#12 D:/ServBay/www/pesantren-multi-client/vendor/laravel/framework/src/Illuminate/Routing/Router.php(764): Illuminate/Routing/Router->runRoute(Object(Illuminate/Http/Request), Object(Illuminate/Routing/Route))
#13 D:/ServBay/www/pesantren-multi-client/vendor/laravel/framework/src/Illuminate/Routing/Router.php(753): Illuminate/Routing/Router->dispatchToRoute(Object(Illuminate/Http/Request))
#14 D:/ServBay/www/pesantren-multi-client/vendor/laravel/framework/src/Illuminate/Foundation/Http/Kernel.php(200): Illuminate/Routing/Router->dispatch(Object(Illuminate/Http/Request))
#15 D:/ServBay/www/pesantren-multi-client/vendor/laravel/framework/src/Illuminate/Pipeline/Pipeline.php(180): Illuminate/Foundation/Http/Kernel->Illuminate/Foundation/Http/{closure}(Object(Illuminate/Http/Request))
#16 D:/ServBay/www/pesantren-multi-client/vendor/laravel/framework/src/Illuminate/Foundation/Http/Middleware/TransformsRequest.php(21): Illuminate/Pipeline/Pipeline->Illuminate/Pipeline/{closure}(Object(Illuminate/Http/Request))
#17 D:/ServBay/www/pesantren-multi-client/vendor/laravel/framework/src/Illuminate/Foundation/Http/Middleware/ConvertEmptyStringsToNull.php(31): Illuminate/Foundation/Http/Middleware/TransformsRequest->handle(Object(Illuminate/Http/Request), Object(Closure))
#18 D:/ServBay/www/pesantren-multi-client/vendor/laravel/framework/src/Illuminate/Pipeline/Pipeline.php(219): Illuminate/Foundation/Http/Middleware/ConvertEmptyStringsToNull->handle(Object(Illuminate/Http/Request), Object(Closure))
#19 D:/ServBay/www/pesantren-multi-client/vendor/laravel/framework/src/Illuminate/Foundation/Http/Middleware/TransformsRequest.php(21): Illuminate/Pipeline/Pipeline->Illuminate/Pipeline/{closure}(Object(Illuminate/Http/Request))
#20 D:/ServBay/www/pesantren-multi-client/vendor/laravel/framework/src/Illuminate/Foundation/Http/Middleware/TrimStrings.php(51): Illuminate/Foundation/Http/Middleware/TransformsRequest->handle(Object(Illuminate/Http/Request), Object(Closure))
#21 D:/ServBay/www/pesantren-multi-client/vendor/laravel/framework/src/Illuminate/Pipeline/Pipeline.php(219): Illuminate/Foundation/Http/Middleware/TrimStrings->handle(Object(Illuminate/Http/Request), Object(Closure))
#22 D:/ServBay/www/pesantren-multi-client/vendor/laravel/framework/src/Illuminate/Http/Middleware/ValidatePostSize.php(27): Illuminate/Pipeline/Pipeline->Illuminate/Pipeline/{closure}(Object(Illuminate/Http/Request))
#23 D:/ServBay/www/pesantren-multi-client/vendor/laravel/framework/src/Illuminate/Pipeline/Pipeline.php(219): Illuminate/Http/Middleware/ValidatePostSize->handle(Object(Illuminate/Http/Request), Object(Closure))
#24 D:/ServBay/www/pesantren-multi-client/vendor/laravel/framework/src/Illuminate/Foundation/Http/Middleware/PreventRequestsDuringMaintenance.php(110): Illuminate/Pipeline/Pipeline->Illuminate/Pipeline/{closure}(Object(Illuminate/Http/Request))
#25 D:/ServBay/www/pesantren-multi-client/vendor/laravel/framework/src/Illuminate/Pipeline/Pipeline.php(219): Illuminate/Foundation/Http/Middleware/PreventRequestsDuringMaintenance->handle(Object(Illuminate/Http/Request), Object(Closure))
#26 D:/ServBay/www/pesantren-multi-client/vendor/laravel/framework/src/Illuminate/Http/Middleware/HandleCors.php(74): Illuminate/Pipeline/Pipeline->Illuminate/Pipeline/{closure}(Object(Illuminate/Http/Request))
#27 D:/ServBay/www/pesantren-multi-client/vendor/laravel/framework/src/Illuminate/Pipeline/Pipeline.php(219): Illuminate/Http/Middleware/HandleCors->handle(Object(Illuminate/Http/Request), Object(Closure))
#28 D:/ServBay/www/pesantren-multi-client/vendor/laravel/framework/src/Illuminate/Http/Middleware/TrustProxies.php(58): Illuminate/Pipeline/Pipeline->Illuminate/Pipeline/{closure}(Object(Illuminate/Http/Request))
#29 D:/ServBay/www/pesantren-multi-client/vendor/laravel/framework/src/Illuminate/Pipeline/Pipeline.php(219): Illuminate/Http/Middleware/TrustProxies->handle(Object(Illuminate/Http/Request), Object(Closure))
#30 D:/ServBay/www/pesantren-multi-client/vendor/laravel/framework/src/Illuminate/Foundation/Http/Middleware/InvokeDeferredCallbacks.php(22): Illuminate/Pipeline/Pipeline->Illuminate/Pipeline/{closure}(Object(Illuminate/Http/Request))
#31 D:/ServBay/www/pesantren-multi-client/vendor/laravel/framework/src/Illuminate/Pipeline/Pipeline.php(219): Illuminate/Foundation/Http/Middleware/InvokeDeferredCallbacks->handle(Object(Illuminate/Http/Request), Object(Closure))
#32 D:/ServBay/www/pesantren-multi-client/vendor/laravel/framework/src/Illuminate/Http/Middleware/ValidatePathEncoding.php(28): Illuminate/Pipeline/Pipeline->Illuminate/Pipeline/{closure}(Object(Illuminate/Http/Request))
#33 D:/ServBay/www/pesantren-multi-client/vendor/laravel/framework/src/Illuminate/Pipeline/Pipeline.php(219): Illuminate/Http/Middleware/ValidatePathEncoding->handle(Object(Illuminate/Http/Request), Object(Closure))
#34 D:/ServBay/www/pesantren-multi-client/vendor/laravel/framework/src/Illuminate/Pipeline/Pipeline.php(137): Illuminate/Pipeline/Pipeline->Illuminate/Pipeline/{closure}(Object(Illuminate/Http/Request))
#35 D:/ServBay/www/pesantren-multi-client/vendor/laravel/framework/src/Illuminate/Foundation/Http/Kernel.php(175): Illuminate/Pipeline/Pipeline->then(Object(Closure))
#36 D:/ServBay/www/pesantren-multi-client/vendor/laravel/framework/src/Illuminate/Foundation/Http/Kernel.php(144): Illuminate/Foundation/Http/Kernel->sendRequestThroughRouter(Object(Illuminate/Http/Request))
#37 D:/ServBay/www/pesantren-multi-client/vendor/laravel/framework/src/Illuminate/Foundation/Application.php(1227): Illuminate/Foundation/Http/Kernel->handle(Object(Illuminate/Http/Request))
#38 D:/ServBay/www/pesantren-multi-client/public/index.php(20): Illuminate/Foundation/Application->handleRequest(Object(Illuminate/Http/Request))
#39 D:/ServBay/www/pesantren-multi-client/vendor/laravel/framework/src/Illuminate/Foundation/resources/server.php(23): require_once('D://ServBay//www//...')
#40 {main}
"} 
[2026-09-23 05:07:45] local.ERROR: Undefined array key "scanned_at" {"exception":"[object] (ErrorException(code: 0): Undefined array key \"scanned_at\" at D:/ServBay/www/pesantren-multi-client/app/Http/Controllers/Api/AttendanceController.php:66)
[stacktrace]
#0 D:/ServBay/www/pesantren-multi-client/vendor/laravel/framework/src/Illuminate/Foundation/Bootstrap/HandleExceptions.php(265): Illuminate/Foundation/Bootstrap/HandleExceptions->handleError(2, 'Undefined array...', 'D://ServBay//www//...', 66)
#1 D:/ServBay/www/pesantren-multi-client/app/Http/Controllers/Api/AttendanceController.php(66): Illuminate/Foundation/Bootstrap/HandleExceptions->Illuminate/Foundation/Bootstrap/{closure}(2, 'Undefined array...', 'D://ServBay//www//...', 66)
#2 D:/ServBay/www/pesantren-multi-client/vendor/laravel/framework/src/Illuminate/Routing/ControllerDispatcher.php(46): App/Http/Controllers/Api/AttendanceController->scan(Object(Illuminate/Http/Request))
#3 D:/ServBay/www/pesantren-multi-client/vendor/laravel/framework/src/Illuminate/Routing/Route.php(276): Illuminate/Routing/ControllerDispatcher->dispatch(Object(Illuminate/Routing/Route), Object(App/Http/Controllers/Api/AttendanceController), 'scan')
#4 D:/ServBay/www/pesantren-multi-client/vendor/laravel/framework/src/Illuminate/Routing/Route.php(216): Illuminate/Routing/Route->runController()
#5 D:/ServBay/www/pesantren-multi-client/vendor/laravel/framework/src/Illuminate/Routing/Router.php(822): Illuminate/Routing/Route->run()
#6 D:/ServBay/www/pesantren-multi-client/vendor/laravel/framework/src/Illuminate/Pipeline/Pipeline.php(180): Illuminate/Routing/Router->Illuminate/Routing/{closure}(Object(Illuminate/Http/Request))
#7 D:/ServBay/www/pesantren-multi-client/vendor/laravel/framework/src/Illuminate/Routing/Middleware/SubstituteBindings.php(52): Illuminate/Pipeline/Pipeline->Illuminate/Pipeline/{closure}(Object(Illuminate/Http/Request))
#8 D:/ServBay/www/pesantren-multi-client/vendor/laravel/framework/src/Illuminate/Pipeline/Pipeline.php(219): Illuminate/Routing/Middleware/SubstituteBindings->handle(Object(Illuminate/Http/Request), Object(Closure))
#9 D:/ServBay/www/pesantren-multi-client/vendor/laravel/framework/src/Illuminate/Pipeline/Pipeline.php(137): Illuminate/Pipeline/Pipeline->Illuminate/Pipeline/{closure}(Object(Illuminate/Http/Request))
#10 D:/ServBay/www/pesantren-multi-client/vendor/laravel/framework/src/Illuminate/Routing/Router.php(821): Illuminate/Pipeline/Pipeline->then(Object(Closure))
#11 D:/ServBay/www/pesantren-multi-client/vendor/laravel/framework/src/Illuminate/Routing/Router.php(800): Illuminate/Routing/Router->runRouteWithinStack(Object(Illuminate/Routing/Route), Object(Illuminate/Http/Request))
#12 D:/ServBay/www/pesantren-multi-client/vendor/laravel/framework/src/Illuminate/Routing/Router.php(764): Illuminate/Routing/Router->runRoute(Object(Illuminate/Http/Request), Object(Illuminate/Routing/Route))
#13 D:/ServBay/www/pesantren-multi-client/vendor/laravel/framework/src/Illuminate/Routing/Router.php(753): Illuminate/Routing/Router->dispatchToRoute(Object(Illuminate/Http/Request))
#14 D:/ServBay/www/pesantren-multi-client/vendor/laravel/framework/src/Illuminate/Foundation/Http/Kernel.php(200): Illuminate/Routing/Router->dispatch(Object(Illuminate/Http/Request))
#15 D:/ServBay/www/pesantren-multi-client/vendor/laravel/framework/src/Illuminate/Pipeline/Pipeline.php(180): Illuminate/Foundation/Http/Kernel->Illuminate/Foundation/Http/{closure}(Object(Illuminate/Http/Request))
#16 D:/ServBay/www/pesantren-multi-client/vendor/laravel/framework/src/Illuminate/Foundation/Http/Middleware/TransformsRequest.php(21): Illuminate/Pipeline/Pipeline->Illuminate/Pipeline/{closure}(Object(Illuminate/Http/Request))
#17 D:/ServBay/www/pesantren-multi-client/vendor/laravel/framework/src/Illuminate/Foundation/Http/Middleware/ConvertEmptyStringsToNull.php(31): Illuminate/Foundation/Http/Middleware/TransformsRequest->handle(Object(Illuminate/Http/Request), Object(Closure))
#18 D:/ServBay/www/pesantren-multi-client/vendor/laravel/framework/src/Illuminate/Pipeline/Pipeline.php(219): Illuminate/Foundation/Http/Middleware/ConvertEmptyStringsToNull->handle(Object(Illuminate/Http/Request), Object(Closure))
#19 D:/ServBay/www/pesantren-multi-client/vendor/laravel/framework/src/Illuminate/Foundation/Http/Middleware/TransformsRequest.php(21): Illuminate/Pipeline/Pipeline->Illuminate/Pipeline/{closure}(Object(Illuminate/Http/Request))
#20 D:/ServBay/www/pesantren-multi-client/vendor/laravel/framework/src/Illuminate/Foundation/Http/Middleware/TrimStrings.php(51): Illuminate/Foundation/Http/Middleware/TransformsRequest->handle(Object(Illuminate/Http/Request), Object(Closure))
#21 D:/ServBay/www/pesantren-multi-client/vendor/laravel/framework/src/Illuminate/Pipeline/Pipeline.php(219): Illuminate/Foundation/Http/Middleware/TrimStrings->handle(Object(Illuminate/Http/Request), Object(Closure))
#22 D:/ServBay/www/pesantren-multi-client/vendor/laravel/framework/src/Illuminate/Http/Middleware/ValidatePostSize.php(27): Illuminate/Pipeline/Pipeline->Illuminate/Pipeline/{closure}(Object(Illuminate/Http/Request))
#23 D:/ServBay/www/pesantren-multi-client/vendor/laravel/framework/src/Illuminate/Pipeline/Pipeline.php(219): Illuminate/Http/Middleware/ValidatePostSize->handle(Object(Illuminate/Http/Request), Object(Closure))
#24 D:/ServBay/www/pesantren-multi-client/vendor/laravel/framework/src/Illuminate/Foundation/Http/Middleware/PreventRequestsDuringMaintenance.php(110): Illuminate/Pipeline/Pipeline->Illuminate/Pipeline/{closure}(Object(Illuminate/Http/Request))
#25 D:/ServBay/www/pesantren-multi-client/vendor/laravel/framework/src/Illuminate/Pipeline/Pipeline.php(219): Illuminate/Foundation/Http/Middleware/PreventRequestsDuringMaintenance->handle(Object(Illuminate/Http/Request), Object(Closure))
#26 D:/ServBay/www/pesantren-multi-client/vendor/laravel/framework/src/Illuminate/Http/Middleware/HandleCors.php(74): Illuminate/Pipeline/Pipeline->Illuminate/Pipeline/{closure}(Object(Illuminate/Http/Request))
#27 D:/ServBay/www/pesantren-multi-client/vendor/laravel/framework/src/Illuminate/Pipeline/Pipeline.php(219): Illuminate/Http/Middleware/HandleCors->handle(Object(Illuminate/Http/Request), Object(Closure))
#28 D:/ServBay/www/pesantren-multi-client/vendor/laravel/framework/src/Illuminate/Http/Middleware/TrustProxies.php(58): Illuminate/Pipeline/Pipeline->Illuminate/Pipeline/{closure}(Object(Illuminate/Http/Request))
#29 D:/ServBay/www/pesantren-multi-client/vendor/laravel/framework/src/Illuminate/Pipeline/Pipeline.php(219): Illuminate/Http/Middleware/TrustProxies->handle(Object(Illuminate/Http/Request), Object(Closure))
#30 D:/ServBay/www/pesantren-multi-client/vendor/laravel/framework/src/Illuminate/Foundation/Http/Middleware/InvokeDeferredCallbacks.php(22): Illuminate/Pipeline/Pipeline->Illuminate/Pipeline/{closure}(Object(Illuminate/Http/Request))
#31 D:/ServBay/www/pesantren-multi-client/vendor/laravel/framework/src/Illuminate/Pipeline/Pipeline.php(219): Illuminate/Foundation/Http/Middleware/InvokeDeferredCallbacks->handle(Object(Illuminate/Http/Request), Object(Closure))
#32 D:/ServBay/www/pesantren-multi-client/vendor/laravel/framework/src/Illuminate/Http/Middleware/ValidatePathEncoding.php(28): Illuminate/Pipeline/Pipeline->Illuminate/Pipeline/{closure}(Object(Illuminate/Http/Request))
#33 D:/ServBay/www/pesantren-multi-client/vendor/laravel/framework/src/Illuminate/Pipeline/Pipeline.php(219): Illuminate/Http/Middleware/ValidatePathEncoding->handle(Object(Illuminate/Http/Request), Object(Closure))
#34 D:/ServBay/www/pesantren-multi-client/vendor/laravel/framework/src/Illuminate/Pipeline/Pipeline.php(137): Illuminate/Pipeline/Pipeline->Illuminate/Pipeline/{closure}(Object(Illuminate/Http/Request))
#35 D:/ServBay/www/pesantren-multi-client/vendor/laravel/framework/src/Illuminate/Foundation/Http/Kernel.php(175): Illuminate/Pipeline/Pipeline->then(Object(Closure))
#36 D:/ServBay/www/pesantren-multi-client/vendor/laravel/framework/src/Illuminate/Foundation/Http/Kernel.php(144): Illuminate/Foundation/Http/Kernel->sendRequestThroughRouter(Object(Illuminate/Http/Request))
#37 D:/ServBay/www/pesantren-multi-client/vendor/laravel/framework/src/Illuminate/Foundation/Application.php(1227): Illuminate/Foundation/Http/Kernel->handle(Object(Illuminate/Http/Request))
#38 D:/ServBay/www/pesantren-multi-client/public/index.php(20): Illuminate/Foundation/Application->handleRequest(Object(Illuminate/Http/Request))
#39 D:/ServBay/www/pesantren-multi-client/vendor/laravel/framework/src/Illuminate/Foundation/resources/server.php(23): require_once('D://ServBay//www//...')
#40 {main}
"} 
[2026-09-23 05:09:16] local.INFO: Attendance recorded {"student":"Ahmad Fauzan","device":"DEV-ALHIKMAH-01"} 
[2026-09-23 06:30:48] local.INFO: Attendance recorded {"student":"Ahmad Fauzan","device":"DEV-ALHIKMAH-01"} 
[2026-09-23 07:37:28] local.INFO: Attendance recorded {"student":"Ahmad Fauzan","device":"DEV-ALHIKMAH-01"} 
[2026-09-23 07:45:10] local.INFO: Attendance recorded {"student":"Ahmad Fauzan","device":"DEV-ALHIKMAH-01"} 
[2026-09-23 07:56:17] local.INFO: Attendance recorded {"student":"Ahmad Fauzan","device":"DEV-ALHIKMAH-01"} 
[2026-09-27 17:18:22] local.ERROR: No connection could be made because the target machine actively refused it {"exception":"[object] (RedisException(code: 0): No connection could be made because the target machine actively refused it at D:/ServBay/www/pesantren-multi-client/vendor/laravel/framework/src/Illuminate/Redis/Connectors/PhpRedisConnector.php:189)
[stacktrace]
#0 D:/ServBay/www/pesantren-multi-client/vendor/laravel/framework/src/Illuminate/Redis/Connectors/PhpRedisConnector.php(189): Redis->connect('127.0.0.1', '6379', 0.0, NULL, 0, 0.0)
#1 D:/ServBay/www/pesantren-multi-client/vendor/laravel/framework/src/Illuminate/Redis/Connectors/PhpRedisConnector.php(93): Illuminate/Redis/Connectors/PhpRedisConnector->establishConnection(Object(Redis), Array)
#2 D:/ServBay/www/pesantren-multi-client/vendor/laravel/framework/src/Illuminate/Support/helpers.php(393): Illuminate/Redis/Connectors/PhpRedisConnector->Illuminate/Redis/Connectors/{closure}(Object(Redis))
#3 D:/ServBay/www/pesantren-multi-client/vendor/laravel/framework/src/Illuminate/Redis/Connectors/PhpRedisConnector.php(84): tap(Object(Redis), Object(Closure))
#4 D:/ServBay/www/pesantren-multi-client/vendor/laravel/framework/src/Illuminate/Redis/Connectors/PhpRedisConnector.php(34): Illuminate/Redis/Connectors/PhpRedisConnector->createClient(Array)
#5 D:/ServBay/www/pesantren-multi-client/vendor/laravel/framework/src/Illuminate/Redis/Connectors/PhpRedisConnector.php(39): Illuminate/Redis/Connectors/PhpRedisConnector->Illuminate/Redis/Connectors/{closure}()
#6 D:/ServBay/www/pesantren-multi-client/vendor/laravel/framework/src/Illuminate/Redis/RedisManager.php(112): Illuminate/Redis/Connectors/PhpRedisConnector->connect(Array, Array)
#7 D:/ServBay/www/pesantren-multi-client/vendor/laravel/framework/src/Illuminate/Redis/RedisManager.php(93): Illuminate/Redis/RedisManager->resolve('default')
#8 D:/ServBay/www/pesantren-multi-client/vendor/laravel/framework/src/Illuminate/Cache/RedisStore.php(409): Illuminate/Redis/RedisManager->connection('default')
#9 D:/ServBay/www/pesantren-multi-client/vendor/laravel/framework/src/Illuminate/Cache/RedisStore.php(82): Illuminate/Cache/RedisStore->connection()
#10 D:/ServBay/www/pesantren-multi-client/vendor/laravel/framework/src/Illuminate/Cache/Repository.php(138): Illuminate/Cache/RedisStore->get('6E22mu4Rm3OZDoh...')
#11 D:/ServBay/www/pesantren-multi-client/vendor/laravel/framework/src/Illuminate/Session/CacheBasedSessionHandler.php(84): Illuminate/Cache/Repository->get('6E22mu4Rm3OZDoh...', '')
#12 D:/ServBay/www/pesantren-multi-client/vendor/laravel/framework/src/Illuminate/Session/Store.php(128): Illuminate/Session/CacheBasedSessionHandler->read('6E22mu4Rm3OZDoh...')
#13 D:/ServBay/www/pesantren-multi-client/vendor/laravel/framework/src/Illuminate/Session/Store.php(116): Illuminate/Session/Store->readFromHandler()
#14 D:/ServBay/www/pesantren-multi-client/vendor/laravel/framework/src/Illuminate/Session/Store.php(100): Illuminate/Session/Store->loadSession()
#15 D:/ServBay/www/pesantren-multi-client/vendor/laravel/framework/src/Illuminate/Session/Middleware/StartSession.php(146): Illuminate/Session/Store->start()
#16 D:/ServBay/www/pesantren-multi-client/vendor/laravel/framework/src/Illuminate/Support/helpers.php(393): Illuminate/Session/Middleware/StartSession->Illuminate/Session/Middleware/{closure}(Object(Illuminate/Session/Store))
#17 D:/ServBay/www/pesantren-multi-client/vendor/laravel/framework/src/Illuminate/Session/Middleware/StartSession.php(143): tap(Object(Illuminate/Session/Store), Object(Closure))
#18 D:/ServBay/www/pesantren-multi-client/vendor/laravel/framework/src/Illuminate/Session/Middleware/StartSession.php(115): Illuminate/Session/Middleware/StartSession->startSession(Object(Illuminate/Http/Request), Object(Illuminate/Session/Store))
#19 D:/ServBay/www/pesantren-multi-client/vendor/laravel/framework/src/Illuminate/Session/Middleware/StartSession.php(63): Illuminate/Session/Middleware/StartSession->handleStatefulRequest(Object(Illuminate/Http/Request), Object(Illuminate/Session/Store), Object(Closure))
#20 D:/ServBay/www/pesantren-multi-client/vendor/laravel/framework/src/Illuminate/Pipeline/Pipeline.php(219): Illuminate/Session/Middleware/StartSession->handle(Object(Illuminate/Http/Request), Object(Closure))
#21 D:/ServBay/www/pesantren-multi-client/vendor/laravel/framework/src/Illuminate/Cookie/Middleware/AddQueuedCookiesToResponse.php(36): Illuminate/Pipeline/Pipeline->Illuminate/Pipeline/{closure}(Object(Illuminate/Http/Request))
#22 D:/ServBay/www/pesantren-multi-client/vendor/laravel/framework/src/Illuminate/Pipeline/Pipeline.php(219): Illuminate/Cookie/Middleware/AddQueuedCookiesToResponse->handle(Object(Illuminate/Http/Request), Object(Closure))
#23 D:/ServBay/www/pesantren-multi-client/vendor/laravel/framework/src/Illuminate/Cookie/Middleware/EncryptCookies.php(74): Illuminate/Pipeline/Pipeline->Illuminate/Pipeline/{closure}(Object(Illuminate/Http/Request))
#24 D:/ServBay/www/pesantren-multi-client/vendor/laravel/framework/src/Illuminate/Pipeline/Pipeline.php(219): Illuminate/Cookie/Middleware/EncryptCookies->handle(Object(Illuminate/Http/Request), Object(Closure))
#25 D:/ServBay/www/pesantren-multi-client/vendor/laravel/framework/src/Illuminate/Pipeline/Pipeline.php(137): Illuminate/Pipeline/Pipeline->Illuminate/Pipeline/{closure}(Object(Illuminate/Http/Request))
#26 D:/ServBay/www/pesantren-multi-client/vendor/laravel/framework/src/Illuminate/Routing/Router.php(821): Illuminate/Pipeline/Pipeline->then(Object(Closure))
#27 D:/ServBay/www/pesantren-multi-client/vendor/laravel/framework/src/Illuminate/Routing/Router.php(800): Illuminate/Routing/Router->runRouteWithinStack(Object(Illuminate/Routing/Route), Object(Illuminate/Http/Request))
#28 D:/ServBay/www/pesantren-multi-client/vendor/laravel/framework/src/Illuminate/Routing/Router.php(764): Illuminate/Routing/Router->runRoute(Object(Illuminate/Http/Request), Object(Illuminate/Routing/Route))
#29 D:/ServBay/www/pesantren-multi-client/vendor/laravel/framework/src/Illuminate/Routing/Router.php(753): Illuminate/Routing/Router->dispatchToRoute(Object(Illuminate/Http/Request))
#30 D:/ServBay/www/pesantren-multi-client/vendor/laravel/framework/src/Illuminate/Foundation/Http/Kernel.php(200): Illuminate/Routing/Router->dispatch(Object(Illuminate/Http/Request))
#31 D:/ServBay/www/pesantren-multi-client/vendor/laravel/framework/src/Illuminate/Pipeline/Pipeline.php(180): Illuminate/Foundation/Http/Kernel->Illuminate/Foundation/Http/{closure}(Object(Illuminate/Http/Request))
#32 D:/ServBay/www/pesantren-multi-client/vendor/laravel/framework/src/Illuminate/Foundation/Http/Middleware/TransformsRequest.php(21): Illuminate/Pipeline/Pipeline->Illuminate/Pipeline/{closure}(Object(Illuminate/Http/Request))
#33 D:/ServBay/www/pesantren-multi-client/vendor/laravel/framework/src/Illuminate/Foundation/Http/Middleware/ConvertEmptyStringsToNull.php(31): Illuminate/Foundation/Http/Middleware/TransformsRequest->handle(Object(Illuminate/Http/Request), Object(Closure))
#34 D:/ServBay/www/pesantren-multi-client/vendor/laravel/framework/src/Illuminate/Pipeline/Pipeline.php(219): Illuminate/Foundation/Http/Middleware/ConvertEmptyStringsToNull->handle(Object(Illuminate/Http/Request), Object(Closure))
#35 D:/ServBay/www/pesantren-multi-client/vendor/laravel/framework/src/Illuminate/Foundation/Http/Middleware/TransformsRequest.php(21): Illuminate/Pipeline/Pipeline->Illuminate/Pipeline/{closure}(Object(Illuminate/Http/Request))
#36 D:/ServBay/www/pesantren-multi-client/vendor/laravel/framework/src/Illuminate/Foundation/Http/Middleware/TrimStrings.php(51): Illuminate/Foundation/Http/Middleware/TransformsRequest->handle(Object(Illuminate/Http/Request), Object(Closure))
#37 D:/ServBay/www/pesantren-multi-client/vendor/laravel/framework/src/Illuminate/Pipeline/Pipeline.php(219): Illuminate/Foundation/Http/Middleware/TrimStrings->handle(Object(Illuminate/Http/Request), Object(Closure))
#38 D:/ServBay/www/pesantren-multi-client/vendor/laravel/framework/src/Illuminate/Http/Middleware/ValidatePostSize.php(27): Illuminate/Pipeline/Pipeline->Illuminate/Pipeline/{closure}(Object(Illuminate/Http/Request))
#39 D:/ServBay/www/pesantren-multi-client/vendor/laravel/framework/src/Illuminate/Pipeline/Pipeline.php(219): Illuminate/Http/Middleware/ValidatePostSize->handle(Object(Illuminate/Http/Request), Object(Closure))
#40 D:/ServBay/www/pesantren-multi-client/vendor/laravel/framework/src/Illuminate/Foundation/Http/Middleware/PreventRequestsDuringMaintenance.php(110): Illuminate/Pipeline/Pipeline->Illuminate/Pipeline/{closure}(Object(Illuminate/Http/Request))
#41 D:/ServBay/www/pesantren-multi-client/vendor/laravel/framework/src/Illuminate/Pipeline/Pipeline.php(219): Illuminate/Foundation/Http/Middleware/PreventRequestsDuringMaintenance->handle(Object(Illuminate/Http/Request), Object(Closure))
#42 D:/ServBay/www/pesantren-multi-client/vendor/laravel/framework/src/Illuminate/Http/Middleware/HandleCors.php(61): Illuminate/Pipeline/Pipeline->Illuminate/Pipeline/{closure}(Object(Illuminate/Http/Request))
#43 D:/ServBay/www/pesantren-multi-client/vendor/laravel/framework/src/Illuminate/Pipeline/Pipeline.php(219): Illuminate/Http/Middleware/HandleCors->handle(Object(Illuminate/Http/Request), Object(Closure))
#44 D:/ServBay/www/pesantren-multi-client/vendor/laravel/framework/src/Illuminate/Http/Middleware/TrustProxies.php(58): Illuminate/Pipeline/Pipeline->Illuminate/Pipeline/{closure}(Object(Illuminate/Http/Request))
#45 D:/ServBay/www/pesantren-multi-client/vendor/laravel/framework/src/Illuminate/Pipeline/Pipeline.php(219): Illuminate/Http/Middleware/TrustProxies->handle(Object(Illuminate/Http/Request), Object(Closure))
#46 D:/ServBay/www/pesantren-multi-client/vendor/laravel/framework/src/Illuminate/Foundation/Http/Middleware/InvokeDeferredCallbacks.php(22): Illuminate/Pipeline/Pipeline->Illuminate/Pipeline/{closure}(Object(Illuminate/Http/Request))
#47 D:/ServBay/www/pesantren-multi-client/vendor/laravel/framework/src/Illuminate/Pipeline/Pipeline.php(219): Illuminate/Foundation/Http/Middleware/InvokeDeferredCallbacks->handle(Object(Illuminate/Http/Request), Object(Closure))
#48 D:/ServBay/www/pesantren-multi-client/vendor/laravel/framework/src/Illuminate/Http/Middleware/ValidatePathEncoding.php(28): Illuminate/Pipeline/Pipeline->Illuminate/Pipeline/{closure}(Object(Illuminate/Http/Request))
#49 D:/ServBay/www/pesantren-multi-client/vendor/laravel/framework/src/Illuminate/Pipeline/Pipeline.php(219): Illuminate/Http/Middleware/ValidatePathEncoding->handle(Object(Illuminate/Http/Request), Object(Closure))
#50 D:/ServBay/www/pesantren-multi-client/vendor/laravel/framework/src/Illuminate/Pipeline/Pipeline.php(137): Illuminate/Pipeline/Pipeline->Illuminate/Pipeline/{closure}(Object(Illuminate/Http/Request))
#51 D:/ServBay/www/pesantren-multi-client/vendor/laravel/framework/src/Illuminate/Foundation/Http/Kernel.php(175): Illuminate/Pipeline/Pipeline->then(Object(Closure))
#52 D:/ServBay/www/pesantren-multi-client/vendor/laravel/framework/src/Illuminate/Foundation/Http/Kernel.php(144): Illuminate/Foundation/Http/Kernel->sendRequestThroughRouter(Object(Illuminate/Http/Request))
#53 D:/ServBay/www/pesantren-multi-client/vendor/laravel/framework/src/Illuminate/Foundation/Application.php(1227): Illuminate/Foundation/Http/Kernel->handle(Object(Illuminate/Http/Request))
#54 D:/ServBay/www/pesantren-multi-client/public/index.php(20): Illuminate/Foundation/Application->handleRequest(Object(Illuminate/Http/Request))
#55 D:/ServBay/www/pesantren-multi-client/vendor/laravel/framework/src/Illuminate/Foundation/resources/server.php(23): require_once('D://ServBay//www//...')
#56 {main}
"} 
[2026-09-27 17:18:41] local.ERROR: No connection could be made because the target machine actively refused it {"exception":"[object] (RedisException(code: 0): No connection could be made because the target machine actively refused it at D:/ServBay/www/pesantren-multi-client/vendor/laravel/framework/src/Illuminate/Redis/Connectors/PhpRedisConnector.php:189)
[stacktrace]
#0 D:/ServBay/www/pesantren-multi-client/vendor/laravel/framework/src/Illuminate/Redis/Connectors/PhpRedisConnector.php(189): Redis->connect('127.0.0.1', '6379', 0.0, NULL, 0, 0.0)
#1 D:/ServBay/www/pesantren-multi-client/vendor/laravel/framework/src/Illuminate/Redis/Connectors/PhpRedisConnector.php(93): Illuminate/Redis/Connectors/PhpRedisConnector->establishConnection(Object(Redis), Array)
#2 D:/ServBay/www/pesantren-multi-client/vendor/laravel/framework/src/Illuminate/Support/helpers.php(393): Illuminate/Redis/Connectors/PhpRedisConnector->Illuminate/Redis/Connectors/{closure}(Object(Redis))
#3 D:/ServBay/www/pesantren-multi-client/vendor/laravel/framework/src/Illuminate/Redis/Connectors/PhpRedisConnector.php(84): tap(Object(Redis), Object(Closure))
#4 D:/ServBay/www/pesantren-multi-client/vendor/laravel/framework/src/Illuminate/Redis/Connectors/PhpRedisConnector.php(34): Illuminate/Redis/Connectors/PhpRedisConnector->createClient(Array)
#5 D:/ServBay/www/pesantren-multi-client/vendor/laravel/framework/src/Illuminate/Redis/Connectors/PhpRedisConnector.php(39): Illuminate/Redis/Connectors/PhpRedisConnector->Illuminate/Redis/Connectors/{closure}()
#6 D:/ServBay/www/pesantren-multi-client/vendor/laravel/framework/src/Illuminate/Redis/RedisManager.php(112): Illuminate/Redis/Connectors/PhpRedisConnector->connect(Array, Array)
#7 D:/ServBay/www/pesantren-multi-client/vendor/laravel/framework/src/Illuminate/Redis/RedisManager.php(93): Illuminate/Redis/RedisManager->resolve('default')
#8 D:/ServBay/www/pesantren-multi-client/vendor/laravel/framework/src/Illuminate/Cache/RedisStore.php(409): Illuminate/Redis/RedisManager->connection('default')
#9 D:/ServBay/www/pesantren-multi-client/vendor/laravel/framework/src/Illuminate/Cache/RedisStore.php(82): Illuminate/Cache/RedisStore->connection()
#10 D:/ServBay/www/pesantren-multi-client/vendor/laravel/framework/src/Illuminate/Cache/Repository.php(138): Illuminate/Cache/RedisStore->get('UYzfzUmrW8gebzp...')
#11 D:/ServBay/www/pesantren-multi-client/vendor/laravel/framework/src/Illuminate/Session/CacheBasedSessionHandler.php(84): Illuminate/Cache/Repository->get('UYzfzUmrW8gebzp...', '')
#12 D:/ServBay/www/pesantren-multi-client/vendor/laravel/framework/src/Illuminate/Session/Store.php(128): Illuminate/Session/CacheBasedSessionHandler->read('UYzfzUmrW8gebzp...')
#13 D:/ServBay/www/pesantren-multi-client/vendor/laravel/framework/src/Illuminate/Session/Store.php(116): Illuminate/Session/Store->readFromHandler()
#14 D:/ServBay/www/pesantren-multi-client/vendor/laravel/framework/src/Illuminate/Session/Store.php(100): Illuminate/Session/Store->loadSession()
#15 D:/ServBay/www/pesantren-multi-client/vendor/laravel/framework/src/Illuminate/Session/Middleware/StartSession.php(146): Illuminate/Session/Store->start()
#16 D:/ServBay/www/pesantren-multi-client/vendor/laravel/framework/src/Illuminate/Support/helpers.php(393): Illuminate/Session/Middleware/StartSession->Illuminate/Session/Middleware/{closure}(Object(Illuminate/Session/Store))
#17 D:/ServBay/www/pesantren-multi-client/vendor/laravel/framework/src/Illuminate/Session/Middleware/StartSession.php(143): tap(Object(Illuminate/Session/Store), Object(Closure))
#18 D:/ServBay/www/pesantren-multi-client/vendor/laravel/framework/src/Illuminate/Session/Middleware/StartSession.php(115): Illuminate/Session/Middleware/StartSession->startSession(Object(Illuminate/Http/Request), Object(Illuminate/Session/Store))
#19 D:/ServBay/www/pesantren-multi-client/vendor/laravel/framework/src/Illuminate/Session/Middleware/StartSession.php(63): Illuminate/Session/Middleware/StartSession->handleStatefulRequest(Object(Illuminate/Http/Request), Object(Illuminate/Session/Store), Object(Closure))
#20 D:/ServBay/www/pesantren-multi-client/vendor/laravel/framework/src/Illuminate/Pipeline/Pipeline.php(219): Illuminate/Session/Middleware/StartSession->handle(Object(Illuminate/Http/Request), Object(Closure))
#21 D:/ServBay/www/pesantren-multi-client/vendor/laravel/framework/src/Illuminate/Cookie/Middleware/AddQueuedCookiesToResponse.php(36): Illuminate/Pipeline/Pipeline->Illuminate/Pipeline/{closure}(Object(Illuminate/Http/Request))
#22 D:/ServBay/www/pesantren-multi-client/vendor/laravel/framework/src/Illuminate/Pipeline/Pipeline.php(219): Illuminate/Cookie/Middleware/AddQueuedCookiesToResponse->handle(Object(Illuminate/Http/Request), Object(Closure))
#23 D:/ServBay/www/pesantren-multi-client/vendor/laravel/framework/src/Illuminate/Cookie/Middleware/EncryptCookies.php(74): Illuminate/Pipeline/Pipeline->Illuminate/Pipeline/{closure}(Object(Illuminate/Http/Request))
#24 D:/ServBay/www/pesantren-multi-client/vendor/laravel/framework/src/Illuminate/Pipeline/Pipeline.php(219): Illuminate/Cookie/Middleware/EncryptCookies->handle(Object(Illuminate/Http/Request), Object(Closure))
#25 D:/ServBay/www/pesantren-multi-client/vendor/laravel/framework/src/Illuminate/Pipeline/Pipeline.php(137): Illuminate/Pipeline/Pipeline->Illuminate/Pipeline/{closure}(Object(Illuminate/Http/Request))
#26 D:/ServBay/www/pesantren-multi-client/vendor/laravel/framework/src/Illuminate/Routing/Router.php(821): Illuminate/Pipeline/Pipeline->then(Object(Closure))
#27 D:/ServBay/www/pesantren-multi-client/vendor/laravel/framework/src/Illuminate/Routing/Router.php(800): Illuminate/Routing/Router->runRouteWithinStack(Object(Illuminate/Routing/Route), Object(Illuminate/Http/Request))
#28 D:/ServBay/www/pesantren-multi-client/vendor/laravel/framework/src/Illuminate/Routing/Router.php(764): Illuminate/Routing/Router->runRoute(Object(Illuminate/Http/Request), Object(Illuminate/Routing/Route))
#29 D:/ServBay/www/pesantren-multi-client/vendor/laravel/framework/src/Illuminate/Routing/Router.php(753): Illuminate/Routing/Router->dispatchToRoute(Object(Illuminate/Http/Request))
#30 D:/ServBay/www/pesantren-multi-client/vendor/laravel/framework/src/Illuminate/Foundation/Http/Kernel.php(200): Illuminate/Routing/Router->dispatch(Object(Illuminate/Http/Request))
#31 D:/ServBay/www/pesantren-multi-client/vendor/laravel/framework/src/Illuminate/Pipeline/Pipeline.php(180): Illuminate/Foundation/Http/Kernel->Illuminate/Foundation/Http/{closure}(Object(Illuminate/Http/Request))
#32 D:/ServBay/www/pesantren-multi-client/vendor/laravel/framework/src/Illuminate/Foundation/Http/Middleware/TransformsRequest.php(21): Illuminate/Pipeline/Pipeline->Illuminate/Pipeline/{closure}(Object(Illuminate/Http/Request))
#33 D:/ServBay/www/pesantren-multi-client/vendor/laravel/framework/src/Illuminate/Foundation/Http/Middleware/ConvertEmptyStringsToNull.php(31): Illuminate/Foundation/Http/Middleware/TransformsRequest->handle(Object(Illuminate/Http/Request), Object(Closure))
#34 D:/ServBay/www/pesantren-multi-client/vendor/laravel/framework/src/Illuminate/Pipeline/Pipeline.php(219): Illuminate/Foundation/Http/Middleware/ConvertEmptyStringsToNull->handle(Object(Illuminate/Http/Request), Object(Closure))
#35 D:/ServBay/www/pesantren-multi-client/vendor/laravel/framework/src/Illuminate/Foundation/Http/Middleware/TransformsRequest.php(21): Illuminate/Pipeline/Pipeline->Illuminate/Pipeline/{closure}(Object(Illuminate/Http/Request))
#36 D:/ServBay/www/pesantren-multi-client/vendor/laravel/framework/src/Illuminate/Foundation/Http/Middleware/TrimStrings.php(51): Illuminate/Foundation/Http/Middleware/TransformsRequest->handle(Object(Illuminate/Http/Request), Object(Closure))
#37 D:/ServBay/www/pesantren-multi-client/vendor/laravel/framework/src/Illuminate/Pipeline/Pipeline.php(219): Illuminate/Foundation/Http/Middleware/TrimStrings->handle(Object(Illuminate/Http/Request), Object(Closure))
#38 D:/ServBay/www/pesantren-multi-client/vendor/laravel/framework/src/Illuminate/Http/Middleware/ValidatePostSize.php(27): Illuminate/Pipeline/Pipeline->Illuminate/Pipeline/{closure}(Object(Illuminate/Http/Request))
#39 D:/ServBay/www/pesantren-multi-client/vendor/laravel/framework/src/Illuminate/Pipeline/Pipeline.php(219): Illuminate/Http/Middleware/ValidatePostSize->handle(Object(Illuminate/Http/Request), Object(Closure))
#40 D:/ServBay/www/pesantren-multi-client/vendor/laravel/framework/src/Illuminate/Foundation/Http/Middleware/PreventRequestsDuringMaintenance.php(110): Illuminate/Pipeline/Pipeline->Illuminate/Pipeline/{closure}(Object(Illuminate/Http/Request))
#41 D:/ServBay/www/pesantren-multi-client/vendor/laravel/framework/src/Illuminate/Pipeline/Pipeline.php(219): Illuminate/Foundation/Http/Middleware/PreventRequestsDuringMaintenance->handle(Object(Illuminate/Http/Request), Object(Closure))
#42 D:/ServBay/www/pesantren-multi-client/vendor/laravel/framework/src/Illuminate/Http/Middleware/HandleCors.php(61): Illuminate/Pipeline/Pipeline->Illuminate/Pipeline/{closure}(Object(Illuminate/Http/Request))
#43 D:/ServBay/www/pesantren-multi-client/vendor/laravel/framework/src/Illuminate/Pipeline/Pipeline.php(219): Illuminate/Http/Middleware/HandleCors->handle(Object(Illuminate/Http/Request), Object(Closure))
#44 D:/ServBay/www/pesantren-multi-client/vendor/laravel/framework/src/Illuminate/Http/Middleware/TrustProxies.php(58): Illuminate/Pipeline/Pipeline->Illuminate/Pipeline/{closure}(Object(Illuminate/Http/Request))
#45 D:/ServBay/www/pesantren-multi-client/vendor/laravel/framework/src/Illuminate/Pipeline/Pipeline.php(219): Illuminate/Http/Middleware/TrustProxies->handle(Object(Illuminate/Http/Request), Object(Closure))
#46 D:/ServBay/www/pesantren-multi-client/vendor/laravel/framework/src/Illuminate/Foundation/Http/Middleware/InvokeDeferredCallbacks.php(22): Illuminate/Pipeline/Pipeline->Illuminate/Pipeline/{closure}(Object(Illuminate/Http/Request))
#47 D:/ServBay/www/pesantren-multi-client/vendor/laravel/framework/src/Illuminate/Pipeline/Pipeline.php(219): Illuminate/Foundation/Http/Middleware/InvokeDeferredCallbacks->handle(Object(Illuminate/Http/Request), Object(Closure))
#48 D:/ServBay/www/pesantren-multi-client/vendor/laravel/framework/src/Illuminate/Http/Middleware/ValidatePathEncoding.php(28): Illuminate/Pipeline/Pipeline->Illuminate/Pipeline/{closure}(Object(Illuminate/Http/Request))
#49 D:/ServBay/www/pesantren-multi-client/vendor/laravel/framework/src/Illuminate/Pipeline/Pipeline.php(219): Illuminate/Http/Middleware/ValidatePathEncoding->handle(Object(Illuminate/Http/Request), Object(Closure))
#50 D:/ServBay/www/pesantren-multi-client/vendor/laravel/framework/src/Illuminate/Pipeline/Pipeline.php(137): Illuminate/Pipeline/Pipeline->Illuminate/Pipeline/{closure}(Object(Illuminate/Http/Request))
#51 D:/ServBay/www/pesantren-multi-client/vendor/laravel/framework/src/Illuminate/Foundation/Http/Kernel.php(175): Illuminate/Pipeline/Pipeline->then(Object(Closure))
#52 D:/ServBay/www/pesantren-multi-client/vendor/laravel/framework/src/Illuminate/Foundation/Http/Kernel.php(144): Illuminate/Foundation/Http/Kernel->sendRequestThroughRouter(Object(Illuminate/Http/Request))
#53 D:/ServBay/www/pesantren-multi-client/vendor/laravel/framework/src/Illuminate/Foundation/Application.php(1227): Illuminate/Foundation/Http/Kernel->handle(Object(Illuminate/Http/Request))
#54 D:/ServBay/www/pesantren-multi-client/public/index.php(20): Illuminate/Foundation/Application->handleRequest(Object(Illuminate/Http/Request))
#55 D:/ServBay/www/pesantren-multi-client/vendor/laravel/framework/src/Illuminate/Foundation/resources/server.php(23): require_once('D://ServBay//www//...')
#56 {main}
"} 
[2026-09-27 17:19:22] local.ERROR: No connection could be made because the target machine actively refused it {"exception":"[object] (RedisException(code: 0): No connection could be made because the target machine actively refused it at D:/ServBay/www/pesantren-multi-client/vendor/laravel/framework/src/Illuminate/Redis/Connectors/PhpRedisConnector.php:189)
[stacktrace]
#0 D:/ServBay/www/pesantren-multi-client/vendor/laravel/framework/src/Illuminate/Redis/Connectors/PhpRedisConnector.php(189): Redis->connect('127.0.0.1', '6379', 0.0, NULL, 0, 0.0)
#1 D:/ServBay/www/pesantren-multi-client/vendor/laravel/framework/src/Illuminate/Redis/Connectors/PhpRedisConnector.php(93): Illuminate/Redis/Connectors/PhpRedisConnector->establishConnection(Object(Redis), Array)
#2 D:/ServBay/www/pesantren-multi-client/vendor/laravel/framework/src/Illuminate/Support/helpers.php(393): Illuminate/Redis/Connectors/PhpRedisConnector->Illuminate/Redis/Connectors/{closure}(Object(Redis))
#3 D:/ServBay/www/pesantren-multi-client/vendor/laravel/framework/src/Illuminate/Redis/Connectors/PhpRedisConnector.php(84): tap(Object(Redis), Object(Closure))
#4 D:/ServBay/www/pesantren-multi-client/vendor/laravel/framework/src/Illuminate/Redis/Connectors/PhpRedisConnector.php(34): Illuminate/Redis/Connectors/PhpRedisConnector->createClient(Array)
#5 D:/ServBay/www/pesantren-multi-client/vendor/laravel/framework/src/Illuminate/Redis/Connectors/PhpRedisConnector.php(39): Illuminate/Redis/Connectors/PhpRedisConnector->Illuminate/Redis/Connectors/{closure}()
#6 D:/ServBay/www/pesantren-multi-client/vendor/laravel/framework/src/Illuminate/Redis/RedisManager.php(112): Illuminate/Redis/Connectors/PhpRedisConnector->connect(Array, Array)
#7 D:/ServBay/www/pesantren-multi-client/vendor/laravel/framework/src/Illuminate/Redis/RedisManager.php(93): Illuminate/Redis/RedisManager->resolve('default')
#8 D:/ServBay/www/pesantren-multi-client/vendor/laravel/framework/src/Illuminate/Cache/RedisStore.php(409): Illuminate/Redis/RedisManager->connection('default')
#9 D:/ServBay/www/pesantren-multi-client/vendor/laravel/framework/src/Illuminate/Cache/RedisStore.php(82): Illuminate/Cache/RedisStore->connection()
#10 D:/ServBay/www/pesantren-multi-client/vendor/laravel/framework/src/Illuminate/Cache/Repository.php(138): Illuminate/Cache/RedisStore->get('9KXc419jWUceb8N...')
#11 D:/ServBay/www/pesantren-multi-client/vendor/laravel/framework/src/Illuminate/Session/CacheBasedSessionHandler.php(84): Illuminate/Cache/Repository->get('9KXc419jWUceb8N...', '')
#12 D:/ServBay/www/pesantren-multi-client/vendor/laravel/framework/src/Illuminate/Session/Store.php(128): Illuminate/Session/CacheBasedSessionHandler->read('9KXc419jWUceb8N...')
#13 D:/ServBay/www/pesantren-multi-client/vendor/laravel/framework/src/Illuminate/Session/Store.php(116): Illuminate/Session/Store->readFromHandler()
#14 D:/ServBay/www/pesantren-multi-client/vendor/laravel/framework/src/Illuminate/Session/Store.php(100): Illuminate/Session/Store->loadSession()
#15 D:/ServBay/www/pesantren-multi-client/vendor/laravel/framework/src/Illuminate/Session/Middleware/StartSession.php(146): Illuminate/Session/Store->start()
#16 D:/ServBay/www/pesantren-multi-client/vendor/laravel/framework/src/Illuminate/Support/helpers.php(393): Illuminate/Session/Middleware/StartSession->Illuminate/Session/Middleware/{closure}(Object(Illuminate/Session/Store))
#17 D:/ServBay/www/pesantren-multi-client/vendor/laravel/framework/src/Illuminate/Session/Middleware/StartSession.php(143): tap(Object(Illuminate/Session/Store), Object(Closure))
#18 D:/ServBay/www/pesantren-multi-client/vendor/laravel/framework/src/Illuminate/Session/Middleware/StartSession.php(115): Illuminate/Session/Middleware/StartSession->startSession(Object(Illuminate/Http/Request), Object(Illuminate/Session/Store))
#19 D:/ServBay/www/pesantren-multi-client/vendor/laravel/framework/src/Illuminate/Session/Middleware/StartSession.php(63): Illuminate/Session/Middleware/StartSession->handleStatefulRequest(Object(Illuminate/Http/Request), Object(Illuminate/Session/Store), Object(Closure))
#20 D:/ServBay/www/pesantren-multi-client/vendor/laravel/framework/src/Illuminate/Pipeline/Pipeline.php(219): Illuminate/Session/Middleware/StartSession->handle(Object(Illuminate/Http/Request), Object(Closure))
#21 D:/ServBay/www/pesantren-multi-client/vendor/laravel/framework/src/Illuminate/Cookie/Middleware/AddQueuedCookiesToResponse.php(36): Illuminate/Pipeline/Pipeline->Illuminate/Pipeline/{closure}(Object(Illuminate/Http/Request))
#22 D:/ServBay/www/pesantren-multi-client/vendor/laravel/framework/src/Illuminate/Pipeline/Pipeline.php(219): Illuminate/Cookie/Middleware/AddQueuedCookiesToResponse->handle(Object(Illuminate/Http/Request), Object(Closure))
#23 D:/ServBay/www/pesantren-multi-client/vendor/laravel/framework/src/Illuminate/Cookie/Middleware/EncryptCookies.php(74): Illuminate/Pipeline/Pipeline->Illuminate/Pipeline/{closure}(Object(Illuminate/Http/Request))
#24 D:/ServBay/www/pesantren-multi-client/vendor/laravel/framework/src/Illuminate/Pipeline/Pipeline.php(219): Illuminate/Cookie/Middleware/EncryptCookies->handle(Object(Illuminate/Http/Request), Object(Closure))
#25 D:/ServBay/www/pesantren-multi-client/vendor/laravel/framework/src/Illuminate/Pipeline/Pipeline.php(137): Illuminate/Pipeline/Pipeline->Illuminate/Pipeline/{closure}(Object(Illuminate/Http/Request))
#26 D:/ServBay/www/pesantren-multi-client/vendor/laravel/framework/src/Illuminate/Routing/Router.php(821): Illuminate/Pipeline/Pipeline->then(Object(Closure))
#27 D:/ServBay/www/pesantren-multi-client/vendor/laravel/framework/src/Illuminate/Routing/Router.php(800): Illuminate/Routing/Router->runRouteWithinStack(Object(Illuminate/Routing/Route), Object(Illuminate/Http/Request))
#28 D:/ServBay/www/pesantren-multi-client/vendor/laravel/framework/src/Illuminate/Routing/Router.php(764): Illuminate/Routing/Router->runRoute(Object(Illuminate/Http/Request), Object(Illuminate/Routing/Route))
#29 D:/ServBay/www/pesantren-multi-client/vendor/laravel/framework/src/Illuminate/Routing/Router.php(753): Illuminate/Routing/Router->dispatchToRoute(Object(Illuminate/Http/Request))
#30 D:/ServBay/www/pesantren-multi-client/vendor/laravel/framework/src/Illuminate/Foundation/Http/Kernel.php(200): Illuminate/Routing/Router->dispatch(Object(Illuminate/Http/Request))
#31 D:/ServBay/www/pesantren-multi-client/vendor/laravel/framework/src/Illuminate/Pipeline/Pipeline.php(180): Illuminate/Foundation/Http/Kernel->Illuminate/Foundation/Http/{closure}(Object(Illuminate/Http/Request))
#32 D:/ServBay/www/pesantren-multi-client/vendor/laravel/framework/src/Illuminate/Foundation/Http/Middleware/TransformsRequest.php(21): Illuminate/Pipeline/Pipeline->Illuminate/Pipeline/{closure}(Object(Illuminate/Http/Request))
#33 D:/ServBay/www/pesantren-multi-client/vendor/laravel/framework/src/Illuminate/Foundation/Http/Middleware/ConvertEmptyStringsToNull.php(31): Illuminate/Foundation/Http/Middleware/TransformsRequest->handle(Object(Illuminate/Http/Request), Object(Closure))
#34 D:/ServBay/www/pesantren-multi-client/vendor/laravel/framework/src/Illuminate/Pipeline/Pipeline.php(219): Illuminate/Foundation/Http/Middleware/ConvertEmptyStringsToNull->handle(Object(Illuminate/Http/Request), Object(Closure))
#35 D:/ServBay/www/pesantren-multi-client/vendor/laravel/framework/src/Illuminate/Foundation/Http/Middleware/TransformsRequest.php(21): Illuminate/Pipeline/Pipeline->Illuminate/Pipeline/{closure}(Object(Illuminate/Http/Request))
#36 D:/ServBay/www/pesantren-multi-client/vendor/laravel/framework/src/Illuminate/Foundation/Http/Middleware/TrimStrings.php(51): Illuminate/Foundation/Http/Middleware/TransformsRequest->handle(Object(Illuminate/Http/Request), Object(Closure))
#37 D:/ServBay/www/pesantren-multi-client/vendor/laravel/framework/src/Illuminate/Pipeline/Pipeline.php(219): Illuminate/Foundation/Http/Middleware/TrimStrings->handle(Object(Illuminate/Http/Request), Object(Closure))
#38 D:/ServBay/www/pesantren-multi-client/vendor/laravel/framework/src/Illuminate/Http/Middleware/ValidatePostSize.php(27): Illuminate/Pipeline/Pipeline->Illuminate/Pipeline/{closure}(Object(Illuminate/Http/Request))
#39 D:/ServBay/www/pesantren-multi-client/vendor/laravel/framework/src/Illuminate/Pipeline/Pipeline.php(219): Illuminate/Http/Middleware/ValidatePostSize->handle(Object(Illuminate/Http/Request), Object(Closure))
#40 D:/ServBay/www/pesantren-multi-client/vendor/laravel/framework/src/Illuminate/Foundation/Http/Middleware/PreventRequestsDuringMaintenance.php(110): Illuminate/Pipeline/Pipeline->Illuminate/Pipeline/{closure}(Object(Illuminate/Http/Request))
#41 D:/ServBay/www/pesantren-multi-client/vendor/laravel/framework/src/Illuminate/Pipeline/Pipeline.php(219): Illuminate/Foundation/Http/Middleware/PreventRequestsDuringMaintenance->handle(Object(Illuminate/Http/Request), Object(Closure))
#42 D:/ServBay/www/pesantren-multi-client/vendor/laravel/framework/src/Illuminate/Http/Middleware/HandleCors.php(61): Illuminate/Pipeline/Pipeline->Illuminate/Pipeline/{closure}(Object(Illuminate/Http/Request))
#43 D:/ServBay/www/pesantren-multi-client/vendor/laravel/framework/src/Illuminate/Pipeline/Pipeline.php(219): Illuminate/Http/Middleware/HandleCors->handle(Object(Illuminate/Http/Request), Object(Closure))
#44 D:/ServBay/www/pesantren-multi-client/vendor/laravel/framework/src/Illuminate/Http/Middleware/TrustProxies.php(58): Illuminate/Pipeline/Pipeline->Illuminate/Pipeline/{closure}(Object(Illuminate/Http/Request))
#45 D:/ServBay/www/pesantren-multi-client/vendor/laravel/framework/src/Illuminate/Pipeline/Pipeline.php(219): Illuminate/Http/Middleware/TrustProxies->handle(Object(Illuminate/Http/Request), Object(Closure))
#46 D:/ServBay/www/pesantren-multi-client/vendor/laravel/framework/src/Illuminate/Foundation/Http/Middleware/InvokeDeferredCallbacks.php(22): Illuminate/Pipeline/Pipeline->Illuminate/Pipeline/{closure}(Object(Illuminate/Http/Request))
#47 D:/ServBay/www/pesantren-multi-client/vendor/laravel/framework/src/Illuminate/Pipeline/Pipeline.php(219): Illuminate/Foundation/Http/Middleware/InvokeDeferredCallbacks->handle(Object(Illuminate/Http/Request), Object(Closure))
#48 D:/ServBay/www/pesantren-multi-client/vendor/laravel/framework/src/Illuminate/Http/Middleware/ValidatePathEncoding.php(28): Illuminate/Pipeline/Pipeline->Illuminate/Pipeline/{closure}(Object(Illuminate/Http/Request))
#49 D:/ServBay/www/pesantren-multi-client/vendor/laravel/framework/src/Illuminate/Pipeline/Pipeline.php(219): Illuminate/Http/Middleware/ValidatePathEncoding->handle(Object(Illuminate/Http/Request), Object(Closure))
#50 D:/ServBay/www/pesantren-multi-client/vendor/laravel/framework/src/Illuminate/Pipeline/Pipeline.php(137): Illuminate/Pipeline/Pipeline->Illuminate/Pipeline/{closure}(Object(Illuminate/Http/Request))
#51 D:/ServBay/www/pesantren-multi-client/vendor/laravel/framework/src/Illuminate/Foundation/Http/Kernel.php(175): Illuminate/Pipeline/Pipeline->then(Object(Closure))
#52 D:/ServBay/www/pesantren-multi-client/vendor/laravel/framework/src/Illuminate/Foundation/Http/Kernel.php(144): Illuminate/Foundation/Http/Kernel->sendRequestThroughRouter(Object(Illuminate/Http/Request))
#53 D:/ServBay/www/pesantren-multi-client/vendor/laravel/framework/src/Illuminate/Foundation/Application.php(1227): Illuminate/Foundation/Http/Kernel->handle(Object(Illuminate/Http/Request))
#54 D:/ServBay/www/pesantren-multi-client/public/index.php(20): Illuminate/Foundation/Application->handleRequest(Object(Illuminate/Http/Request))
#55 D:/ServBay/www/pesantren-multi-client/vendor/laravel/framework/src/Illuminate/Foundation/resources/server.php(23): require_once('D://ServBay//www//...')
#56 {main}
"} 
[2026-09-27 17:28:32] local.ERROR: The [Illuminate\Database\Eloquent\Model::bootIfNotBooted] method may not be called on model [App\Models\Attendance] while it is being booted. {"exception":"[object] (LogicException(code: 0): The [Illuminate\\Database\\Eloquent\\Model::bootIfNotBooted] method may not be called on model [App\\Models\\Attendance] while it is being booted. at D:/ServBay/www/pesantren-multi-client/vendor/laravel/framework/src/Illuminate/Database/Eloquent/Model.php:337)
[stacktrace]
#0 D:/ServBay/www/pesantren-multi-client/vendor/laravel/framework/src/Illuminate/Database/Eloquent/Model.php(319): Illuminate/Database/Eloquent/Model->bootIfNotBooted()
#1 D:/ServBay/www/pesantren-multi-client/app/Models/Concerns/BelongsToClient.php(17): Illuminate/Database/Eloquent/Model->__construct()
#2 [internal function]: App/Models/Attendance::bootBelongsToClient()
#3 D:/ServBay/www/pesantren-multi-client/vendor/laravel/framework/src/Illuminate/Database/Eloquent/Model.php(405): ReflectionMethod->invoke(NULL)
#4 D:/ServBay/www/pesantren-multi-client/vendor/laravel/framework/src/Illuminate/Database/Eloquent/Model.php(379): Illuminate/Database/Eloquent/Model::bootTraits()
#5 D:/ServBay/www/pesantren-multi-client/vendor/laravel/framework/src/Illuminate/Database/Eloquent/Model.php(345): Illuminate/Database/Eloquent/Model::boot()
#6 D:/ServBay/www/pesantren-multi-client/vendor/laravel/framework/src/Illuminate/Database/Eloquent/Model.php(319): Illuminate/Database/Eloquent/Model->bootIfNotBooted()
#7 D:/ServBay/www/pesantren-multi-client/routes/web.php(65): Illuminate/Database/Eloquent/Model->__construct()
#8 D:/ServBay/www/pesantren-multi-client/vendor/laravel/framework/src/Illuminate/Routing/CallableDispatcher.php(39): Illuminate/Routing/RouteFileRegistrar->{closure}()
#9 D:/ServBay/www/pesantren-multi-client/vendor/laravel/framework/src/Illuminate/Routing/Route.php(254): Illuminate/Routing/CallableDispatcher->dispatch(Object(Illuminate/Routing/Route), Object(Closure))
#10 D:/ServBay/www/pesantren-multi-client/vendor/laravel/framework/src/Illuminate/Routing/Route.php(219): Illuminate/Routing/Route->runCallable()
#11 D:/ServBay/www/pesantren-multi-client/vendor/laravel/framework/src/Illuminate/Routing/Router.php(822): Illuminate/Routing/Route->run()
#12 D:/ServBay/www/pesantren-multi-client/vendor/laravel/framework/src/Illuminate/Pipeline/Pipeline.php(180): Illuminate/Routing/Router->Illuminate/Routing/{closure}(Object(Illuminate/Http/Request))
#13 D:/ServBay/www/pesantren-multi-client/vendor/laravel/framework/src/Illuminate/Routing/Middleware/SubstituteBindings.php(52): Illuminate/Pipeline/Pipeline->Illuminate/Pipeline/{closure}(Object(Illuminate/Http/Request))
#14 D:/ServBay/www/pesantren-multi-client/vendor/laravel/framework/src/Illuminate/Pipeline/Pipeline.php(219): Illuminate/Routing/Middleware/SubstituteBindings->handle(Object(Illuminate/Http/Request), Object(Closure))
#15 D:/ServBay/www/pesantren-multi-client/vendor/laravel/framework/src/Illuminate/Foundation/Http/Middleware/PreventRequestForgery.php(104): Illuminate/Pipeline/Pipeline->Illuminate/Pipeline/{closure}(Object(Illuminate/Http/Request))
#16 D:/ServBay/www/pesantren-multi-client/vendor/laravel/framework/src/Illuminate/Pipeline/Pipeline.php(219): Illuminate/Foundation/Http/Middleware/PreventRequestForgery->handle(Object(Illuminate/Http/Request), Object(Closure))
#17 D:/ServBay/www/pesantren-multi-client/vendor/laravel/framework/src/Illuminate/View/Middleware/ShareErrorsFromSession.php(48): Illuminate/Pipeline/Pipeline->Illuminate/Pipeline/{closure}(Object(Illuminate/Http/Request))
#18 D:/ServBay/www/pesantren-multi-client/vendor/laravel/framework/src/Illuminate/Pipeline/Pipeline.php(219): Illuminate/View/Middleware/ShareErrorsFromSession->handle(Object(Illuminate/Http/Request), Object(Closure))
#19 D:/ServBay/www/pesantren-multi-client/vendor/laravel/framework/src/Illuminate/Session/Middleware/StartSession.php(120): Illuminate/Pipeline/Pipeline->Illuminate/Pipeline/{closure}(Object(Illuminate/Http/Request))
#20 D:/ServBay/www/pesantren-multi-client/vendor/laravel/framework/src/Illuminate/Session/Middleware/StartSession.php(63): Illuminate/Session/Middleware/StartSession->handleStatefulRequest(Object(Illuminate/Http/Request), Object(Illuminate/Session/Store), Object(Closure))
#21 D:/ServBay/www/pesantren-multi-client/vendor/laravel/framework/src/Illuminate/Pipeline/Pipeline.php(219): Illuminate/Session/Middleware/StartSession->handle(Object(Illuminate/Http/Request), Object(Closure))
#22 D:/ServBay/www/pesantren-multi-client/vendor/laravel/framework/src/Illuminate/Cookie/Middleware/AddQueuedCookiesToResponse.php(36): Illuminate/Pipeline/Pipeline->Illuminate/Pipeline/{closure}(Object(Illuminate/Http/Request))
#23 D:/ServBay/www/pesantren-multi-client/vendor/laravel/framework/src/Illuminate/Pipeline/Pipeline.php(219): Illuminate/Cookie/Middleware/AddQueuedCookiesToResponse->handle(Object(Illuminate/Http/Request), Object(Closure))
#24 D:/ServBay/www/pesantren-multi-client/vendor/laravel/framework/src/Illuminate/Cookie/Middleware/EncryptCookies.php(74): Illuminate/Pipeline/Pipeline->Illuminate/Pipeline/{closure}(Object(Illuminate/Http/Request))
#25 D:/ServBay/www/pesantren-multi-client/vendor/laravel/framework/src/Illuminate/Pipeline/Pipeline.php(219): Illuminate/Cookie/Middleware/EncryptCookies->handle(Object(Illuminate/Http/Request), Object(Closure))
#26 D:/ServBay/www/pesantren-multi-client/vendor/laravel/framework/src/Illuminate/Pipeline/Pipeline.php(137): Illuminate/Pipeline/Pipeline->Illuminate/Pipeline/{closure}(Object(Illuminate/Http/Request))
#27 D:/ServBay/www/pesantren-multi-client/vendor/laravel/framework/src/Illuminate/Routing/Router.php(821): Illuminate/Pipeline/Pipeline->then(Object(Closure))
#28 D:/ServBay/www/pesantren-multi-client/vendor/laravel/framework/src/Illuminate/Routing/Router.php(800): Illuminate/Routing/Router->runRouteWithinStack(Object(Illuminate/Routing/Route), Object(Illuminate/Http/Request))
#29 D:/ServBay/www/pesantren-multi-client/vendor/laravel/framework/src/Illuminate/Routing/Router.php(764): Illuminate/Routing/Router->runRoute(Object(Illuminate/Http/Request), Object(Illuminate/Routing/Route))
#30 D:/ServBay/www/pesantren-multi-client/vendor/laravel/framework/src/Illuminate/Routing/Router.php(753): Illuminate/Routing/Router->dispatchToRoute(Object(Illuminate/Http/Request))
#31 D:/ServBay/www/pesantren-multi-client/vendor/laravel/framework/src/Illuminate/Foundation/Http/Kernel.php(200): Illuminate/Routing/Router->dispatch(Object(Illuminate/Http/Request))
#32 D:/ServBay/www/pesantren-multi-client/vendor/laravel/framework/src/Illuminate/Pipeline/Pipeline.php(180): Illuminate/Foundation/Http/Kernel->Illuminate/Foundation/Http/{closure}(Object(Illuminate/Http/Request))
#33 D:/ServBay/www/pesantren-multi-client/vendor/laravel/framework/src/Illuminate/Foundation/Http/Middleware/TransformsRequest.php(21): Illuminate/Pipeline/Pipeline->Illuminate/Pipeline/{closure}(Object(Illuminate/Http/Request))
#34 D:/ServBay/www/pesantren-multi-client/vendor/laravel/framework/src/Illuminate/Foundation/Http/Middleware/ConvertEmptyStringsToNull.php(31): Illuminate/Foundation/Http/Middleware/TransformsRequest->handle(Object(Illuminate/Http/Request), Object(Closure))
#35 D:/ServBay/www/pesantren-multi-client/vendor/laravel/framework/src/Illuminate/Pipeline/Pipeline.php(219): Illuminate/Foundation/Http/Middleware/ConvertEmptyStringsToNull->handle(Object(Illuminate/Http/Request), Object(Closure))
#36 D:/ServBay/www/pesantren-multi-client/vendor/laravel/framework/src/Illuminate/Foundation/Http/Middleware/TransformsRequest.php(21): Illuminate/Pipeline/Pipeline->Illuminate/Pipeline/{closure}(Object(Illuminate/Http/Request))
#37 D:/ServBay/www/pesantren-multi-client/vendor/laravel/framework/src/Illuminate/Foundation/Http/Middleware/TrimStrings.php(51): Illuminate/Foundation/Http/Middleware/TransformsRequest->handle(Object(Illuminate/Http/Request), Object(Closure))
#38 D:/ServBay/www/pesantren-multi-client/vendor/laravel/framework/src/Illuminate/Pipeline/Pipeline.php(219): Illuminate/Foundation/Http/Middleware/TrimStrings->handle(Object(Illuminate/Http/Request), Object(Closure))
#39 D:/ServBay/www/pesantren-multi-client/vendor/laravel/framework/src/Illuminate/Http/Middleware/ValidatePostSize.php(27): Illuminate/Pipeline/Pipeline->Illuminate/Pipeline/{closure}(Object(Illuminate/Http/Request))
#40 D:/ServBay/www/pesantren-multi-client/vendor/laravel/framework/src/Illuminate/Pipeline/Pipeline.php(219): Illuminate/Http/Middleware/ValidatePostSize->handle(Object(Illuminate/Http/Request), Object(Closure))
#41 D:/ServBay/www/pesantren-multi-client/vendor/laravel/framework/src/Illuminate/Foundation/Http/Middleware/PreventRequestsDuringMaintenance.php(110): Illuminate/Pipeline/Pipeline->Illuminate/Pipeline/{closure}(Object(Illuminate/Http/Request))
#42 D:/ServBay/www/pesantren-multi-client/vendor/laravel/framework/src/Illuminate/Pipeline/Pipeline.php(219): Illuminate/Foundation/Http/Middleware/PreventRequestsDuringMaintenance->handle(Object(Illuminate/Http/Request), Object(Closure))
#43 D:/ServBay/www/pesantren-multi-client/vendor/laravel/framework/src/Illuminate/Http/Middleware/HandleCors.php(61): Illuminate/Pipeline/Pipeline->Illuminate/Pipeline/{closure}(Object(Illuminate/Http/Request))
#44 D:/ServBay/www/pesantren-multi-client/vendor/laravel/framework/src/Illuminate/Pipeline/Pipeline.php(219): Illuminate/Http/Middleware/HandleCors->handle(Object(Illuminate/Http/Request), Object(Closure))
#45 D:/ServBay/www/pesantren-multi-client/vendor/laravel/framework/src/Illuminate/Http/Middleware/TrustProxies.php(58): Illuminate/Pipeline/Pipeline->Illuminate/Pipeline/{closure}(Object(Illuminate/Http/Request))
#46 D:/ServBay/www/pesantren-multi-client/vendor/laravel/framework/src/Illuminate/Pipeline/Pipeline.php(219): Illuminate/Http/Middleware/TrustProxies->handle(Object(Illuminate/Http/Request), Object(Closure))
#47 D:/ServBay/www/pesantren-multi-client/vendor/laravel/framework/src/Illuminate/Foundation/Http/Middleware/InvokeDeferredCallbacks.php(22): Illuminate/Pipeline/Pipeline->Illuminate/Pipeline/{closure}(Object(Illuminate/Http/Request))
#48 D:/ServBay/www/pesantren-multi-client/vendor/laravel/framework/src/Illuminate/Pipeline/Pipeline.php(219): Illuminate/Foundation/Http/Middleware/InvokeDeferredCallbacks->handle(Object(Illuminate/Http/Request), Object(Closure))
#49 D:/ServBay/www/pesantren-multi-client/vendor/laravel/framework/src/Illuminate/Http/Middleware/ValidatePathEncoding.php(28): Illuminate/Pipeline/Pipeline->Illuminate/Pipeline/{closure}(Object(Illuminate/Http/Request))
#50 D:/ServBay/www/pesantren-multi-client/vendor/laravel/framework/src/Illuminate/Pipeline/Pipeline.php(219): Illuminate/Http/Middleware/ValidatePathEncoding->handle(Object(Illuminate/Http/Request), Object(Closure))
#51 D:/ServBay/www/pesantren-multi-client/vendor/laravel/framework/src/Illuminate/Pipeline/Pipeline.php(137): Illuminate/Pipeline/Pipeline->Illuminate/Pipeline/{closure}(Object(Illuminate/Http/Request))
#52 D:/ServBay/www/pesantren-multi-client/vendor/laravel/framework/src/Illuminate/Foundation/Http/Kernel.php(175): Illuminate/Pipeline/Pipeline->then(Object(Closure))
#53 D:/ServBay/www/pesantren-multi-client/vendor/laravel/framework/src/Illuminate/Foundation/Http/Kernel.php(144): Illuminate/Foundation/Http/Kernel->sendRequestThroughRouter(Object(Illuminate/Http/Request))
#54 D:/ServBay/www/pesantren-multi-client/vendor/laravel/framework/src/Illuminate/Foundation/Application.php(1227): Illuminate/Foundation/Http/Kernel->handle(Object(Illuminate/Http/Request))
#55 D:/ServBay/www/pesantren-multi-client/public/index.php(20): Illuminate/Foundation/Application->handleRequest(Object(Illuminate/Http/Request))
#56 D:/ServBay/www/pesantren-multi-client/vendor/laravel/framework/src/Illuminate/Foundation/resources/server.php(23): require_once('D://ServBay//www//...')
#57 {main}
"} 
[2026-09-28 15:42:40] local.ERROR: syntax error, unexpected token "::", expecting "," or ";" {"exception":"[object] (ParseError(code: 0): syntax error, unexpected token \"::\", expecting \",\" or \";\" at D:/ServBay/www/pesantren-multi-client/routes/web.php:7)
[stacktrace]
#0 D:/ServBay/www/pesantren-multi-client/vendor/laravel/framework/src/Illuminate/Routing/Router.php(526): Illuminate/Routing/RouteFileRegistrar->register('D://ServBay//www//...')
#1 D:/ServBay/www/pesantren-multi-client/vendor/laravel/framework/src/Illuminate/Routing/Router.php(480): Illuminate/Routing/Router->loadRoutes('D://ServBay//www//...')
#2 D:/ServBay/www/pesantren-multi-client/vendor/laravel/framework/src/Illuminate/Routing/RouteRegistrar.php(224): Illuminate/Routing/Router->group(Array, 'D://ServBay//www//...')
#3 D:/ServBay/www/pesantren-multi-client/vendor/laravel/framework/src/Illuminate/Foundation/Configuration/ApplicationBuilder.php(261): Illuminate/Routing/RouteRegistrar->group('D://ServBay//www//...')
#4 D:/ServBay/www/pesantren-multi-client/vendor/laravel/framework/src/Illuminate/Container/BoundMethod.php(36): Illuminate/Foundation/Configuration/ApplicationBuilder->Illuminate/Foundation/Configuration/{closure}()
#5 D:/ServBay/www/pesantren-multi-client/vendor/laravel/framework/src/Illuminate/Container/Util.php(43): Illuminate/Container/BoundMethod::Illuminate/Container/{closure}()
#6 D:/ServBay/www/pesantren-multi-client/vendor/laravel/framework/src/Illuminate/Container/BoundMethod.php(84): Illuminate/Container/Util::unwrapIfClosure(Object(Closure))
#7 D:/ServBay/www/pesantren-multi-client/vendor/laravel/framework/src/Illuminate/Container/BoundMethod.php(35): Illuminate/Container/BoundMethod::callBoundMethod(Object(Illuminate/Foundation/Application), Object(Closure), Object(Closure))
#8 D:/ServBay/www/pesantren-multi-client/vendor/laravel/framework/src/Illuminate/Container/Container.php(803): Illuminate/Container/BoundMethod::call(Object(Illuminate/Foundation/Application), Object(Closure), Array, NULL)
#9 D:/ServBay/www/pesantren-multi-client/vendor/laravel/framework/src/Illuminate/Foundation/Support/Providers/RouteServiceProvider.php(162): Illuminate/Container/Container->call(Object(Closure))
#10 D:/ServBay/www/pesantren-multi-client/vendor/laravel/framework/src/Illuminate/Foundation/Support/Providers/RouteServiceProvider.php(59): Illuminate/Foundation/Support/Providers/RouteServiceProvider->loadRoutes()
#11 D:/ServBay/www/pesantren-multi-client/vendor/laravel/framework/src/Illuminate/Container/BoundMethod.php(36): Illuminate/Foundation/Support/Providers/RouteServiceProvider->Illuminate/Foundation/Support/Providers/{closure}()
#12 D:/ServBay/www/pesantren-multi-client/vendor/laravel/framework/src/Illuminate/Container/Util.php(43): Illuminate/Container/BoundMethod::Illuminate/Container/{closure}()
#13 D:/ServBay/www/pesantren-multi-client/vendor/laravel/framework/src/Illuminate/Container/BoundMethod.php(84): Illuminate/Container/Util::unwrapIfClosure(Object(Closure))
#14 D:/ServBay/www/pesantren-multi-client/vendor/laravel/framework/src/Illuminate/Container/BoundMethod.php(35): Illuminate/Container/BoundMethod::callBoundMethod(Object(Illuminate/Foundation/Application), Object(Closure), Object(Closure))
#15 D:/ServBay/www/pesantren-multi-client/vendor/laravel/framework/src/Illuminate/Container/Container.php(803): Illuminate/Container/BoundMethod::call(Object(Illuminate/Foundation/Application), Object(Closure), Array, NULL)
#16 D:/ServBay/www/pesantren-multi-client/vendor/laravel/framework/src/Illuminate/Support/ServiceProvider.php(150): Illuminate/Container/Container->call(Object(Closure))
#17 D:/ServBay/www/pesantren-multi-client/vendor/laravel/framework/src/Illuminate/Foundation/Application.php(1161): Illuminate/Support/ServiceProvider->callBootedCallbacks()
#18 D:/ServBay/www/pesantren-multi-client/vendor/laravel/framework/src/Illuminate/Foundation/Application.php(1139): Illuminate/Foundation/Application->bootProvider(Object(Illuminate/Foundation/Support/Providers/RouteServiceProvider))
#19 [internal function]: Illuminate/Foundation/Application->Illuminate/Foundation/{closure}(Object(Illuminate/Foundation/Support/Providers/RouteServiceProvider), 'Illuminate//Foun...')
#20 D:/ServBay/www/pesantren-multi-client/vendor/laravel/framework/src/Illuminate/Foundation/Application.php(1138): array_walk(Array, Object(Closure))
#21 D:/ServBay/www/pesantren-multi-client/vendor/laravel/framework/src/Illuminate/Foundation/Bootstrap/BootProviders.php(17): Illuminate/Foundation/Application->boot()
#22 D:/ServBay/www/pesantren-multi-client/vendor/laravel/framework/src/Illuminate/Foundation/Application.php(349): Illuminate/Foundation/Bootstrap/BootProviders->bootstrap(Object(Illuminate/Foundation/Application))
#23 D:/ServBay/www/pesantren-multi-client/vendor/laravel/framework/src/Illuminate/Foundation/Console/Kernel.php(507): Illuminate/Foundation/Application->bootstrapWith(Array)
#24 D:/ServBay/www/pesantren-multi-client/storage/framework/lsp-0428cb04bfa84277.php(5): Illuminate/Foundation/Console/Kernel->bootstrap()
#25 {main}
"} 
[2026-09-28 15:43:59] local.ERROR: Class "PermitPdfController" does not exist {"exception":"[object] (ReflectionException(code: -1): Class \"PermitPdfController\" does not exist at D:/ServBay/www/pesantren-multi-client/vendor/laravel/framework/src/Illuminate/Foundation/Console/RouteListCommand.php:285)
[stacktrace]
#0 D:/ServBay/www/pesantren-multi-client/vendor/laravel/framework/src/Illuminate/Foundation/Console/RouteListCommand.php(285): ReflectionClass->__construct('PermitPdfContro...')
#1 D:/ServBay/www/pesantren-multi-client/vendor/laravel/framework/src/Illuminate/Foundation/Console/RouteListCommand.php(161): Illuminate/Foundation/Console/RouteListCommand->isVendorRoute(Object(Illuminate/Routing/Route))
#2 D:/ServBay/www/pesantren-multi-client/vendor/laravel/framework/src/Illuminate/Foundation/Console/RouteListCommand.php(128): Illuminate/Foundation/Console/RouteListCommand->getRouteInformation(Object(Illuminate/Routing/Route))
#3 [internal function]: Illuminate/Foundation/Console/RouteListCommand->Illuminate/Foundation/Console/{closure}(Object(Illuminate/Routing/Route), 45)
#4 D:/ServBay/www/pesantren-multi-client/vendor/laravel/framework/src/Illuminate/Collections/Arr.php(858): array_map(Object(Closure), Array, Array)
#5 D:/ServBay/www/pesantren-multi-client/vendor/laravel/framework/src/Illuminate/Collections/Collection.php(833): Illuminate/Support/Arr::map(Array, Object(Closure))
#6 D:/ServBay/www/pesantren-multi-client/vendor/laravel/framework/src/Illuminate/Foundation/Console/RouteListCommand.php(128): Illuminate/Support/Collection->map(Object(Closure))
#7 D:/ServBay/www/pesantren-multi-client/vendor/laravel/framework/src/Illuminate/Foundation/Console/RouteListCommand.php(113): Illuminate/Foundation/Console/RouteListCommand->getRoutes()
#8 D:/ServBay/www/pesantren-multi-client/vendor/laravel/framework/src/Illuminate/Container/BoundMethod.php(36): Illuminate/Foundation/Console/RouteListCommand->handle()
#9 D:/ServBay/www/pesantren-multi-client/vendor/laravel/framework/src/Illuminate/Container/Util.php(43): Illuminate/Container/BoundMethod::Illuminate/Container/{closure}()
#10 D:/ServBay/www/pesantren-multi-client/vendor/laravel/framework/src/Illuminate/Container/BoundMethod.php(96): Illuminate/Container/Util::unwrapIfClosure(Object(Closure))
#11 D:/ServBay/www/pesantren-multi-client/vendor/laravel/framework/src/Illuminate/Container/BoundMethod.php(35): Illuminate/Container/BoundMethod::callBoundMethod(Object(Illuminate/Foundation/Application), Array, Object(Closure))
#12 D:/ServBay/www/pesantren-multi-client/vendor/laravel/framework/src/Illuminate/Container/Container.php(803): Illuminate/Container/BoundMethod::call(Object(Illuminate/Foundation/Application), Array, Array, NULL)
#13 D:/ServBay/www/pesantren-multi-client/vendor/laravel/framework/src/Illuminate/Console/Command.php(292): Illuminate/Container/Container->call(Array)
#14 D:/ServBay/www/pesantren-multi-client/vendor/symfony/console/Command/Command.php(341): Illuminate/Console/Command->execute(Object(Symfony/Component/Console/Input/ArgvInput), Object(Illuminate/Console/OutputStyle))
#15 D:/ServBay/www/pesantren-multi-client/vendor/laravel/framework/src/Illuminate/Console/Command.php(261): Symfony/Component/Console/Command/Command->run(Object(Symfony/Component/Console/Input/ArgvInput), Object(Illuminate/Console/OutputStyle))
#16 D:/ServBay/www/pesantren-multi-client/vendor/symfony/console/Application.php(1117): Illuminate/Console/Command->run(Object(Symfony/Component/Console/Input/ArgvInput), Object(Symfony/Component/Console/Output/ConsoleOutput))
#17 D:/ServBay/www/pesantren-multi-client/vendor/symfony/console/Application.php(356): Symfony/Component/Console/Application->doRunCommand(Object(Illuminate/Foundation/Console/RouteListCommand), Object(Symfony/Component/Console/Input/ArgvInput), Object(Symfony/Component/Console/Output/ConsoleOutput))
#18 D:/ServBay/www/pesantren-multi-client/vendor/symfony/console/Application.php(195): Symfony/Component/Console/Application->doRun(Object(Symfony/Component/Console/Input/ArgvInput), Object(Symfony/Component/Console/Output/ConsoleOutput))
#19 D:/ServBay/www/pesantren-multi-client/vendor/laravel/framework/src/Illuminate/Foundation/Console/Kernel.php(198): Symfony/Component/Console/Application->run(Object(Symfony/Component/Console/Input/ArgvInput), Object(Symfony/Component/Console/Output/ConsoleOutput))
#20 D:/ServBay/www/pesantren-multi-client/vendor/laravel/framework/src/Illuminate/Foundation/Application.php(1242): Illuminate/Foundation/Console/Kernel->handle(Object(Symfony/Component/Console/Input/ArgvInput), Object(Symfony/Component/Console/Output/ConsoleOutput))
#21 D:/ServBay/www/pesantren-multi-client/artisan(16): Illuminate/Foundation/Application->handleCommand(Object(Symfony/Component/Console/Input/ArgvInput))
#22 {main}
"} 
[2026-09-28 15:44:09] local.ERROR: Class "PermitPdfController" does not exist {"exception":"[object] (ReflectionException(code: -1): Class \"PermitPdfController\" does not exist at D:/ServBay/www/pesantren-multi-client/vendor/laravel/framework/src/Illuminate/Foundation/Console/RouteListCommand.php:285)
[stacktrace]
#0 D:/ServBay/www/pesantren-multi-client/vendor/laravel/framework/src/Illuminate/Foundation/Console/RouteListCommand.php(285): ReflectionClass->__construct('PermitPdfContro...')
#1 D:/ServBay/www/pesantren-multi-client/vendor/laravel/framework/src/Illuminate/Foundation/Console/RouteListCommand.php(161): Illuminate/Foundation/Console/RouteListCommand->isVendorRoute(Object(Illuminate/Routing/Route))
#2 D:/ServBay/www/pesantren-multi-client/vendor/laravel/framework/src/Illuminate/Foundation/Console/RouteListCommand.php(128): Illuminate/Foundation/Console/RouteListCommand->getRouteInformation(Object(Illuminate/Routing/Route))
#3 [internal function]: Illuminate/Foundation/Console/RouteListCommand->Illuminate/Foundation/Console/{closure}(Object(Illuminate/Routing/Route), 45)
#4 D:/ServBay/www/pesantren-multi-client/vendor/laravel/framework/src/Illuminate/Collections/Arr.php(858): array_map(Object(Closure), Array, Array)
#5 D:/ServBay/www/pesantren-multi-client/vendor/laravel/framework/src/Illuminate/Collections/Collection.php(833): Illuminate/Support/Arr::map(Array, Object(Closure))
#6 D:/ServBay/www/pesantren-multi-client/vendor/laravel/framework/src/Illuminate/Foundation/Console/RouteListCommand.php(128): Illuminate/Support/Collection->map(Object(Closure))
#7 D:/ServBay/www/pesantren-multi-client/vendor/laravel/framework/src/Illuminate/Foundation/Console/RouteListCommand.php(113): Illuminate/Foundation/Console/RouteListCommand->getRoutes()
#8 D:/ServBay/www/pesantren-multi-client/vendor/laravel/framework/src/Illuminate/Container/BoundMethod.php(36): Illuminate/Foundation/Console/RouteListCommand->handle()
#9 D:/ServBay/www/pesantren-multi-client/vendor/laravel/framework/src/Illuminate/Container/Util.php(43): Illuminate/Container/BoundMethod::Illuminate/Container/{closure}()
#10 D:/ServBay/www/pesantren-multi-client/vendor/laravel/framework/src/Illuminate/Container/BoundMethod.php(96): Illuminate/Container/Util::unwrapIfClosure(Object(Closure))
#11 D:/ServBay/www/pesantren-multi-client/vendor/laravel/framework/src/Illuminate/Container/BoundMethod.php(35): Illuminate/Container/BoundMethod::callBoundMethod(Object(Illuminate/Foundation/Application), Array, Object(Closure))
#12 D:/ServBay/www/pesantren-multi-client/vendor/laravel/framework/src/Illuminate/Container/Container.php(803): Illuminate/Container/BoundMethod::call(Object(Illuminate/Foundation/Application), Array, Array, NULL)
#13 D:/ServBay/www/pesantren-multi-client/vendor/laravel/framework/src/Illuminate/Console/Command.php(292): Illuminate/Container/Container->call(Array)
#14 D:/ServBay/www/pesantren-multi-client/vendor/symfony/console/Command/Command.php(341): Illuminate/Console/Command->execute(Object(Symfony/Component/Console/Input/ArgvInput), Object(Illuminate/Console/OutputStyle))
#15 D:/ServBay/www/pesantren-multi-client/vendor/laravel/framework/src/Illuminate/Console/Command.php(261): Symfony/Component/Console/Command/Command->run(Object(Symfony/Component/Console/Input/ArgvInput), Object(Illuminate/Console/OutputStyle))
#16 D:/ServBay/www/pesantren-multi-client/vendor/symfony/console/Application.php(1117): Illuminate/Console/Command->run(Object(Symfony/Component/Console/Input/ArgvInput), Object(Symfony/Component/Console/Output/ConsoleOutput))
#17 D:/ServBay/www/pesantren-multi-client/vendor/symfony/console/Application.php(356): Symfony/Component/Console/Application->doRunCommand(Object(Illuminate/Foundation/Console/RouteListCommand), Object(Symfony/Component/Console/Input/ArgvInput), Object(Symfony/Component/Console/Output/ConsoleOutput))
#18 D:/ServBay/www/pesantren-multi-client/vendor/symfony/console/Application.php(195): Symfony/Component/Console/Application->doRun(Object(Symfony/Component/Console/Input/ArgvInput), Object(Symfony/Component/Console/Output/ConsoleOutput))
#19 D:/ServBay/www/pesantren-multi-client/vendor/laravel/framework/src/Illuminate/Foundation/Console/Kernel.php(198): Symfony/Component/Console/Application->run(Object(Symfony/Component/Console/Input/ArgvInput), Object(Symfony/Component/Console/Output/ConsoleOutput))
#20 D:/ServBay/www/pesantren-multi-client/vendor/laravel/framework/src/Illuminate/Foundation/Application.php(1242): Illuminate/Foundation/Console/Kernel->handle(Object(Symfony/Component/Console/Input/ArgvInput), Object(Symfony/Component/Console/Output/ConsoleOutput))
#21 D:/ServBay/www/pesantren-multi-client/artisan(16): Illuminate/Foundation/Application->handleCommand(Object(Symfony/Component/Console/Input/ArgvInput))
#22 {main}
"} 
[2026-09-28 15:48:40] local.ERROR: SQLSTATE[42S22]: Column not found: 1054 Unknown column 'deadline' in 'INSERT INTO' (Connection: mysql, Host: 127.0.0.1, Port: 3306, Database: pesantren, SQL: insert into `leave_requests` (`client_id`, `student_id`, `code`, `type`, `reason`, `start_time`, `end_time`, `deadline`, `destination`, `contact_name`, `contact_phone`, `status`, `issued_by`, `updated_at`, `created_at`) values (1, 1, IZN-20260928-TDLO40, pulang, Menghadiri acara keluarga, 2026-09-28 15:48:40, 2026-10-02 17:00:00, 2026-10-02 17:00:00, Surabaya, H. Sulaiman, 081234567890, menunggu_ttd_offline, ?, 2026-09-28 15:48:40, 2026-09-28 15:48:40)) {"exception":"[object] (Illuminate\\Database\\QueryException(code: 42S22): SQLSTATE[42S22]: Column not found: 1054 Unknown column 'deadline' in 'INSERT INTO' (Connection: mysql, Host: 127.0.0.1, Port: 3306, Database: pesantren, SQL: insert into `leave_requests` (`client_id`, `student_id`, `code`, `type`, `reason`, `start_time`, `end_time`, `deadline`, `destination`, `contact_name`, `contact_phone`, `status`, `issued_by`, `updated_at`, `created_at`) values (1, 1, IZN-20260928-TDLO40, pulang, Menghadiri acara keluarga, 2026-09-28 15:48:40, 2026-10-02 17:00:00, 2026-10-02 17:00:00, Surabaya, H. Sulaiman, 081234567890, menunggu_ttd_offline, ?, 2026-09-28 15:48:40, 2026-09-28 15:48:40)) at D:/ServBay/www/pesantren-multi-client/vendor/laravel/framework/src/Illuminate/Database/Connection.php:857)
[stacktrace]
#0 D:/ServBay/www/pesantren-multi-client/vendor/laravel/framework/src/Illuminate/Database/Connection.php(813): Illuminate/Database/Connection->runQueryCallback('insert into `le...', Array, Object(Closure))
#1 D:/ServBay/www/pesantren-multi-client/vendor/laravel/framework/src/Illuminate/Database/MySqlConnection.php(42): Illuminate/Database/Connection->run('insert into `le...', Array, Object(Closure))
#2 D:/ServBay/www/pesantren-multi-client/vendor/laravel/framework/src/Illuminate/Database/Query/Processors/MySqlProcessor.php(35): Illuminate/Database/MySqlConnection->insert('insert into `le...', Array, 'id')
#3 D:/ServBay/www/pesantren-multi-client/vendor/laravel/framework/src/Illuminate/Database/Query/Builder.php(4313): Illuminate/Database/Query/Processors/MySqlProcessor->processInsertGetId(Object(Illuminate/Database/Query/Builder), 'insert into `le...', Array, 'id')
#4 D:/ServBay/www/pesantren-multi-client/vendor/laravel/framework/src/Illuminate/Database/Eloquent/Builder.php(2336): Illuminate/Database/Query/Builder->insertGetId(Array, 'id')
#5 D:/ServBay/www/pesantren-multi-client/vendor/laravel/framework/src/Illuminate/Database/Eloquent/Model.php(1691): Illuminate/Database/Eloquent/Builder->__call('insertGetId', Array)
#6 D:/ServBay/www/pesantren-multi-client/vendor/laravel/framework/src/Illuminate/Database/Eloquent/Model.php(1607): Illuminate/Database/Eloquent/Model->insertAndSetId(Object(Illuminate/Database/Eloquent/Builder), Array)
#7 D:/ServBay/www/pesantren-multi-client/vendor/laravel/framework/src/Illuminate/Database/Eloquent/Model.php(1411): Illuminate/Database/Eloquent/Model->performInsert(Object(Illuminate/Database/Eloquent/Builder))
#8 D:/ServBay/www/pesantren-multi-client/vendor/laravel/framework/src/Illuminate/Database/Eloquent/Builder.php(1258): Illuminate/Database/Eloquent/Model->save()
#9 D:/ServBay/www/pesantren-multi-client/vendor/laravel/framework/src/Illuminate/Support/helpers.php(393): Illuminate/Database/Eloquent/Builder->Illuminate/Database/Eloquent/{closure}(Object(App/Models/LeaveRequest))
#10 D:/ServBay/www/pesantren-multi-client/vendor/laravel/framework/src/Illuminate/Database/Eloquent/Builder.php(1257): tap(Object(App/Models/LeaveRequest), Object(Closure))
#11 D:/ServBay/www/pesantren-multi-client/vendor/laravel/framework/src/Illuminate/Support/Traits/ForwardsCalls.php(23): Illuminate/Database/Eloquent/Builder->create(Array)
#12 D:/ServBay/www/pesantren-multi-client/vendor/laravel/framework/src/Illuminate/Database/Eloquent/Model.php(2870): Illuminate/Database/Eloquent/Model->forwardCallTo(Object(Illuminate/Database/Eloquent/Builder), 'create', Array)
#13 D:/ServBay/www/pesantren-multi-client/vendor/laravel/framework/src/Illuminate/Database/Eloquent/Model.php(2886): Illuminate/Database/Eloquent/Model->__call('create', Array)
#14 D:/ServBay/www/pesantren-multi-client/app/Http/Controllers/Api/PermitController.php(56): Illuminate/Database/Eloquent/Model::__callStatic('create', Array)
#15 D:/ServBay/www/pesantren-multi-client/vendor/laravel/framework/src/Illuminate/Routing/ControllerDispatcher.php(46): App/Http/Controllers/Api/PermitController->initiate(Object(Illuminate/Http/Request))
#16 D:/ServBay/www/pesantren-multi-client/vendor/laravel/framework/src/Illuminate/Routing/Route.php(276): Illuminate/Routing/ControllerDispatcher->dispatch(Object(Illuminate/Routing/Route), Object(App/Http/Controllers/Api/PermitController), 'initiate')
#17 D:/ServBay/www/pesantren-multi-client/vendor/laravel/framework/src/Illuminate/Routing/Route.php(216): Illuminate/Routing/Route->runController()
#18 D:/ServBay/www/pesantren-multi-client/vendor/laravel/framework/src/Illuminate/Routing/Router.php(822): Illuminate/Routing/Route->run()
#19 D:/ServBay/www/pesantren-multi-client/vendor/laravel/framework/src/Illuminate/Pipeline/Pipeline.php(180): Illuminate/Routing/Router->Illuminate/Routing/{closure}(Object(Illuminate/Http/Request))
#20 D:/ServBay/www/pesantren-multi-client/vendor/laravel/framework/src/Illuminate/Routing/Middleware/SubstituteBindings.php(52): Illuminate/Pipeline/Pipeline->Illuminate/Pipeline/{closure}(Object(Illuminate/Http/Request))
#21 D:/ServBay/www/pesantren-multi-client/vendor/laravel/framework/src/Illuminate/Pipeline/Pipeline.php(219): Illuminate/Routing/Middleware/SubstituteBindings->handle(Object(Illuminate/Http/Request), Object(Closure))
#22 D:/ServBay/www/pesantren-multi-client/vendor/laravel/framework/src/Illuminate/Pipeline/Pipeline.php(137): Illuminate/Pipeline/Pipeline->Illuminate/Pipeline/{closure}(Object(Illuminate/Http/Request))
#23 D:/ServBay/www/pesantren-multi-client/vendor/laravel/framework/src/Illuminate/Routing/Router.php(821): Illuminate/Pipeline/Pipeline->then(Object(Closure))
#24 D:/ServBay/www/pesantren-multi-client/vendor/laravel/framework/src/Illuminate/Routing/Router.php(800): Illuminate/Routing/Router->runRouteWithinStack(Object(Illuminate/Routing/Route), Object(Illuminate/Http/Request))
#25 D:/ServBay/www/pesantren-multi-client/vendor/laravel/framework/src/Illuminate/Routing/Router.php(764): Illuminate/Routing/Router->runRoute(Object(Illuminate/Http/Request), Object(Illuminate/Routing/Route))
#26 D:/ServBay/www/pesantren-multi-client/vendor/laravel/framework/src/Illuminate/Routing/Router.php(753): Illuminate/Routing/Router->dispatchToRoute(Object(Illuminate/Http/Request))
#27 D:/ServBay/www/pesantren-multi-client/vendor/laravel/framework/src/Illuminate/Foundation/Http/Kernel.php(200): Illuminate/Routing/Router->dispatch(Object(Illuminate/Http/Request))
#28 D:/ServBay/www/pesantren-multi-client/vendor/laravel/framework/src/Illuminate/Pipeline/Pipeline.php(180): Illuminate/Foundation/Http/Kernel->Illuminate/Foundation/Http/{closure}(Object(Illuminate/Http/Request))
#29 D:/ServBay/www/pesantren-multi-client/vendor/laravel/framework/src/Illuminate/Foundation/Http/Middleware/TransformsRequest.php(21): Illuminate/Pipeline/Pipeline->Illuminate/Pipeline/{closure}(Object(Illuminate/Http/Request))
#30 D:/ServBay/www/pesantren-multi-client/vendor/laravel/framework/src/Illuminate/Foundation/Http/Middleware/ConvertEmptyStringsToNull.php(31): Illuminate/Foundation/Http/Middleware/TransformsRequest->handle(Object(Illuminate/Http/Request), Object(Closure))
#31 D:/ServBay/www/pesantren-multi-client/vendor/laravel/framework/src/Illuminate/Pipeline/Pipeline.php(219): Illuminate/Foundation/Http/Middleware/ConvertEmptyStringsToNull->handle(Object(Illuminate/Http/Request), Object(Closure))
#32 D:/ServBay/www/pesantren-multi-client/vendor/laravel/framework/src/Illuminate/Foundation/Http/Middleware/TransformsRequest.php(21): Illuminate/Pipeline/Pipeline->Illuminate/Pipeline/{closure}(Object(Illuminate/Http/Request))
#33 D:/ServBay/www/pesantren-multi-client/vendor/laravel/framework/src/Illuminate/Foundation/Http/Middleware/TrimStrings.php(51): Illuminate/Foundation/Http/Middleware/TransformsRequest->handle(Object(Illuminate/Http/Request), Object(Closure))
#34 D:/ServBay/www/pesantren-multi-client/vendor/laravel/framework/src/Illuminate/Pipeline/Pipeline.php(219): Illuminate/Foundation/Http/Middleware/TrimStrings->handle(Object(Illuminate/Http/Request), Object(Closure))
#35 D:/ServBay/www/pesantren-multi-client/vendor/laravel/framework/src/Illuminate/Http/Middleware/ValidatePostSize.php(27): Illuminate/Pipeline/Pipeline->Illuminate/Pipeline/{closure}(Object(Illuminate/Http/Request))
#36 D:/ServBay/www/pesantren-multi-client/vendor/laravel/framework/src/Illuminate/Pipeline/Pipeline.php(219): Illuminate/Http/Middleware/ValidatePostSize->handle(Object(Illuminate/Http/Request), Object(Closure))
#37 D:/ServBay/www/pesantren-multi-client/vendor/laravel/framework/src/Illuminate/Foundation/Http/Middleware/PreventRequestsDuringMaintenance.php(110): Illuminate/Pipeline/Pipeline->Illuminate/Pipeline/{closure}(Object(Illuminate/Http/Request))
#38 D:/ServBay/www/pesantren-multi-client/vendor/laravel/framework/src/Illuminate/Pipeline/Pipeline.php(219): Illuminate/Foundation/Http/Middleware/PreventRequestsDuringMaintenance->handle(Object(Illuminate/Http/Request), Object(Closure))
#39 D:/ServBay/www/pesantren-multi-client/vendor/laravel/framework/src/Illuminate/Http/Middleware/HandleCors.php(74): Illuminate/Pipeline/Pipeline->Illuminate/Pipeline/{closure}(Object(Illuminate/Http/Request))
#40 D:/ServBay/www/pesantren-multi-client/vendor/laravel/framework/src/Illuminate/Pipeline/Pipeline.php(219): Illuminate/Http/Middleware/HandleCors->handle(Object(Illuminate/Http/Request), Object(Closure))
#41 D:/ServBay/www/pesantren-multi-client/vendor/laravel/framework/src/Illuminate/Http/Middleware/TrustProxies.php(58): Illuminate/Pipeline/Pipeline->Illuminate/Pipeline/{closure}(Object(Illuminate/Http/Request))
#42 D:/ServBay/www/pesantren-multi-client/vendor/laravel/framework/src/Illuminate/Pipeline/Pipeline.php(219): Illuminate/Http/Middleware/TrustProxies->handle(Object(Illuminate/Http/Request), Object(Closure))
#43 D:/ServBay/www/pesantren-multi-client/vendor/laravel/framework/src/Illuminate/Foundation/Http/Middleware/InvokeDeferredCallbacks.php(22): Illuminate/Pipeline/Pipeline->Illuminate/Pipeline/{closure}(Object(Illuminate/Http/Request))
#44 D:/ServBay/www/pesantren-multi-client/vendor/laravel/framework/src/Illuminate/Pipeline/Pipeline.php(219): Illuminate/Foundation/Http/Middleware/InvokeDeferredCallbacks->handle(Object(Illuminate/Http/Request), Object(Closure))
#45 D:/ServBay/www/pesantren-multi-client/vendor/laravel/framework/src/Illuminate/Http/Middleware/ValidatePathEncoding.php(28): Illuminate/Pipeline/Pipeline->Illuminate/Pipeline/{closure}(Object(Illuminate/Http/Request))
#46 D:/ServBay/www/pesantren-multi-client/vendor/laravel/framework/src/Illuminate/Pipeline/Pipeline.php(219): Illuminate/Http/Middleware/ValidatePathEncoding->handle(Object(Illuminate/Http/Request), Object(Closure))
#47 D:/ServBay/www/pesantren-multi-client/vendor/laravel/framework/src/Illuminate/Pipeline/Pipeline.php(137): Illuminate/Pipeline/Pipeline->Illuminate/Pipeline/{closure}(Object(Illuminate/Http/Request))
#48 D:/ServBay/www/pesantren-multi-client/vendor/laravel/framework/src/Illuminate/Foundation/Http/Kernel.php(175): Illuminate/Pipeline/Pipeline->then(Object(Closure))
#49 D:/ServBay/www/pesantren-multi-client/vendor/laravel/framework/src/Illuminate/Foundation/Http/Kernel.php(144): Illuminate/Foundation/Http/Kernel->sendRequestThroughRouter(Object(Illuminate/Http/Request))
#50 D:/ServBay/www/pesantren-multi-client/vendor/laravel/framework/src/Illuminate/Foundation/Application.php(1227): Illuminate/Foundation/Http/Kernel->handle(Object(Illuminate/Http/Request))
#51 D:/ServBay/www/pesantren-multi-client/public/index.php(20): Illuminate/Foundation/Application->handleRequest(Object(Illuminate/Http/Request))
#52 D:/ServBay/www/pesantren-multi-client/vendor/laravel/framework/src/Illuminate/Foundation/resources/server.php(23): require_once('D://ServBay//www//...')
#53 {main}

[previous exception] [object] (PDOException(code: 42S22): SQLSTATE[42S22]: Column not found: 1054 Unknown column 'deadline' in 'INSERT INTO' at D:/ServBay/www/pesantren-multi-client/vendor/laravel/framework/src/Illuminate/Database/MySqlConnection.php:47)
[stacktrace]
#0 D:/ServBay/www/pesantren-multi-client/vendor/laravel/framework/src/Illuminate/Database/MySqlConnection.php(47): PDO->prepare('insert into `le...')
#1 D:/ServBay/www/pesantren-multi-client/vendor/laravel/framework/src/Illuminate/Database/Connection.php(846): Illuminate/Database/MySqlConnection->Illuminate/Database/{closure}('insert into `le...', Array)
#2 D:/ServBay/www/pesantren-multi-client/vendor/laravel/framework/src/Illuminate/Database/Connection.php(813): Illuminate/Database/Connection->runQueryCallback('insert into `le...', Array, Object(Closure))
#3 D:/ServBay/www/pesantren-multi-client/vendor/laravel/framework/src/Illuminate/Database/MySqlConnection.php(42): Illuminate/Database/Connection->run('insert into `le...', Array, Object(Closure))
#4 D:/ServBay/www/pesantren-multi-client/vendor/laravel/framework/src/Illuminate/Database/Query/Processors/MySqlProcessor.php(35): Illuminate/Database/MySqlConnection->insert('insert into `le...', Array, 'id')
#5 D:/ServBay/www/pesantren-multi-client/vendor/laravel/framework/src/Illuminate/Database/Query/Builder.php(4313): Illuminate/Database/Query/Processors/MySqlProcessor->processInsertGetId(Object(Illuminate/Database/Query/Builder), 'insert into `le...', Array, 'id')
#6 D:/ServBay/www/pesantren-multi-client/vendor/laravel/framework/src/Illuminate/Database/Eloquent/Builder.php(2336): Illuminate/Database/Query/Builder->insertGetId(Array, 'id')
#7 D:/ServBay/www/pesantren-multi-client/vendor/laravel/framework/src/Illuminate/Database/Eloquent/Model.php(1691): Illuminate/Database/Eloquent/Builder->__call('insertGetId', Array)
#8 D:/ServBay/www/pesantren-multi-client/vendor/laravel/framework/src/Illuminate/Database/Eloquent/Model.php(1607): Illuminate/Database/Eloquent/Model->insertAndSetId(Object(Illuminate/Database/Eloquent/Builder), Array)
#9 D:/ServBay/www/pesantren-multi-client/vendor/laravel/framework/src/Illuminate/Database/Eloquent/Model.php(1411): Illuminate/Database/Eloquent/Model->performInsert(Object(Illuminate/Database/Eloquent/Builder))
#10 D:/ServBay/www/pesantren-multi-client/vendor/laravel/framework/src/Illuminate/Database/Eloquent/Builder.php(1258): Illuminate/Database/Eloquent/Model->save()
#11 D:/ServBay/www/pesantren-multi-client/vendor/laravel/framework/src/Illuminate/Support/helpers.php(393): Illuminate/Database/Eloquent/Builder->Illuminate/Database/Eloquent/{closure}(Object(App/Models/LeaveRequest))
#12 D:/ServBay/www/pesantren-multi-client/vendor/laravel/framework/src/Illuminate/Database/Eloquent/Builder.php(1257): tap(Object(App/Models/LeaveRequest), Object(Closure))
#13 D:/ServBay/www/pesantren-multi-client/vendor/laravel/framework/src/Illuminate/Support/Traits/ForwardsCalls.php(23): Illuminate/Database/Eloquent/Builder->create(Array)
#14 D:/ServBay/www/pesantren-multi-client/vendor/laravel/framework/src/Illuminate/Database/Eloquent/Model.php(2870): Illuminate/Database/Eloquent/Model->forwardCallTo(Object(Illuminate/Database/Eloquent/Builder), 'create', Array)
#15 D:/ServBay/www/pesantren-multi-client/vendor/laravel/framework/src/Illuminate/Database/Eloquent/Model.php(2886): Illuminate/Database/Eloquent/Model->__call('create', Array)
#16 D:/ServBay/www/pesantren-multi-client/app/Http/Controllers/Api/PermitController.php(56): Illuminate/Database/Eloquent/Model::__callStatic('create', Array)
#17 D:/ServBay/www/pesantren-multi-client/vendor/laravel/framework/src/Illuminate/Routing/ControllerDispatcher.php(46): App/Http/Controllers/Api/PermitController->initiate(Object(Illuminate/Http/Request))
#18 D:/ServBay/www/pesantren-multi-client/vendor/laravel/framework/src/Illuminate/Routing/Route.php(276): Illuminate/Routing/ControllerDispatcher->dispatch(Object(Illuminate/Routing/Route), Object(App/Http/Controllers/Api/PermitController), 'initiate')
#19 D:/ServBay/www/pesantren-multi-client/vendor/laravel/framework/src/Illuminate/Routing/Route.php(216): Illuminate/Routing/Route->runController()
#20 D:/ServBay/www/pesantren-multi-client/vendor/laravel/framework/src/Illuminate/Routing/Router.php(822): Illuminate/Routing/Route->run()
#21 D:/ServBay/www/pesantren-multi-client/vendor/laravel/framework/src/Illuminate/Pipeline/Pipeline.php(180): Illuminate/Routing/Router->Illuminate/Routing/{closure}(Object(Illuminate/Http/Request))
#22 D:/ServBay/www/pesantren-multi-client/vendor/laravel/framework/src/Illuminate/Routing/Middleware/SubstituteBindings.php(52): Illuminate/Pipeline/Pipeline->Illuminate/Pipeline/{closure}(Object(Illuminate/Http/Request))
#23 D:/ServBay/www/pesantren-multi-client/vendor/laravel/framework/src/Illuminate/Pipeline/Pipeline.php(219): Illuminate/Routing/Middleware/SubstituteBindings->handle(Object(Illuminate/Http/Request), Object(Closure))
#24 D:/ServBay/www/pesantren-multi-client/vendor/laravel/framework/src/Illuminate/Pipeline/Pipeline.php(137): Illuminate/Pipeline/Pipeline->Illuminate/Pipeline/{closure}(Object(Illuminate/Http/Request))
#25 D:/ServBay/www/pesantren-multi-client/vendor/laravel/framework/src/Illuminate/Routing/Router.php(821): Illuminate/Pipeline/Pipeline->then(Object(Closure))
#26 D:/ServBay/www/pesantren-multi-client/vendor/laravel/framework/src/Illuminate/Routing/Router.php(800): Illuminate/Routing/Router->runRouteWithinStack(Object(Illuminate/Routing/Route), Object(Illuminate/Http/Request))
#27 D:/ServBay/www/pesantren-multi-client/vendor/laravel/framework/src/Illuminate/Routing/Router.php(764): Illuminate/Routing/Router->runRoute(Object(Illuminate/Http/Request), Object(Illuminate/Routing/Route))
#28 D:/ServBay/www/pesantren-multi-client/vendor/laravel/framework/src/Illuminate/Routing/Router.php(753): Illuminate/Routing/Router->dispatchToRoute(Object(Illuminate/Http/Request))
#29 D:/ServBay/www/pesantren-multi-client/vendor/laravel/framework/src/Illuminate/Foundation/Http/Kernel.php(200): Illuminate/Routing/Router->dispatch(Object(Illuminate/Http/Request))
#30 D:/ServBay/www/pesantren-multi-client/vendor/laravel/framework/src/Illuminate/Pipeline/Pipeline.php(180): Illuminate/Foundation/Http/Kernel->Illuminate/Foundation/Http/{closure}(Object(Illuminate/Http/Request))
#31 D:/ServBay/www/pesantren-multi-client/vendor/laravel/framework/src/Illuminate/Foundation/Http/Middleware/TransformsRequest.php(21): Illuminate/Pipeline/Pipeline->Illuminate/Pipeline/{closure}(Object(Illuminate/Http/Request))
#32 D:/ServBay/www/pesantren-multi-client/vendor/laravel/framework/src/Illuminate/Foundation/Http/Middleware/ConvertEmptyStringsToNull.php(31): Illuminate/Foundation/Http/Middleware/TransformsRequest->handle(Object(Illuminate/Http/Request), Object(Closure))
#33 D:/ServBay/www/pesantren-multi-client/vendor/laravel/framework/src/Illuminate/Pipeline/Pipeline.php(219): Illuminate/Foundation/Http/Middleware/ConvertEmptyStringsToNull->handle(Object(Illuminate/Http/Request), Object(Closure))
#34 D:/ServBay/www/pesantren-multi-client/vendor/laravel/framework/src/Illuminate/Foundation/Http/Middleware/TransformsRequest.php(21): Illuminate/Pipeline/Pipeline->Illuminate/Pipeline/{closure}(Object(Illuminate/Http/Request))
#35 D:/ServBay/www/pesantren-multi-client/vendor/laravel/framework/src/Illuminate/Foundation/Http/Middleware/TrimStrings.php(51): Illuminate/Foundation/Http/Middleware/TransformsRequest->handle(Object(Illuminate/Http/Request), Object(Closure))
#36 D:/ServBay/www/pesantren-multi-client/vendor/laravel/framework/src/Illuminate/Pipeline/Pipeline.php(219): Illuminate/Foundation/Http/Middleware/TrimStrings->handle(Object(Illuminate/Http/Request), Object(Closure))
#37 D:/ServBay/www/pesantren-multi-client/vendor/laravel/framework/src/Illuminate/Http/Middleware/ValidatePostSize.php(27): Illuminate/Pipeline/Pipeline->Illuminate/Pipeline/{closure}(Object(Illuminate/Http/Request))
#38 D:/ServBay/www/pesantren-multi-client/vendor/laravel/framework/src/Illuminate/Pipeline/Pipeline.php(219): Illuminate/Http/Middleware/ValidatePostSize->handle(Object(Illuminate/Http/Request), Object(Closure))
#39 D:/ServBay/www/pesantren-multi-client/vendor/laravel/framework/src/Illuminate/Foundation/Http/Middleware/PreventRequestsDuringMaintenance.php(110): Illuminate/Pipeline/Pipeline->Illuminate/Pipeline/{closure}(Object(Illuminate/Http/Request))
#40 D:/ServBay/www/pesantren-multi-client/vendor/laravel/framework/src/Illuminate/Pipeline/Pipeline.php(219): Illuminate/Foundation/Http/Middleware/PreventRequestsDuringMaintenance->handle(Object(Illuminate/Http/Request), Object(Closure))
#41 D:/ServBay/www/pesantren-multi-client/vendor/laravel/framework/src/Illuminate/Http/Middleware/HandleCors.php(74): Illuminate/Pipeline/Pipeline->Illuminate/Pipeline/{closure}(Object(Illuminate/Http/Request))
#42 D:/ServBay/www/pesantren-multi-client/vendor/laravel/framework/src/Illuminate/Pipeline/Pipeline.php(219): Illuminate/Http/Middleware/HandleCors->handle(Object(Illuminate/Http/Request), Object(Closure))
#43 D:/ServBay/www/pesantren-multi-client/vendor/laravel/framework/src/Illuminate/Http/Middleware/TrustProxies.php(58): Illuminate/Pipeline/Pipeline->Illuminate/Pipeline/{closure}(Object(Illuminate/Http/Request))
#44 D:/ServBay/www/pesantren-multi-client/vendor/laravel/framework/src/Illuminate/Pipeline/Pipeline.php(219): Illuminate/Http/Middleware/TrustProxies->handle(Object(Illuminate/Http/Request), Object(Closure))
#45 D:/ServBay/www/pesantren-multi-client/vendor/laravel/framework/src/Illuminate/Foundation/Http/Middleware/InvokeDeferredCallbacks.php(22): Illuminate/Pipeline/Pipeline->Illuminate/Pipeline/{closure}(Object(Illuminate/Http/Request))
#46 D:/ServBay/www/pesantren-multi-client/vendor/laravel/framework/src/Illuminate/Pipeline/Pipeline.php(219): Illuminate/Foundation/Http/Middleware/InvokeDeferredCallbacks->handle(Object(Illuminate/Http/Request), Object(Closure))
#47 D:/ServBay/www/pesantren-multi-client/vendor/laravel/framework/src/Illuminate/Http/Middleware/ValidatePathEncoding.php(28): Illuminate/Pipeline/Pipeline->Illuminate/Pipeline/{closure}(Object(Illuminate/Http/Request))
#48 D:/ServBay/www/pesantren-multi-client/vendor/laravel/framework/src/Illuminate/Pipeline/Pipeline.php(219): Illuminate/Http/Middleware/ValidatePathEncoding->handle(Object(Illuminate/Http/Request), Object(Closure))
#49 D:/ServBay/www/pesantren-multi-client/vendor/laravel/framework/src/Illuminate/Pipeline/Pipeline.php(137): Illuminate/Pipeline/Pipeline->Illuminate/Pipeline/{closure}(Object(Illuminate/Http/Request))
#50 D:/ServBay/www/pesantren-multi-client/vendor/laravel/framework/src/Illuminate/Foundation/Http/Kernel.php(175): Illuminate/Pipeline/Pipeline->then(Object(Closure))
#51 D:/ServBay/www/pesantren-multi-client/vendor/laravel/framework/src/Illuminate/Foundation/Http/Kernel.php(144): Illuminate/Foundation/Http/Kernel->sendRequestThroughRouter(Object(Illuminate/Http/Request))
#52 D:/ServBay/www/pesantren-multi-client/vendor/laravel/framework/src/Illuminate/Foundation/Application.php(1227): Illuminate/Foundation/Http/Kernel->handle(Object(Illuminate/Http/Request))
#53 D:/ServBay/www/pesantren-multi-client/public/index.php(20): Illuminate/Foundation/Application->handleRequest(Object(Illuminate/Http/Request))
#54 D:/ServBay/www/pesantren-multi-client/vendor/laravel/framework/src/Illuminate/Foundation/resources/server.php(23): require_once('D://ServBay//www//...')
#55 {main}
"} 
[2026-09-28 15:54:25] local.ERROR: syntax error, unexpected identifier "Route", expecting "," or ";" {"exception":"[object] (ParseError(code: 0): syntax error, unexpected identifier \"Route\", expecting \",\" or \";\" at D:/ServBay/www/pesantren-multi-client/routes/web.php:8)
[stacktrace]
#0 D:/ServBay/www/pesantren-multi-client/vendor/laravel/framework/src/Illuminate/Routing/Router.php(526): Illuminate/Routing/RouteFileRegistrar->register('D://ServBay//www//...')
#1 D:/ServBay/www/pesantren-multi-client/vendor/laravel/framework/src/Illuminate/Routing/Router.php(480): Illuminate/Routing/Router->loadRoutes('D://ServBay//www//...')
#2 D:/ServBay/www/pesantren-multi-client/vendor/laravel/framework/src/Illuminate/Routing/RouteRegistrar.php(224): Illuminate/Routing/Router->group(Array, 'D://ServBay//www//...')
#3 D:/ServBay/www/pesantren-multi-client/vendor/laravel/framework/src/Illuminate/Foundation/Configuration/ApplicationBuilder.php(261): Illuminate/Routing/RouteRegistrar->group('D://ServBay//www//...')
#4 D:/ServBay/www/pesantren-multi-client/vendor/laravel/framework/src/Illuminate/Container/BoundMethod.php(36): Illuminate/Foundation/Configuration/ApplicationBuilder->Illuminate/Foundation/Configuration/{closure}()
#5 D:/ServBay/www/pesantren-multi-client/vendor/laravel/framework/src/Illuminate/Container/Util.php(43): Illuminate/Container/BoundMethod::Illuminate/Container/{closure}()
#6 D:/ServBay/www/pesantren-multi-client/vendor/laravel/framework/src/Illuminate/Container/BoundMethod.php(84): Illuminate/Container/Util::unwrapIfClosure(Object(Closure))
#7 D:/ServBay/www/pesantren-multi-client/vendor/laravel/framework/src/Illuminate/Container/BoundMethod.php(35): Illuminate/Container/BoundMethod::callBoundMethod(Object(Illuminate/Foundation/Application), Object(Closure), Object(Closure))
#8 D:/ServBay/www/pesantren-multi-client/vendor/laravel/framework/src/Illuminate/Container/Container.php(803): Illuminate/Container/BoundMethod::call(Object(Illuminate/Foundation/Application), Object(Closure), Array, NULL)
#9 D:/ServBay/www/pesantren-multi-client/vendor/laravel/framework/src/Illuminate/Foundation/Support/Providers/RouteServiceProvider.php(162): Illuminate/Container/Container->call(Object(Closure))
#10 D:/ServBay/www/pesantren-multi-client/vendor/laravel/framework/src/Illuminate/Foundation/Support/Providers/RouteServiceProvider.php(59): Illuminate/Foundation/Support/Providers/RouteServiceProvider->loadRoutes()
#11 D:/ServBay/www/pesantren-multi-client/vendor/laravel/framework/src/Illuminate/Container/BoundMethod.php(36): Illuminate/Foundation/Support/Providers/RouteServiceProvider->Illuminate/Foundation/Support/Providers/{closure}()
#12 D:/ServBay/www/pesantren-multi-client/vendor/laravel/framework/src/Illuminate/Container/Util.php(43): Illuminate/Container/BoundMethod::Illuminate/Container/{closure}()
#13 D:/ServBay/www/pesantren-multi-client/vendor/laravel/framework/src/Illuminate/Container/BoundMethod.php(84): Illuminate/Container/Util::unwrapIfClosure(Object(Closure))
#14 D:/ServBay/www/pesantren-multi-client/vendor/laravel/framework/src/Illuminate/Container/BoundMethod.php(35): Illuminate/Container/BoundMethod::callBoundMethod(Object(Illuminate/Foundation/Application), Object(Closure), Object(Closure))
#15 D:/ServBay/www/pesantren-multi-client/vendor/laravel/framework/src/Illuminate/Container/Container.php(803): Illuminate/Container/BoundMethod::call(Object(Illuminate/Foundation/Application), Object(Closure), Array, NULL)
#16 D:/ServBay/www/pesantren-multi-client/vendor/laravel/framework/src/Illuminate/Support/ServiceProvider.php(150): Illuminate/Container/Container->call(Object(Closure))
#17 D:/ServBay/www/pesantren-multi-client/vendor/laravel/framework/src/Illuminate/Foundation/Application.php(1161): Illuminate/Support/ServiceProvider->callBootedCallbacks()
#18 D:/ServBay/www/pesantren-multi-client/vendor/laravel/framework/src/Illuminate/Foundation/Application.php(1139): Illuminate/Foundation/Application->bootProvider(Object(Illuminate/Foundation/Support/Providers/RouteServiceProvider))
#19 [internal function]: Illuminate/Foundation/Application->Illuminate/Foundation/{closure}(Object(Illuminate/Foundation/Support/Providers/RouteServiceProvider), 'Illuminate//Foun...')
#20 D:/ServBay/www/pesantren-multi-client/vendor/laravel/framework/src/Illuminate/Foundation/Application.php(1138): array_walk(Array, Object(Closure))
#21 D:/ServBay/www/pesantren-multi-client/vendor/laravel/framework/src/Illuminate/Foundation/Bootstrap/BootProviders.php(17): Illuminate/Foundation/Application->boot()
#22 D:/ServBay/www/pesantren-multi-client/vendor/laravel/framework/src/Illuminate/Foundation/Application.php(349): Illuminate/Foundation/Bootstrap/BootProviders->bootstrap(Object(Illuminate/Foundation/Application))
#23 D:/ServBay/www/pesantren-multi-client/vendor/laravel/framework/src/Illuminate/Foundation/Console/Kernel.php(507): Illuminate/Foundation/Application->bootstrapWith(Array)
#24 D:/ServBay/www/pesantren-multi-client/storage/framework/lsp-838a2d14554fecf3.php(5): Illuminate/Foundation/Console/Kernel->bootstrap()
#25 {main}
"} 
[2026-09-28 15:54:27] local.ERROR: syntax error, unexpected identifier "Route", expecting "," or ";" {"exception":"[object] (ParseError(code: 0): syntax error, unexpected identifier \"Route\", expecting \",\" or \";\" at D:/ServBay/www/pesantren-multi-client/routes/web.php:8)
[stacktrace]
#0 D:/ServBay/www/pesantren-multi-client/vendor/laravel/framework/src/Illuminate/Routing/Router.php(526): Illuminate/Routing/RouteFileRegistrar->register('D://ServBay//www//...')
#1 D:/ServBay/www/pesantren-multi-client/vendor/laravel/framework/src/Illuminate/Routing/Router.php(480): Illuminate/Routing/Router->loadRoutes('D://ServBay//www//...')
#2 D:/ServBay/www/pesantren-multi-client/vendor/laravel/framework/src/Illuminate/Routing/RouteRegistrar.php(224): Illuminate/Routing/Router->group(Array, 'D://ServBay//www//...')
#3 D:/ServBay/www/pesantren-multi-client/vendor/laravel/framework/src/Illuminate/Foundation/Configuration/ApplicationBuilder.php(261): Illuminate/Routing/RouteRegistrar->group('D://ServBay//www//...')
#4 D:/ServBay/www/pesantren-multi-client/vendor/laravel/framework/src/Illuminate/Container/BoundMethod.php(36): Illuminate/Foundation/Configuration/ApplicationBuilder->Illuminate/Foundation/Configuration/{closure}()
#5 D:/ServBay/www/pesantren-multi-client/vendor/laravel/framework/src/Illuminate/Container/Util.php(43): Illuminate/Container/BoundMethod::Illuminate/Container/{closure}()
#6 D:/ServBay/www/pesantren-multi-client/vendor/laravel/framework/src/Illuminate/Container/BoundMethod.php(84): Illuminate/Container/Util::unwrapIfClosure(Object(Closure))
#7 D:/ServBay/www/pesantren-multi-client/vendor/laravel/framework/src/Illuminate/Container/BoundMethod.php(35): Illuminate/Container/BoundMethod::callBoundMethod(Object(Illuminate/Foundation/Application), Object(Closure), Object(Closure))
#8 D:/ServBay/www/pesantren-multi-client/vendor/laravel/framework/src/Illuminate/Container/Container.php(803): Illuminate/Container/BoundMethod::call(Object(Illuminate/Foundation/Application), Object(Closure), Array, NULL)
#9 D:/ServBay/www/pesantren-multi-client/vendor/laravel/framework/src/Illuminate/Foundation/Support/Providers/RouteServiceProvider.php(162): Illuminate/Container/Container->call(Object(Closure))
#10 D:/ServBay/www/pesantren-multi-client/vendor/laravel/framework/src/Illuminate/Foundation/Support/Providers/RouteServiceProvider.php(59): Illuminate/Foundation/Support/Providers/RouteServiceProvider->loadRoutes()
#11 D:/ServBay/www/pesantren-multi-client/vendor/laravel/framework/src/Illuminate/Container/BoundMethod.php(36): Illuminate/Foundation/Support/Providers/RouteServiceProvider->Illuminate/Foundation/Support/Providers/{closure}()
#12 D:/ServBay/www/pesantren-multi-client/vendor/laravel/framework/src/Illuminate/Container/Util.php(43): Illuminate/Container/BoundMethod::Illuminate/Container/{closure}()
#13 D:/ServBay/www/pesantren-multi-client/vendor/laravel/framework/src/Illuminate/Container/BoundMethod.php(84): Illuminate/Container/Util::unwrapIfClosure(Object(Closure))
#14 D:/ServBay/www/pesantren-multi-client/vendor/laravel/framework/src/Illuminate/Container/BoundMethod.php(35): Illuminate/Container/BoundMethod::callBoundMethod(Object(Illuminate/Foundation/Application), Object(Closure), Object(Closure))
#15 D:/ServBay/www/pesantren-multi-client/vendor/laravel/framework/src/Illuminate/Container/Container.php(803): Illuminate/Container/BoundMethod::call(Object(Illuminate/Foundation/Application), Object(Closure), Array, NULL)
#16 D:/ServBay/www/pesantren-multi-client/vendor/laravel/framework/src/Illuminate/Support/ServiceProvider.php(150): Illuminate/Container/Container->call(Object(Closure))
#17 D:/ServBay/www/pesantren-multi-client/vendor/laravel/framework/src/Illuminate/Foundation/Application.php(1161): Illuminate/Support/ServiceProvider->callBootedCallbacks()
#18 D:/ServBay/www/pesantren-multi-client/vendor/laravel/framework/src/Illuminate/Foundation/Application.php(1139): Illuminate/Foundation/Application->bootProvider(Object(Illuminate/Foundation/Support/Providers/RouteServiceProvider))
#19 [internal function]: Illuminate/Foundation/Application->Illuminate/Foundation/{closure}(Object(Illuminate/Foundation/Support/Providers/RouteServiceProvider), 'Illuminate//Foun...')
#20 D:/ServBay/www/pesantren-multi-client/vendor/laravel/framework/src/Illuminate/Foundation/Application.php(1138): array_walk(Array, Object(Closure))
#21 D:/ServBay/www/pesantren-multi-client/vendor/laravel/framework/src/Illuminate/Foundation/Bootstrap/BootProviders.php(17): Illuminate/Foundation/Application->boot()
#22 D:/ServBay/www/pesantren-multi-client/vendor/laravel/framework/src/Illuminate/Foundation/Application.php(349): Illuminate/Foundation/Bootstrap/BootProviders->bootstrap(Object(Illuminate/Foundation/Application))
#23 D:/ServBay/www/pesantren-multi-client/vendor/laravel/framework/src/Illuminate/Foundation/Console/Kernel.php(507): Illuminate/Foundation/Application->bootstrapWith(Array)
#24 D:/ServBay/www/pesantren-multi-client/storage/framework/lsp-86c0d8a055640e51.php(5): Illuminate/Foundation/Console/Kernel->bootstrap()
#25 {main}
"} 
[2026-09-28 15:54:28] local.ERROR: syntax error, unexpected identifier "Route", expecting "{" {"exception":"[object] (ParseError(code: 0): syntax error, unexpected identifier \"Route\", expecting \"{\" at D:/ServBay/www/pesantren-multi-client/routes/web.php:8)
[stacktrace]
#0 D:/ServBay/www/pesantren-multi-client/vendor/laravel/framework/src/Illuminate/Routing/Router.php(526): Illuminate/Routing/RouteFileRegistrar->register('D://ServBay//www//...')
#1 D:/ServBay/www/pesantren-multi-client/vendor/laravel/framework/src/Illuminate/Routing/Router.php(480): Illuminate/Routing/Router->loadRoutes('D://ServBay//www//...')
#2 D:/ServBay/www/pesantren-multi-client/vendor/laravel/framework/src/Illuminate/Routing/RouteRegistrar.php(224): Illuminate/Routing/Router->group(Array, 'D://ServBay//www//...')
#3 D:/ServBay/www/pesantren-multi-client/vendor/laravel/framework/src/Illuminate/Foundation/Configuration/ApplicationBuilder.php(261): Illuminate/Routing/RouteRegistrar->group('D://ServBay//www//...')
#4 D:/ServBay/www/pesantren-multi-client/vendor/laravel/framework/src/Illuminate/Container/BoundMethod.php(36): Illuminate/Foundation/Configuration/ApplicationBuilder->Illuminate/Foundation/Configuration/{closure}()
#5 D:/ServBay/www/pesantren-multi-client/vendor/laravel/framework/src/Illuminate/Container/Util.php(43): Illuminate/Container/BoundMethod::Illuminate/Container/{closure}()
#6 D:/ServBay/www/pesantren-multi-client/vendor/laravel/framework/src/Illuminate/Container/BoundMethod.php(84): Illuminate/Container/Util::unwrapIfClosure(Object(Closure))
#7 D:/ServBay/www/pesantren-multi-client/vendor/laravel/framework/src/Illuminate/Container/BoundMethod.php(35): Illuminate/Container/BoundMethod::callBoundMethod(Object(Illuminate/Foundation/Application), Object(Closure), Object(Closure))
#8 D:/ServBay/www/pesantren-multi-client/vendor/laravel/framework/src/Illuminate/Container/Container.php(803): Illuminate/Container/BoundMethod::call(Object(Illuminate/Foundation/Application), Object(Closure), Array, NULL)
#9 D:/ServBay/www/pesantren-multi-client/vendor/laravel/framework/src/Illuminate/Foundation/Support/Providers/RouteServiceProvider.php(162): Illuminate/Container/Container->call(Object(Closure))
#10 D:/ServBay/www/pesantren-multi-client/vendor/laravel/framework/src/Illuminate/Foundation/Support/Providers/RouteServiceProvider.php(59): Illuminate/Foundation/Support/Providers/RouteServiceProvider->loadRoutes()
#11 D:/ServBay/www/pesantren-multi-client/vendor/laravel/framework/src/Illuminate/Container/BoundMethod.php(36): Illuminate/Foundation/Support/Providers/RouteServiceProvider->Illuminate/Foundation/Support/Providers/{closure}()
#12 D:/ServBay/www/pesantren-multi-client/vendor/laravel/framework/src/Illuminate/Container/Util.php(43): Illuminate/Container/BoundMethod::Illuminate/Container/{closure}()
#13 D:/ServBay/www/pesantren-multi-client/vendor/laravel/framework/src/Illuminate/Container/BoundMethod.php(84): Illuminate/Container/Util::unwrapIfClosure(Object(Closure))
#14 D:/ServBay/www/pesantren-multi-client/vendor/laravel/framework/src/Illuminate/Container/BoundMethod.php(35): Illuminate/Container/BoundMethod::callBoundMethod(Object(Illuminate/Foundation/Application), Object(Closure), Object(Closure))
#15 D:/ServBay/www/pesantren-multi-client/vendor/laravel/framework/src/Illuminate/Container/Container.php(803): Illuminate/Container/BoundMethod::call(Object(Illuminate/Foundation/Application), Object(Closure), Array, NULL)
#16 D:/ServBay/www/pesantren-multi-client/vendor/laravel/framework/src/Illuminate/Support/ServiceProvider.php(150): Illuminate/Container/Container->call(Object(Closure))
#17 D:/ServBay/www/pesantren-multi-client/vendor/laravel/framework/src/Illuminate/Foundation/Application.php(1161): Illuminate/Support/ServiceProvider->callBootedCallbacks()
#18 D:/ServBay/www/pesantren-multi-client/vendor/laravel/framework/src/Illuminate/Foundation/Application.php(1139): Illuminate/Foundation/Application->bootProvider(Object(Illuminate/Foundation/Support/Providers/RouteServiceProvider))
#19 [internal function]: Illuminate/Foundation/Application->Illuminate/Foundation/{closure}(Object(Illuminate/Foundation/Support/Providers/RouteServiceProvider), 'Illuminate//Foun...')
#20 D:/ServBay/www/pesantren-multi-client/vendor/laravel/framework/src/Illuminate/Foundation/Application.php(1138): array_walk(Array, Object(Closure))
#21 D:/ServBay/www/pesantren-multi-client/vendor/laravel/framework/src/Illuminate/Foundation/Bootstrap/BootProviders.php(17): Illuminate/Foundation/Application->boot()
#22 D:/ServBay/www/pesantren-multi-client/vendor/laravel/framework/src/Illuminate/Foundation/Application.php(349): Illuminate/Foundation/Bootstrap/BootProviders->bootstrap(Object(Illuminate/Foundation/Application))
#23 D:/ServBay/www/pesantren-multi-client/vendor/laravel/framework/src/Illuminate/Foundation/Console/Kernel.php(507): Illuminate/Foundation/Application->bootstrapWith(Array)
#24 D:/ServBay/www/pesantren-multi-client/storage/framework/lsp-17c159ff8604f7e8.php(5): Illuminate/Foundation/Console/Kernel->bootstrap()
#25 {main}
"} 
[2026-09-28 15:54:32] local.ERROR: syntax error, unexpected identifier "Route", expecting "," or ";" {"exception":"[object] (ParseError(code: 0): syntax error, unexpected identifier \"Route\", expecting \",\" or \";\" at D:/ServBay/www/pesantren-multi-client/routes/web.php:8)
[stacktrace]
#0 D:/ServBay/www/pesantren-multi-client/vendor/laravel/framework/src/Illuminate/Routing/Router.php(526): Illuminate/Routing/RouteFileRegistrar->register('D://ServBay//www//...')
#1 D:/ServBay/www/pesantren-multi-client/vendor/laravel/framework/src/Illuminate/Routing/Router.php(480): Illuminate/Routing/Router->loadRoutes('D://ServBay//www//...')
#2 D:/ServBay/www/pesantren-multi-client/vendor/laravel/framework/src/Illuminate/Routing/RouteRegistrar.php(224): Illuminate/Routing/Router->group(Array, 'D://ServBay//www//...')
#3 D:/ServBay/www/pesantren-multi-client/vendor/laravel/framework/src/Illuminate/Foundation/Configuration/ApplicationBuilder.php(261): Illuminate/Routing/RouteRegistrar->group('D://ServBay//www//...')
#4 D:/ServBay/www/pesantren-multi-client/vendor/laravel/framework/src/Illuminate/Container/BoundMethod.php(36): Illuminate/Foundation/Configuration/ApplicationBuilder->Illuminate/Foundation/Configuration/{closure}()
#5 D:/ServBay/www/pesantren-multi-client/vendor/laravel/framework/src/Illuminate/Container/Util.php(43): Illuminate/Container/BoundMethod::Illuminate/Container/{closure}()
#6 D:/ServBay/www/pesantren-multi-client/vendor/laravel/framework/src/Illuminate/Container/BoundMethod.php(84): Illuminate/Container/Util::unwrapIfClosure(Object(Closure))
#7 D:/ServBay/www/pesantren-multi-client/vendor/laravel/framework/src/Illuminate/Container/BoundMethod.php(35): Illuminate/Container/BoundMethod::callBoundMethod(Object(Illuminate/Foundation/Application), Object(Closure), Object(Closure))
#8 D:/ServBay/www/pesantren-multi-client/vendor/laravel/framework/src/Illuminate/Container/Container.php(803): Illuminate/Container/BoundMethod::call(Object(Illuminate/Foundation/Application), Object(Closure), Array, NULL)
#9 D:/ServBay/www/pesantren-multi-client/vendor/laravel/framework/src/Illuminate/Foundation/Support/Providers/RouteServiceProvider.php(162): Illuminate/Container/Container->call(Object(Closure))
#10 D:/ServBay/www/pesantren-multi-client/vendor/laravel/framework/src/Illuminate/Foundation/Support/Providers/RouteServiceProvider.php(59): Illuminate/Foundation/Support/Providers/RouteServiceProvider->loadRoutes()
#11 D:/ServBay/www/pesantren-multi-client/vendor/laravel/framework/src/Illuminate/Container/BoundMethod.php(36): Illuminate/Foundation/Support/Providers/RouteServiceProvider->Illuminate/Foundation/Support/Providers/{closure}()
#12 D:/ServBay/www/pesantren-multi-client/vendor/laravel/framework/src/Illuminate/Container/Util.php(43): Illuminate/Container/BoundMethod::Illuminate/Container/{closure}()
#13 D:/ServBay/www/pesantren-multi-client/vendor/laravel/framework/src/Illuminate/Container/BoundMethod.php(84): Illuminate/Container/Util::unwrapIfClosure(Object(Closure))
#14 D:/ServBay/www/pesantren-multi-client/vendor/laravel/framework/src/Illuminate/Container/BoundMethod.php(35): Illuminate/Container/BoundMethod::callBoundMethod(Object(Illuminate/Foundation/Application), Object(Closure), Object(Closure))
#15 D:/ServBay/www/pesantren-multi-client/vendor/laravel/framework/src/Illuminate/Container/Container.php(803): Illuminate/Container/BoundMethod::call(Object(Illuminate/Foundation/Application), Object(Closure), Array, NULL)
#16 D:/ServBay/www/pesantren-multi-client/vendor/laravel/framework/src/Illuminate/Support/ServiceProvider.php(150): Illuminate/Container/Container->call(Object(Closure))
#17 D:/ServBay/www/pesantren-multi-client/vendor/laravel/framework/src/Illuminate/Foundation/Application.php(1161): Illuminate/Support/ServiceProvider->callBootedCallbacks()
#18 D:/ServBay/www/pesantren-multi-client/vendor/laravel/framework/src/Illuminate/Foundation/Application.php(1139): Illuminate/Foundation/Application->bootProvider(Object(Illuminate/Foundation/Support/Providers/RouteServiceProvider))
#19 [internal function]: Illuminate/Foundation/Application->Illuminate/Foundation/{closure}(Object(Illuminate/Foundation/Support/Providers/RouteServiceProvider), 'Illuminate//Foun...')
#20 D:/ServBay/www/pesantren-multi-client/vendor/laravel/framework/src/Illuminate/Foundation/Application.php(1138): array_walk(Array, Object(Closure))
#21 D:/ServBay/www/pesantren-multi-client/vendor/laravel/framework/src/Illuminate/Foundation/Bootstrap/BootProviders.php(17): Illuminate/Foundation/Application->boot()
#22 D:/ServBay/www/pesantren-multi-client/vendor/laravel/framework/src/Illuminate/Foundation/Application.php(349): Illuminate/Foundation/Bootstrap/BootProviders->bootstrap(Object(Illuminate/Foundation/Application))
#23 D:/ServBay/www/pesantren-multi-client/vendor/laravel/framework/src/Illuminate/Foundation/Console/Kernel.php(507): Illuminate/Foundation/Application->bootstrapWith(Array)
#24 D:/ServBay/www/pesantren-multi-client/storage/framework/lsp-c8f2af8ebfc11633.php(5): Illuminate/Foundation/Console/Kernel->bootstrap()
#25 {main}
"} 
[2026-09-28 15:54:33] local.ERROR: syntax error, unexpected identifier "Route", expecting "," or ";" {"exception":"[object] (ParseError(code: 0): syntax error, unexpected identifier \"Route\", expecting \",\" or \";\" at D:/ServBay/www/pesantren-multi-client/routes/web.php:8)
[stacktrace]
#0 D:/ServBay/www/pesantren-multi-client/vendor/laravel/framework/src/Illuminate/Routing/Router.php(526): Illuminate/Routing/RouteFileRegistrar->register('D://ServBay//www//...')
#1 D:/ServBay/www/pesantren-multi-client/vendor/laravel/framework/src/Illuminate/Routing/Router.php(480): Illuminate/Routing/Router->loadRoutes('D://ServBay//www//...')
#2 D:/ServBay/www/pesantren-multi-client/vendor/laravel/framework/src/Illuminate/Routing/RouteRegistrar.php(224): Illuminate/Routing/Router->group(Array, 'D://ServBay//www//...')
#3 D:/ServBay/www/pesantren-multi-client/vendor/laravel/framework/src/Illuminate/Foundation/Configuration/ApplicationBuilder.php(261): Illuminate/Routing/RouteRegistrar->group('D://ServBay//www//...')
#4 D:/ServBay/www/pesantren-multi-client/vendor/laravel/framework/src/Illuminate/Container/BoundMethod.php(36): Illuminate/Foundation/Configuration/ApplicationBuilder->Illuminate/Foundation/Configuration/{closure}()
#5 D:/ServBay/www/pesantren-multi-client/vendor/laravel/framework/src/Illuminate/Container/Util.php(43): Illuminate/Container/BoundMethod::Illuminate/Container/{closure}()
#6 D:/ServBay/www/pesantren-multi-client/vendor/laravel/framework/src/Illuminate/Container/BoundMethod.php(84): Illuminate/Container/Util::unwrapIfClosure(Object(Closure))
#7 D:/ServBay/www/pesantren-multi-client/vendor/laravel/framework/src/Illuminate/Container/BoundMethod.php(35): Illuminate/Container/BoundMethod::callBoundMethod(Object(Illuminate/Foundation/Application), Object(Closure), Object(Closure))
#8 D:/ServBay/www/pesantren-multi-client/vendor/laravel/framework/src/Illuminate/Container/Container.php(803): Illuminate/Container/BoundMethod::call(Object(Illuminate/Foundation/Application), Object(Closure), Array, NULL)
#9 D:/ServBay/www/pesantren-multi-client/vendor/laravel/framework/src/Illuminate/Foundation/Support/Providers/RouteServiceProvider.php(162): Illuminate/Container/Container->call(Object(Closure))
#10 D:/ServBay/www/pesantren-multi-client/vendor/laravel/framework/src/Illuminate/Foundation/Support/Providers/RouteServiceProvider.php(59): Illuminate/Foundation/Support/Providers/RouteServiceProvider->loadRoutes()
#11 D:/ServBay/www/pesantren-multi-client/vendor/laravel/framework/src/Illuminate/Container/BoundMethod.php(36): Illuminate/Foundation/Support/Providers/RouteServiceProvider->Illuminate/Foundation/Support/Providers/{closure}()
#12 D:/ServBay/www/pesantren-multi-client/vendor/laravel/framework/src/Illuminate/Container/Util.php(43): Illuminate/Container/BoundMethod::Illuminate/Container/{closure}()
#13 D:/ServBay/www/pesantren-multi-client/vendor/laravel/framework/src/Illuminate/Container/BoundMethod.php(84): Illuminate/Container/Util::unwrapIfClosure(Object(Closure))
#14 D:/ServBay/www/pesantren-multi-client/vendor/laravel/framework/src/Illuminate/Container/BoundMethod.php(35): Illuminate/Container/BoundMethod::callBoundMethod(Object(Illuminate/Foundation/Application), Object(Closure), Object(Closure))
#15 D:/ServBay/www/pesantren-multi-client/vendor/laravel/framework/src/Illuminate/Container/Container.php(803): Illuminate/Container/BoundMethod::call(Object(Illuminate/Foundation/Application), Object(Closure), Array, NULL)
#16 D:/ServBay/www/pesantren-multi-client/vendor/laravel/framework/src/Illuminate/Support/ServiceProvider.php(150): Illuminate/Container/Container->call(Object(Closure))
#17 D:/ServBay/www/pesantren-multi-client/vendor/laravel/framework/src/Illuminate/Foundation/Application.php(1161): Illuminate/Support/ServiceProvider->callBootedCallbacks()
#18 D:/ServBay/www/pesantren-multi-client/vendor/laravel/framework/src/Illuminate/Foundation/Application.php(1139): Illuminate/Foundation/Application->bootProvider(Object(Illuminate/Foundation/Support/Providers/RouteServiceProvider))
#19 [internal function]: Illuminate/Foundation/Application->Illuminate/Foundation/{closure}(Object(Illuminate/Foundation/Support/Providers/RouteServiceProvider), 'Illuminate//Foun...')
#20 D:/ServBay/www/pesantren-multi-client/vendor/laravel/framework/src/Illuminate/Foundation/Application.php(1138): array_walk(Array, Object(Closure))
#21 D:/ServBay/www/pesantren-multi-client/vendor/laravel/framework/src/Illuminate/Foundation/Bootstrap/BootProviders.php(17): Illuminate/Foundation/Application->boot()
#22 D:/ServBay/www/pesantren-multi-client/vendor/laravel/framework/src/Illuminate/Foundation/Application.php(349): Illuminate/Foundation/Bootstrap/BootProviders->bootstrap(Object(Illuminate/Foundation/Application))
#23 D:/ServBay/www/pesantren-multi-client/vendor/laravel/framework/src/Illuminate/Foundation/Console/Kernel.php(507): Illuminate/Foundation/Application->bootstrapWith(Array)
#24 D:/ServBay/www/pesantren-multi-client/storage/framework/lsp-ecbcba8c1bcb2a11.php(5): Illuminate/Foundation/Console/Kernel->bootstrap()
#25 {main}
"} 
[2026-09-28 15:54:35] local.ERROR: syntax error, unexpected identifier "Route", expecting "," or ";" {"exception":"[object] (ParseError(code: 0): syntax error, unexpected identifier \"Route\", expecting \",\" or \";\" at D:/ServBay/www/pesantren-multi-client/routes/web.php:8)
[stacktrace]
#0 D:/ServBay/www/pesantren-multi-client/vendor/laravel/framework/src/Illuminate/Routing/Router.php(526): Illuminate/Routing/RouteFileRegistrar->register('D://ServBay//www//...')
#1 D:/ServBay/www/pesantren-multi-client/vendor/laravel/framework/src/Illuminate/Routing/Router.php(480): Illuminate/Routing/Router->loadRoutes('D://ServBay//www//...')
#2 D:/ServBay/www/pesantren-multi-client/vendor/laravel/framework/src/Illuminate/Routing/RouteRegistrar.php(224): Illuminate/Routing/Router->group(Array, 'D://ServBay//www//...')
#3 D:/ServBay/www/pesantren-multi-client/vendor/laravel/framework/src/Illuminate/Foundation/Configuration/ApplicationBuilder.php(261): Illuminate/Routing/RouteRegistrar->group('D://ServBay//www//...')
#4 D:/ServBay/www/pesantren-multi-client/vendor/laravel/framework/src/Illuminate/Container/BoundMethod.php(36): Illuminate/Foundation/Configuration/ApplicationBuilder->Illuminate/Foundation/Configuration/{closure}()
#5 D:/ServBay/www/pesantren-multi-client/vendor/laravel/framework/src/Illuminate/Container/Util.php(43): Illuminate/Container/BoundMethod::Illuminate/Container/{closure}()
#6 D:/ServBay/www/pesantren-multi-client/vendor/laravel/framework/src/Illuminate/Container/BoundMethod.php(84): Illuminate/Container/Util::unwrapIfClosure(Object(Closure))
#7 D:/ServBay/www/pesantren-multi-client/vendor/laravel/framework/src/Illuminate/Container/BoundMethod.php(35): Illuminate/Container/BoundMethod::callBoundMethod(Object(Illuminate/Foundation/Application), Object(Closure), Object(Closure))
#8 D:/ServBay/www/pesantren-multi-client/vendor/laravel/framework/src/Illuminate/Container/Container.php(803): Illuminate/Container/BoundMethod::call(Object(Illuminate/Foundation/Application), Object(Closure), Array, NULL)
#9 D:/ServBay/www/pesantren-multi-client/vendor/laravel/framework/src/Illuminate/Foundation/Support/Providers/RouteServiceProvider.php(162): Illuminate/Container/Container->call(Object(Closure))
#10 D:/ServBay/www/pesantren-multi-client/vendor/laravel/framework/src/Illuminate/Foundation/Support/Providers/RouteServiceProvider.php(59): Illuminate/Foundation/Support/Providers/RouteServiceProvider->loadRoutes()
#11 D:/ServBay/www/pesantren-multi-client/vendor/laravel/framework/src/Illuminate/Container/BoundMethod.php(36): Illuminate/Foundation/Support/Providers/RouteServiceProvider->Illuminate/Foundation/Support/Providers/{closure}()
#12 D:/ServBay/www/pesantren-multi-client/vendor/laravel/framework/src/Illuminate/Container/Util.php(43): Illuminate/Container/BoundMethod::Illuminate/Container/{closure}()
#13 D:/ServBay/www/pesantren-multi-client/vendor/laravel/framework/src/Illuminate/Container/BoundMethod.php(84): Illuminate/Container/Util::unwrapIfClosure(Object(Closure))
#14 D:/ServBay/www/pesantren-multi-client/vendor/laravel/framework/src/Illuminate/Container/BoundMethod.php(35): Illuminate/Container/BoundMethod::callBoundMethod(Object(Illuminate/Foundation/Application), Object(Closure), Object(Closure))
#15 D:/ServBay/www/pesantren-multi-client/vendor/laravel/framework/src/Illuminate/Container/Container.php(803): Illuminate/Container/BoundMethod::call(Object(Illuminate/Foundation/Application), Object(Closure), Array, NULL)
#16 D:/ServBay/www/pesantren-multi-client/vendor/laravel/framework/src/Illuminate/Support/ServiceProvider.php(150): Illuminate/Container/Container->call(Object(Closure))
#17 D:/ServBay/www/pesantren-multi-client/vendor/laravel/framework/src/Illuminate/Foundation/Application.php(1161): Illuminate/Support/ServiceProvider->callBootedCallbacks()
#18 D:/ServBay/www/pesantren-multi-client/vendor/laravel/framework/src/Illuminate/Foundation/Application.php(1139): Illuminate/Foundation/Application->bootProvider(Object(Illuminate/Foundation/Support/Providers/RouteServiceProvider))
#19 [internal function]: Illuminate/Foundation/Application->Illuminate/Foundation/{closure}(Object(Illuminate/Foundation/Support/Providers/RouteServiceProvider), 'Illuminate//Foun...')
#20 D:/ServBay/www/pesantren-multi-client/vendor/laravel/framework/src/Illuminate/Foundation/Application.php(1138): array_walk(Array, Object(Closure))
#21 D:/ServBay/www/pesantren-multi-client/vendor/laravel/framework/src/Illuminate/Foundation/Bootstrap/BootProviders.php(17): Illuminate/Foundation/Application->boot()
#22 D:/ServBay/www/pesantren-multi-client/vendor/laravel/framework/src/Illuminate/Foundation/Application.php(349): Illuminate/Foundation/Bootstrap/BootProviders->bootstrap(Object(Illuminate/Foundation/Application))
#23 D:/ServBay/www/pesantren-multi-client/vendor/laravel/framework/src/Illuminate/Foundation/Console/Kernel.php(507): Illuminate/Foundation/Application->bootstrapWith(Array)
#24 D:/ServBay/www/pesantren-multi-client/storage/framework/lsp-6bd2a164140ab96e.php(5): Illuminate/Foundation/Console/Kernel->bootstrap()
#25 {main}
"} 
[2026-09-28 15:54:37] local.ERROR: syntax error, unexpected identifier "Route", expecting "{" {"exception":"[object] (ParseError(code: 0): syntax error, unexpected identifier \"Route\", expecting \"{\" at D:/ServBay/www/pesantren-multi-client/routes/web.php:8)
[stacktrace]
#0 D:/ServBay/www/pesantren-multi-client/vendor/laravel/framework/src/Illuminate/Routing/Router.php(526): Illuminate/Routing/RouteFileRegistrar->register('D://ServBay//www//...')
#1 D:/ServBay/www/pesantren-multi-client/vendor/laravel/framework/src/Illuminate/Routing/Router.php(480): Illuminate/Routing/Router->loadRoutes('D://ServBay//www//...')
#2 D:/ServBay/www/pesantren-multi-client/vendor/laravel/framework/src/Illuminate/Routing/RouteRegistrar.php(224): Illuminate/Routing/Router->group(Array, 'D://ServBay//www//...')
#3 D:/ServBay/www/pesantren-multi-client/vendor/laravel/framework/src/Illuminate/Foundation/Configuration/ApplicationBuilder.php(261): Illuminate/Routing/RouteRegistrar->group('D://ServBay//www//...')
#4 D:/ServBay/www/pesantren-multi-client/vendor/laravel/framework/src/Illuminate/Container/BoundMethod.php(36): Illuminate/Foundation/Configuration/ApplicationBuilder->Illuminate/Foundation/Configuration/{closure}()
#5 D:/ServBay/www/pesantren-multi-client/vendor/laravel/framework/src/Illuminate/Container/Util.php(43): Illuminate/Container/BoundMethod::Illuminate/Container/{closure}()
#6 D:/ServBay/www/pesantren-multi-client/vendor/laravel/framework/src/Illuminate/Container/BoundMethod.php(84): Illuminate/Container/Util::unwrapIfClosure(Object(Closure))
#7 D:/ServBay/www/pesantren-multi-client/vendor/laravel/framework/src/Illuminate/Container/BoundMethod.php(35): Illuminate/Container/BoundMethod::callBoundMethod(Object(Illuminate/Foundation/Application), Object(Closure), Object(Closure))
#8 D:/ServBay/www/pesantren-multi-client/vendor/laravel/framework/src/Illuminate/Container/Container.php(803): Illuminate/Container/BoundMethod::call(Object(Illuminate/Foundation/Application), Object(Closure), Array, NULL)
#9 D:/ServBay/www/pesantren-multi-client/vendor/laravel/framework/src/Illuminate/Foundation/Support/Providers/RouteServiceProvider.php(162): Illuminate/Container/Container->call(Object(Closure))
#10 D:/ServBay/www/pesantren-multi-client/vendor/laravel/framework/src/Illuminate/Foundation/Support/Providers/RouteServiceProvider.php(59): Illuminate/Foundation/Support/Providers/RouteServiceProvider->loadRoutes()
#11 D:/ServBay/www/pesantren-multi-client/vendor/laravel/framework/src/Illuminate/Container/BoundMethod.php(36): Illuminate/Foundation/Support/Providers/RouteServiceProvider->Illuminate/Foundation/Support/Providers/{closure}()
#12 D:/ServBay/www/pesantren-multi-client/vendor/laravel/framework/src/Illuminate/Container/Util.php(43): Illuminate/Container/BoundMethod::Illuminate/Container/{closure}()
#13 D:/ServBay/www/pesantren-multi-client/vendor/laravel/framework/src/Illuminate/Container/BoundMethod.php(84): Illuminate/Container/Util::unwrapIfClosure(Object(Closure))
#14 D:/ServBay/www/pesantren-multi-client/vendor/laravel/framework/src/Illuminate/Container/BoundMethod.php(35): Illuminate/Container/BoundMethod::callBoundMethod(Object(Illuminate/Foundation/Application), Object(Closure), Object(Closure))
#15 D:/ServBay/www/pesantren-multi-client/vendor/laravel/framework/src/Illuminate/Container/Container.php(803): Illuminate/Container/BoundMethod::call(Object(Illuminate/Foundation/Application), Object(Closure), Array, NULL)
#16 D:/ServBay/www/pesantren-multi-client/vendor/laravel/framework/src/Illuminate/Support/ServiceProvider.php(150): Illuminate/Container/Container->call(Object(Closure))
#17 D:/ServBay/www/pesantren-multi-client/vendor/laravel/framework/src/Illuminate/Foundation/Application.php(1161): Illuminate/Support/ServiceProvider->callBootedCallbacks()
#18 D:/ServBay/www/pesantren-multi-client/vendor/laravel/framework/src/Illuminate/Foundation/Application.php(1139): Illuminate/Foundation/Application->bootProvider(Object(Illuminate/Foundation/Support/Providers/RouteServiceProvider))
#19 [internal function]: Illuminate/Foundation/Application->Illuminate/Foundation/{closure}(Object(Illuminate/Foundation/Support/Providers/RouteServiceProvider), 'Illuminate//Foun...')
#20 D:/ServBay/www/pesantren-multi-client/vendor/laravel/framework/src/Illuminate/Foundation/Application.php(1138): array_walk(Array, Object(Closure))
#21 D:/ServBay/www/pesantren-multi-client/vendor/laravel/framework/src/Illuminate/Foundation/Bootstrap/BootProviders.php(17): Illuminate/Foundation/Application->boot()
#22 D:/ServBay/www/pesantren-multi-client/vendor/laravel/framework/src/Illuminate/Foundation/Application.php(349): Illuminate/Foundation/Bootstrap/BootProviders->bootstrap(Object(Illuminate/Foundation/Application))
#23 D:/ServBay/www/pesantren-multi-client/vendor/laravel/framework/src/Illuminate/Foundation/Console/Kernel.php(507): Illuminate/Foundation/Application->bootstrapWith(Array)
#24 D:/ServBay/www/pesantren-multi-client/storage/framework/lsp-dec7c207ec58fe7f.php(5): Illuminate/Foundation/Console/Kernel->bootstrap()
#25 {main}
"} 
[2026-09-28 15:54:40] local.ERROR: syntax error, unexpected identifier "Route", expecting "," or ";" {"exception":"[object] (ParseError(code: 0): syntax error, unexpected identifier \"Route\", expecting \",\" or \";\" at D:/ServBay/www/pesantren-multi-client/routes/web.php:8)
[stacktrace]
#0 D:/ServBay/www/pesantren-multi-client/vendor/laravel/framework/src/Illuminate/Routing/Router.php(526): Illuminate/Routing/RouteFileRegistrar->register('D://ServBay//www//...')
#1 D:/ServBay/www/pesantren-multi-client/vendor/laravel/framework/src/Illuminate/Routing/Router.php(480): Illuminate/Routing/Router->loadRoutes('D://ServBay//www//...')
#2 D:/ServBay/www/pesantren-multi-client/vendor/laravel/framework/src/Illuminate/Routing/RouteRegistrar.php(224): Illuminate/Routing/Router->group(Array, 'D://ServBay//www//...')
#3 D:/ServBay/www/pesantren-multi-client/vendor/laravel/framework/src/Illuminate/Foundation/Configuration/ApplicationBuilder.php(261): Illuminate/Routing/RouteRegistrar->group('D://ServBay//www//...')
#4 D:/ServBay/www/pesantren-multi-client/vendor/laravel/framework/src/Illuminate/Container/BoundMethod.php(36): Illuminate/Foundation/Configuration/ApplicationBuilder->Illuminate/Foundation/Configuration/{closure}()
#5 D:/ServBay/www/pesantren-multi-client/vendor/laravel/framework/src/Illuminate/Container/Util.php(43): Illuminate/Container/BoundMethod::Illuminate/Container/{closure}()
#6 D:/ServBay/www/pesantren-multi-client/vendor/laravel/framework/src/Illuminate/Container/BoundMethod.php(84): Illuminate/Container/Util::unwrapIfClosure(Object(Closure))
#7 D:/ServBay/www/pesantren-multi-client/vendor/laravel/framework/src/Illuminate/Container/BoundMethod.php(35): Illuminate/Container/BoundMethod::callBoundMethod(Object(Illuminate/Foundation/Application), Object(Closure), Object(Closure))
#8 D:/ServBay/www/pesantren-multi-client/vendor/laravel/framework/src/Illuminate/Container/Container.php(803): Illuminate/Container/BoundMethod::call(Object(Illuminate/Foundation/Application), Object(Closure), Array, NULL)
#9 D:/ServBay/www/pesantren-multi-client/vendor/laravel/framework/src/Illuminate/Foundation/Support/Providers/RouteServiceProvider.php(162): Illuminate/Container/Container->call(Object(Closure))
#10 D:/ServBay/www/pesantren-multi-client/vendor/laravel/framework/src/Illuminate/Foundation/Support/Providers/RouteServiceProvider.php(59): Illuminate/Foundation/Support/Providers/RouteServiceProvider->loadRoutes()
#11 D:/ServBay/www/pesantren-multi-client/vendor/laravel/framework/src/Illuminate/Container/BoundMethod.php(36): Illuminate/Foundation/Support/Providers/RouteServiceProvider->Illuminate/Foundation/Support/Providers/{closure}()
#12 D:/ServBay/www/pesantren-multi-client/vendor/laravel/framework/src/Illuminate/Container/Util.php(43): Illuminate/Container/BoundMethod::Illuminate/Container/{closure}()
#13 D:/ServBay/www/pesantren-multi-client/vendor/laravel/framework/src/Illuminate/Container/BoundMethod.php(84): Illuminate/Container/Util::unwrapIfClosure(Object(Closure))
#14 D:/ServBay/www/pesantren-multi-client/vendor/laravel/framework/src/Illuminate/Container/BoundMethod.php(35): Illuminate/Container/BoundMethod::callBoundMethod(Object(Illuminate/Foundation/Application), Object(Closure), Object(Closure))
#15 D:/ServBay/www/pesantren-multi-client/vendor/laravel/framework/src/Illuminate/Container/Container.php(803): Illuminate/Container/BoundMethod::call(Object(Illuminate/Foundation/Application), Object(Closure), Array, NULL)
#16 D:/ServBay/www/pesantren-multi-client/vendor/laravel/framework/src/Illuminate/Support/ServiceProvider.php(150): Illuminate/Container/Container->call(Object(Closure))
#17 D:/ServBay/www/pesantren-multi-client/vendor/laravel/framework/src/Illuminate/Foundation/Application.php(1161): Illuminate/Support/ServiceProvider->callBootedCallbacks()
#18 D:/ServBay/www/pesantren-multi-client/vendor/laravel/framework/src/Illuminate/Foundation/Application.php(1139): Illuminate/Foundation/Application->bootProvider(Object(Illuminate/Foundation/Support/Providers/RouteServiceProvider))
#19 [internal function]: Illuminate/Foundation/Application->Illuminate/Foundation/{closure}(Object(Illuminate/Foundation/Support/Providers/RouteServiceProvider), 'Illuminate//Foun...')
#20 D:/ServBay/www/pesantren-multi-client/vendor/laravel/framework/src/Illuminate/Foundation/Application.php(1138): array_walk(Array, Object(Closure))
#21 D:/ServBay/www/pesantren-multi-client/vendor/laravel/framework/src/Illuminate/Foundation/Bootstrap/BootProviders.php(17): Illuminate/Foundation/Application->boot()
#22 D:/ServBay/www/pesantren-multi-client/vendor/laravel/framework/src/Illuminate/Foundation/Application.php(349): Illuminate/Foundation/Bootstrap/BootProviders->bootstrap(Object(Illuminate/Foundation/Application))
#23 D:/ServBay/www/pesantren-multi-client/vendor/laravel/framework/src/Illuminate/Foundation/Console/Kernel.php(507): Illuminate/Foundation/Application->bootstrapWith(Array)
#24 D:/ServBay/www/pesantren-multi-client/storage/framework/lsp-879902a327174202.php(5): Illuminate/Foundation/Console/Kernel->bootstrap()
#25 {main}
"} 
[2026-09-28 16:33:06] local.ERROR: SQLSTATE[HY000]: General error: 1364 Field 'client_id' doesn't have a default value (Connection: mysql, Host: 127.0.0.1, Port: 3306, Database: pesantren, SQL: insert into `guardians` (`name`, `relation`, `phone`, `email`, `address`, `occupation`, `updated_at`, `created_at`) values (Prof. Kyra Abbott MD, wali, 081503934271, beier.magdalena@example.com, 746 Candice Island Suite 312
Hermistonborough, FL 29810, General Manager, 2026-09-28 16:33:06, 2026-09-28 16:33:06)) {"exception":"[object] (Illuminate\\Database\\QueryException(code: HY000): SQLSTATE[HY000]: General error: 1364 Field 'client_id' doesn't have a default value (Connection: mysql, Host: 127.0.0.1, Port: 3306, Database: pesantren, SQL: insert into `guardians` (`name`, `relation`, `phone`, `email`, `address`, `occupation`, `updated_at`, `created_at`) values (Prof. Kyra Abbott MD, wali, 081503934271, beier.magdalena@example.com, 746 Candice Island Suite 312
Hermistonborough, FL 29810, General Manager, 2026-09-28 16:33:06, 2026-09-28 16:33:06)) at D:/ServBay/www/pesantren-multi-client/vendor/laravel/framework/src/Illuminate/Database/Connection.php:857)
[stacktrace]
#0 D:/ServBay/www/pesantren-multi-client/vendor/laravel/framework/src/Illuminate/Database/Connection.php(813): Illuminate/Database/Connection->runQueryCallback('insert into `gu...', Array, Object(Closure))
#1 D:/ServBay/www/pesantren-multi-client/vendor/laravel/framework/src/Illuminate/Database/MySqlConnection.php(42): Illuminate/Database/Connection->run('insert into `gu...', Array, Object(Closure))
#2 D:/ServBay/www/pesantren-multi-client/vendor/laravel/framework/src/Illuminate/Database/Query/Processors/MySqlProcessor.php(35): Illuminate/Database/MySqlConnection->insert('insert into `gu...', Array, 'id')
#3 D:/ServBay/www/pesantren-multi-client/vendor/laravel/framework/src/Illuminate/Database/Query/Builder.php(4313): Illuminate/Database/Query/Processors/MySqlProcessor->processInsertGetId(Object(Illuminate/Database/Query/Builder), 'insert into `gu...', Array, 'id')
#4 D:/ServBay/www/pesantren-multi-client/vendor/laravel/framework/src/Illuminate/Database/Eloquent/Builder.php(2336): Illuminate/Database/Query/Builder->insertGetId(Array, 'id')
#5 D:/ServBay/www/pesantren-multi-client/vendor/laravel/framework/src/Illuminate/Database/Eloquent/Model.php(1691): Illuminate/Database/Eloquent/Builder->__call('insertGetId', Array)
#6 D:/ServBay/www/pesantren-multi-client/vendor/laravel/framework/src/Illuminate/Database/Eloquent/Model.php(1607): Illuminate/Database/Eloquent/Model->insertAndSetId(Object(Illuminate/Database/Eloquent/Builder), Array)
#7 D:/ServBay/www/pesantren-multi-client/vendor/laravel/framework/src/Illuminate/Database/Eloquent/Model.php(1411): Illuminate/Database/Eloquent/Model->performInsert(Object(Illuminate/Database/Eloquent/Builder))
#8 D:/ServBay/www/pesantren-multi-client/vendor/laravel/framework/src/Illuminate/Database/Eloquent/Factories/Factory.php(383): Illuminate/Database/Eloquent/Model->save()
#9 D:/ServBay/www/pesantren-multi-client/vendor/laravel/framework/src/Illuminate/Collections/Traits/EnumeratesValues.php(275): Illuminate/Database/Eloquent/Factories/Factory->Illuminate/Database/Eloquent/Factories/{closure}(Object(App/Models/Guardian), 0)
#10 D:/ServBay/www/pesantren-multi-client/vendor/laravel/framework/src/Illuminate/Database/Eloquent/Factories/Factory.php(378): Illuminate/Support/Collection->each(Object(Closure))
#11 D:/ServBay/www/pesantren-multi-client/vendor/laravel/framework/src/Illuminate/Database/Eloquent/Factories/Factory.php(338): Illuminate/Database/Eloquent/Factories/Factory->store(Object(Illuminate/Database/Eloquent/Collection))
#12 D:/ServBay/www/pesantren-multi-client/database/seeders/DemoClientSeeder.php(110): Illuminate/Database/Eloquent/Factories/Factory->create()
#13 D:/ServBay/www/pesantren-multi-client/vendor/laravel/framework/src/Illuminate/Container/BoundMethod.php(36): Database/Seeders/DemoClientSeeder->run()
#14 D:/ServBay/www/pesantren-multi-client/vendor/laravel/framework/src/Illuminate/Container/Util.php(43): Illuminate/Container/BoundMethod::Illuminate/Container/{closure}()
#15 D:/ServBay/www/pesantren-multi-client/vendor/laravel/framework/src/Illuminate/Container/BoundMethod.php(96): Illuminate/Container/Util::unwrapIfClosure(Object(Closure))
#16 D:/ServBay/www/pesantren-multi-client/vendor/laravel/framework/src/Illuminate/Container/BoundMethod.php(35): Illuminate/Container/BoundMethod::callBoundMethod(Object(Illuminate/Foundation/Application), Array, Object(Closure))
#17 D:/ServBay/www/pesantren-multi-client/vendor/laravel/framework/src/Illuminate/Container/Container.php(803): Illuminate/Container/BoundMethod::call(Object(Illuminate/Foundation/Application), Array, Array, NULL)
#18 D:/ServBay/www/pesantren-multi-client/vendor/laravel/framework/src/Illuminate/Database/Seeder.php(184): Illuminate/Container/Container->call(Array, Array)
#19 D:/ServBay/www/pesantren-multi-client/vendor/laravel/framework/src/Illuminate/Database/Seeder.php(191): Illuminate/Database/Seeder->Illuminate/Database/{closure}()
#20 D:/ServBay/www/pesantren-multi-client/vendor/laravel/framework/src/Illuminate/Database/Seeder.php(59): Illuminate/Database/Seeder->__invoke(Array)
#21 D:/ServBay/www/pesantren-multi-client/database/seeders/DatabaseSeeder.php(18): Illuminate/Database/Seeder->call('Database//Seeder...')
#22 D:/ServBay/www/pesantren-multi-client/vendor/laravel/framework/src/Illuminate/Container/BoundMethod.php(36): Database/Seeders/DatabaseSeeder->run()
#23 D:/ServBay/www/pesantren-multi-client/vendor/laravel/framework/src/Illuminate/Container/Util.php(43): Illuminate/Container/BoundMethod::Illuminate/Container/{closure}()
#24 D:/ServBay/www/pesantren-multi-client/vendor/laravel/framework/src/Illuminate/Container/BoundMethod.php(96): Illuminate/Container/Util::unwrapIfClosure(Object(Closure))
#25 D:/ServBay/www/pesantren-multi-client/vendor/laravel/framework/src/Illuminate/Container/BoundMethod.php(35): Illuminate/Container/BoundMethod::callBoundMethod(Object(Illuminate/Foundation/Application), Array, Object(Closure))
#26 D:/ServBay/www/pesantren-multi-client/vendor/laravel/framework/src/Illuminate/Container/Container.php(803): Illuminate/Container/BoundMethod::call(Object(Illuminate/Foundation/Application), Array, Array, NULL)
#27 D:/ServBay/www/pesantren-multi-client/vendor/laravel/framework/src/Illuminate/Database/Seeder.php(184): Illuminate/Container/Container->call(Array, Array)
#28 D:/ServBay/www/pesantren-multi-client/vendor/laravel/framework/src/Illuminate/Database/Eloquent/Concerns/HasEvents.php(456): Illuminate/Database/Seeder->Illuminate/Database/{closure}()
#29 D:/ServBay/www/pesantren-multi-client/vendor/laravel/framework/src/Illuminate/Database/Console/Seeds/WithoutModelEvents.php(17): Illuminate/Database/Eloquent/Model::withoutEvents(Object(Closure))
#30 D:/ServBay/www/pesantren-multi-client/vendor/laravel/framework/src/Illuminate/Database/Seeder.php(191): Database/Seeders/DatabaseSeeder->Illuminate/Database/Console/Seeds/{closure}()
#31 D:/ServBay/www/pesantren-multi-client/vendor/laravel/framework/src/Illuminate/Database/Console/Seeds/SeedCommand.php(89): Illuminate/Database/Seeder->__invoke()
#32 D:/ServBay/www/pesantren-multi-client/vendor/laravel/framework/src/Illuminate/Database/Eloquent/Concerns/GuardsAttributes.php(188): Illuminate/Database/Console/Seeds/SeedCommand->Illuminate/Database/Console/Seeds/{closure}()
#33 D:/ServBay/www/pesantren-multi-client/vendor/laravel/framework/src/Illuminate/Database/Console/Seeds/SeedCommand.php(88): Illuminate/Database/Eloquent/Model::unguarded(Object(Closure))
#34 D:/ServBay/www/pesantren-multi-client/vendor/laravel/framework/src/Illuminate/Container/BoundMethod.php(36): Illuminate/Database/Console/Seeds/SeedCommand->handle()
#35 D:/ServBay/www/pesantren-multi-client/vendor/laravel/framework/src/Illuminate/Container/Util.php(43): Illuminate/Container/BoundMethod::Illuminate/Container/{closure}()
#36 D:/ServBay/www/pesantren-multi-client/vendor/laravel/framework/src/Illuminate/Container/BoundMethod.php(96): Illuminate/Container/Util::unwrapIfClosure(Object(Closure))
#37 D:/ServBay/www/pesantren-multi-client/vendor/laravel/framework/src/Illuminate/Container/BoundMethod.php(35): Illuminate/Container/BoundMethod::callBoundMethod(Object(Illuminate/Foundation/Application), Array, Object(Closure))
#38 D:/ServBay/www/pesantren-multi-client/vendor/laravel/framework/src/Illuminate/Container/Container.php(803): Illuminate/Container/BoundMethod::call(Object(Illuminate/Foundation/Application), Array, Array, NULL)
#39 D:/ServBay/www/pesantren-multi-client/vendor/laravel/framework/src/Illuminate/Console/Command.php(292): Illuminate/Container/Container->call(Array)
#40 D:/ServBay/www/pesantren-multi-client/vendor/symfony/console/Command/Command.php(341): Illuminate/Console/Command->execute(Object(Symfony/Component/Console/Input/ArrayInput), Object(Illuminate/Console/OutputStyle))
#41 D:/ServBay/www/pesantren-multi-client/vendor/laravel/framework/src/Illuminate/Console/Command.php(261): Symfony/Component/Console/Command/Command->run(Object(Symfony/Component/Console/Input/ArrayInput), Object(Illuminate/Console/OutputStyle))
#42 D:/ServBay/www/pesantren-multi-client/vendor/laravel/framework/src/Illuminate/Console/Concerns/CallsCommands.php(68): Illuminate/Console/Command->run(Object(Symfony/Component/Console/Input/ArrayInput), Object(Illuminate/Console/OutputStyle))
#43 D:/ServBay/www/pesantren-multi-client/vendor/laravel/framework/src/Illuminate/Console/Concerns/CallsCommands.php(29): Illuminate/Console/Command->runCommand('db:seed', Array, Object(Illuminate/Console/OutputStyle))
#44 D:/ServBay/www/pesantren-multi-client/vendor/laravel/framework/src/Illuminate/Database/Console/Migrations/FreshCommand.php(136): Illuminate/Console/Command->call('db:seed', Array)
#45 D:/ServBay/www/pesantren-multi-client/vendor/laravel/framework/src/Illuminate/Database/Console/Migrations/FreshCommand.php(112): Illuminate/Database/Console/Migrations/FreshCommand->runSeeder(NULL)
#46 D:/ServBay/www/pesantren-multi-client/vendor/laravel/framework/src/Illuminate/Container/BoundMethod.php(36): Illuminate/Database/Console/Migrations/FreshCommand->handle()
#47 D:/ServBay/www/pesantren-multi-client/vendor/laravel/framework/src/Illuminate/Container/Util.php(43): Illuminate/Container/BoundMethod::Illuminate/Container/{closure}()
#48 D:/ServBay/www/pesantren-multi-client/vendor/laravel/framework/src/Illuminate/Container/BoundMethod.php(96): Illuminate/Container/Util::unwrapIfClosure(Object(Closure))
#49 D:/ServBay/www/pesantren-multi-client/vendor/laravel/framework/src/Illuminate/Container/BoundMethod.php(35): Illuminate/Container/BoundMethod::callBoundMethod(Object(Illuminate/Foundation/Application), Array, Object(Closure))
#50 D:/ServBay/www/pesantren-multi-client/vendor/laravel/framework/src/Illuminate/Container/Container.php(803): Illuminate/Container/BoundMethod::call(Object(Illuminate/Foundation/Application), Array, Array, NULL)
#51 D:/ServBay/www/pesantren-multi-client/vendor/laravel/framework/src/Illuminate/Console/Command.php(292): Illuminate/Container/Container->call(Array)
#52 D:/ServBay/www/pesantren-multi-client/vendor/symfony/console/Command/Command.php(341): Illuminate/Console/Command->execute(Object(Symfony/Component/Console/Input/ArgvInput), Object(Illuminate/Console/OutputStyle))
#53 D:/ServBay/www/pesantren-multi-client/vendor/laravel/framework/src/Illuminate/Console/Command.php(261): Symfony/Component/Console/Command/Command->run(Object(Symfony/Component/Console/Input/ArgvInput), Object(Illuminate/Console/OutputStyle))
#54 D:/ServBay/www/pesantren-multi-client/vendor/symfony/console/Application.php(1117): Illuminate/Console/Command->run(Object(Symfony/Component/Console/Input/ArgvInput), Object(Symfony/Component/Console/Output/ConsoleOutput))
#55 D:/ServBay/www/pesantren-multi-client/vendor/symfony/console/Application.php(356): Symfony/Component/Console/Application->doRunCommand(Object(Illuminate/Database/Console/Migrations/FreshCommand), Object(Symfony/Component/Console/Input/ArgvInput), Object(Symfony/Component/Console/Output/ConsoleOutput))
#56 D:/ServBay/www/pesantren-multi-client/vendor/symfony/console/Application.php(195): Symfony/Component/Console/Application->doRun(Object(Symfony/Component/Console/Input/ArgvInput), Object(Symfony/Component/Console/Output/ConsoleOutput))
#57 D:/ServBay/www/pesantren-multi-client/vendor/laravel/framework/src/Illuminate/Foundation/Console/Kernel.php(198): Symfony/Component/Console/Application->run(Object(Symfony/Component/Console/Input/ArgvInput), Object(Symfony/Component/Console/Output/ConsoleOutput))
#58 D:/ServBay/www/pesantren-multi-client/vendor/laravel/framework/src/Illuminate/Foundation/Application.php(1242): Illuminate/Foundation/Console/Kernel->handle(Object(Symfony/Component/Console/Input/ArgvInput), Object(Symfony/Component/Console/Output/ConsoleOutput))
#59 D:/ServBay/www/pesantren-multi-client/artisan(16): Illuminate/Foundation/Application->handleCommand(Object(Symfony/Component/Console/Input/ArgvInput))
#60 {main}

[previous exception] [object] (PDOException(code: HY000): SQLSTATE[HY000]: General error: 1364 Field 'client_id' doesn't have a default value at D:/ServBay/www/pesantren-multi-client/vendor/laravel/framework/src/Illuminate/Database/MySqlConnection.php:53)
[stacktrace]
#0 D:/ServBay/www/pesantren-multi-client/vendor/laravel/framework/src/Illuminate/Database/MySqlConnection.php(53): PDOStatement->execute()
#1 D:/ServBay/www/pesantren-multi-client/vendor/laravel/framework/src/Illuminate/Database/Connection.php(846): Illuminate/Database/MySqlConnection->Illuminate/Database/{closure}('insert into `gu...', Array)
#2 D:/ServBay/www/pesantren-multi-client/vendor/laravel/framework/src/Illuminate/Database/Connection.php(813): Illuminate/Database/Connection->runQueryCallback('insert into `gu...', Array, Object(Closure))
#3 D:/ServBay/www/pesantren-multi-client/vendor/laravel/framework/src/Illuminate/Database/MySqlConnection.php(42): Illuminate/Database/Connection->run('insert into `gu...', Array, Object(Closure))
#4 D:/ServBay/www/pesantren-multi-client/vendor/laravel/framework/src/Illuminate/Database/Query/Processors/MySqlProcessor.php(35): Illuminate/Database/MySqlConnection->insert('insert into `gu...', Array, 'id')
#5 D:/ServBay/www/pesantren-multi-client/vendor/laravel/framework/src/Illuminate/Database/Query/Builder.php(4313): Illuminate/Database/Query/Processors/MySqlProcessor->processInsertGetId(Object(Illuminate/Database/Query/Builder), 'insert into `gu...', Array, 'id')
#6 D:/ServBay/www/pesantren-multi-client/vendor/laravel/framework/src/Illuminate/Database/Eloquent/Builder.php(2336): Illuminate/Database/Query/Builder->insertGetId(Array, 'id')
#7 D:/ServBay/www/pesantren-multi-client/vendor/laravel/framework/src/Illuminate/Database/Eloquent/Model.php(1691): Illuminate/Database/Eloquent/Builder->__call('insertGetId', Array)
#8 D:/ServBay/www/pesantren-multi-client/vendor/laravel/framework/src/Illuminate/Database/Eloquent/Model.php(1607): Illuminate/Database/Eloquent/Model->insertAndSetId(Object(Illuminate/Database/Eloquent/Builder), Array)
#9 D:/ServBay/www/pesantren-multi-client/vendor/laravel/framework/src/Illuminate/Database/Eloquent/Model.php(1411): Illuminate/Database/Eloquent/Model->performInsert(Object(Illuminate/Database/Eloquent/Builder))
#10 D:/ServBay/www/pesantren-multi-client/vendor/laravel/framework/src/Illuminate/Database/Eloquent/Factories/Factory.php(383): Illuminate/Database/Eloquent/Model->save()
#11 D:/ServBay/www/pesantren-multi-client/vendor/laravel/framework/src/Illuminate/Collections/Traits/EnumeratesValues.php(275): Illuminate/Database/Eloquent/Factories/Factory->Illuminate/Database/Eloquent/Factories/{closure}(Object(App/Models/Guardian), 0)
#12 D:/ServBay/www/pesantren-multi-client/vendor/laravel/framework/src/Illuminate/Database/Eloquent/Factories/Factory.php(378): Illuminate/Support/Collection->each(Object(Closure))
#13 D:/ServBay/www/pesantren-multi-client/vendor/laravel/framework/src/Illuminate/Database/Eloquent/Factories/Factory.php(338): Illuminate/Database/Eloquent/Factories/Factory->store(Object(Illuminate/Database/Eloquent/Collection))
#14 D:/ServBay/www/pesantren-multi-client/database/seeders/DemoClientSeeder.php(110): Illuminate/Database/Eloquent/Factories/Factory->create()
#15 D:/ServBay/www/pesantren-multi-client/vendor/laravel/framework/src/Illuminate/Container/BoundMethod.php(36): Database/Seeders/DemoClientSeeder->run()
#16 D:/ServBay/www/pesantren-multi-client/vendor/laravel/framework/src/Illuminate/Container/Util.php(43): Illuminate/Container/BoundMethod::Illuminate/Container/{closure}()
#17 D:/ServBay/www/pesantren-multi-client/vendor/laravel/framework/src/Illuminate/Container/BoundMethod.php(96): Illuminate/Container/Util::unwrapIfClosure(Object(Closure))
#18 D:/ServBay/www/pesantren-multi-client/vendor/laravel/framework/src/Illuminate/Container/BoundMethod.php(35): Illuminate/Container/BoundMethod::callBoundMethod(Object(Illuminate/Foundation/Application), Array, Object(Closure))
#19 D:/ServBay/www/pesantren-multi-client/vendor/laravel/framework/src/Illuminate/Container/Container.php(803): Illuminate/Container/BoundMethod::call(Object(Illuminate/Foundation/Application), Array, Array, NULL)
#20 D:/ServBay/www/pesantren-multi-client/vendor/laravel/framework/src/Illuminate/Database/Seeder.php(184): Illuminate/Container/Container->call(Array, Array)
#21 D:/ServBay/www/pesantren-multi-client/vendor/laravel/framework/src/Illuminate/Database/Seeder.php(191): Illuminate/Database/Seeder->Illuminate/Database/{closure}()
#22 D:/ServBay/www/pesantren-multi-client/vendor/laravel/framework/src/Illuminate/Database/Seeder.php(59): Illuminate/Database/Seeder->__invoke(Array)
#23 D:/ServBay/www/pesantren-multi-client/database/seeders/DatabaseSeeder.php(18): Illuminate/Database/Seeder->call('Database//Seeder...')
#24 D:/ServBay/www/pesantren-multi-client/vendor/laravel/framework/src/Illuminate/Container/BoundMethod.php(36): Database/Seeders/DatabaseSeeder->run()
#25 D:/ServBay/www/pesantren-multi-client/vendor/laravel/framework/src/Illuminate/Container/Util.php(43): Illuminate/Container/BoundMethod::Illuminate/Container/{closure}()
#26 D:/ServBay/www/pesantren-multi-client/vendor/laravel/framework/src/Illuminate/Container/BoundMethod.php(96): Illuminate/Container/Util::unwrapIfClosure(Object(Closure))
#27 D:/ServBay/www/pesantren-multi-client/vendor/laravel/framework/src/Illuminate/Container/BoundMethod.php(35): Illuminate/Container/BoundMethod::callBoundMethod(Object(Illuminate/Foundation/Application), Array, Object(Closure))
#28 D:/ServBay/www/pesantren-multi-client/vendor/laravel/framework/src/Illuminate/Container/Container.php(803): Illuminate/Container/BoundMethod::call(Object(Illuminate/Foundation/Application), Array, Array, NULL)
#29 D:/ServBay/www/pesantren-multi-client/vendor/laravel/framework/src/Illuminate/Database/Seeder.php(184): Illuminate/Container/Container->call(Array, Array)
#30 D:/ServBay/www/pesantren-multi-client/vendor/laravel/framework/src/Illuminate/Database/Eloquent/Concerns/HasEvents.php(456): Illuminate/Database/Seeder->Illuminate/Database/{closure}()
#31 D:/ServBay/www/pesantren-multi-client/vendor/laravel/framework/src/Illuminate/Database/Console/Seeds/WithoutModelEvents.php(17): Illuminate/Database/Eloquent/Model::withoutEvents(Object(Closure))
#32 D:/ServBay/www/pesantren-multi-client/vendor/laravel/framework/src/Illuminate/Database/Seeder.php(191): Database/Seeders/DatabaseSeeder->Illuminate/Database/Console/Seeds/{closure}()
#33 D:/ServBay/www/pesantren-multi-client/vendor/laravel/framework/src/Illuminate/Database/Console/Seeds/SeedCommand.php(89): Illuminate/Database/Seeder->__invoke()
#34 D:/ServBay/www/pesantren-multi-client/vendor/laravel/framework/src/Illuminate/Database/Eloquent/Concerns/GuardsAttributes.php(188): Illuminate/Database/Console/Seeds/SeedCommand->Illuminate/Database/Console/Seeds/{closure}()
#35 D:/ServBay/www/pesantren-multi-client/vendor/laravel/framework/src/Illuminate/Database/Console/Seeds/SeedCommand.php(88): Illuminate/Database/Eloquent/Model::unguarded(Object(Closure))
#36 D:/ServBay/www/pesantren-multi-client/vendor/laravel/framework/src/Illuminate/Container/BoundMethod.php(36): Illuminate/Database/Console/Seeds/SeedCommand->handle()
#37 D:/ServBay/www/pesantren-multi-client/vendor/laravel/framework/src/Illuminate/Container/Util.php(43): Illuminate/Container/BoundMethod::Illuminate/Container/{closure}()
#38 D:/ServBay/www/pesantren-multi-client/vendor/laravel/framework/src/Illuminate/Container/BoundMethod.php(96): Illuminate/Container/Util::unwrapIfClosure(Object(Closure))
#39 D:/ServBay/www/pesantren-multi-client/vendor/laravel/framework/src/Illuminate/Container/BoundMethod.php(35): Illuminate/Container/BoundMethod::callBoundMethod(Object(Illuminate/Foundation/Application), Array, Object(Closure))
#40 D:/ServBay/www/pesantren-multi-client/vendor/laravel/framework/src/Illuminate/Container/Container.php(803): Illuminate/Container/BoundMethod::call(Object(Illuminate/Foundation/Application), Array, Array, NULL)
#41 D:/ServBay/www/pesantren-multi-client/vendor/laravel/framework/src/Illuminate/Console/Command.php(292): Illuminate/Container/Container->call(Array)
#42 D:/ServBay/www/pesantren-multi-client/vendor/symfony/console/Command/Command.php(341): Illuminate/Console/Command->execute(Object(Symfony/Component/Console/Input/ArrayInput), Object(Illuminate/Console/OutputStyle))
#43 D:/ServBay/www/pesantren-multi-client/vendor/laravel/framework/src/Illuminate/Console/Command.php(261): Symfony/Component/Console/Command/Command->run(Object(Symfony/Component/Console/Input/ArrayInput), Object(Illuminate/Console/OutputStyle))
#44 D:/ServBay/www/pesantren-multi-client/vendor/laravel/framework/src/Illuminate/Console/Concerns/CallsCommands.php(68): Illuminate/Console/Command->run(Object(Symfony/Component/Console/Input/ArrayInput), Object(Illuminate/Console/OutputStyle))
#45 D:/ServBay/www/pesantren-multi-client/vendor/laravel/framework/src/Illuminate/Console/Concerns/CallsCommands.php(29): Illuminate/Console/Command->runCommand('db:seed', Array, Object(Illuminate/Console/OutputStyle))
#46 D:/ServBay/www/pesantren-multi-client/vendor/laravel/framework/src/Illuminate/Database/Console/Migrations/FreshCommand.php(136): Illuminate/Console/Command->call('db:seed', Array)
#47 D:/ServBay/www/pesantren-multi-client/vendor/laravel/framework/src/Illuminate/Database/Console/Migrations/FreshCommand.php(112): Illuminate/Database/Console/Migrations/FreshCommand->runSeeder(NULL)
#48 D:/ServBay/www/pesantren-multi-client/vendor/laravel/framework/src/Illuminate/Container/BoundMethod.php(36): Illuminate/Database/Console/Migrations/FreshCommand->handle()
#49 D:/ServBay/www/pesantren-multi-client/vendor/laravel/framework/src/Illuminate/Container/Util.php(43): Illuminate/Container/BoundMethod::Illuminate/Container/{closure}()
#50 D:/ServBay/www/pesantren-multi-client/vendor/laravel/framework/src/Illuminate/Container/BoundMethod.php(96): Illuminate/Container/Util::unwrapIfClosure(Object(Closure))
#51 D:/ServBay/www/pesantren-multi-client/vendor/laravel/framework/src/Illuminate/Container/BoundMethod.php(35): Illuminate/Container/BoundMethod::callBoundMethod(Object(Illuminate/Foundation/Application), Array, Object(Closure))
#52 D:/ServBay/www/pesantren-multi-client/vendor/laravel/framework/src/Illuminate/Container/Container.php(803): Illuminate/Container/BoundMethod::call(Object(Illuminate/Foundation/Application), Array, Array, NULL)
#53 D:/ServBay/www/pesantren-multi-client/vendor/laravel/framework/src/Illuminate/Console/Command.php(292): Illuminate/Container/Container->call(Array)
#54 D:/ServBay/www/pesantren-multi-client/vendor/symfony/console/Command/Command.php(341): Illuminate/Console/Command->execute(Object(Symfony/Component/Console/Input/ArgvInput), Object(Illuminate/Console/OutputStyle))
#55 D:/ServBay/www/pesantren-multi-client/vendor/laravel/framework/src/Illuminate/Console/Command.php(261): Symfony/Component/Console/Command/Command->run(Object(Symfony/Component/Console/Input/ArgvInput), Object(Illuminate/Console/OutputStyle))
#56 D:/ServBay/www/pesantren-multi-client/vendor/symfony/console/Application.php(1117): Illuminate/Console/Command->run(Object(Symfony/Component/Console/Input/ArgvInput), Object(Symfony/Component/Console/Output/ConsoleOutput))
#57 D:/ServBay/www/pesantren-multi-client/vendor/symfony/console/Application.php(356): Symfony/Component/Console/Application->doRunCommand(Object(Illuminate/Database/Console/Migrations/FreshCommand), Object(Symfony/Component/Console/Input/ArgvInput), Object(Symfony/Component/Console/Output/ConsoleOutput))
#58 D:/ServBay/www/pesantren-multi-client/vendor/symfony/console/Application.php(195): Symfony/Component/Console/Application->doRun(Object(Symfony/Component/Console/Input/ArgvInput), Object(Symfony/Component/Console/Output/ConsoleOutput))
#59 D:/ServBay/www/pesantren-multi-client/vendor/laravel/framework/src/Illuminate/Foundation/Console/Kernel.php(198): Symfony/Component/Console/Application->run(Object(Symfony/Component/Console/Input/ArgvInput), Object(Symfony/Component/Console/Output/ConsoleOutput))
#60 D:/ServBay/www/pesantren-multi-client/vendor/laravel/framework/src/Illuminate/Foundation/Application.php(1242): Illuminate/Foundation/Console/Kernel->handle(Object(Symfony/Component/Console/Input/ArgvInput), Object(Symfony/Component/Console/Output/ConsoleOutput))
#61 D:/ServBay/www/pesantren-multi-client/artisan(16): Illuminate/Foundation/Application->handleCommand(Object(Symfony/Component/Console/Input/ArgvInput))
#62 {main}
"} 
[2026-09-28 16:37:30] local.ERROR: SQLSTATE[HY000]: General error: 1364 Field 'client_id' doesn't have a default value (Connection: mysql, Host: 127.0.0.1, Port: 3306, Database: pesantren, SQL: insert into `guardians` (`name`, `relation`, `phone`, `email`, `address`, `occupation`, `updated_at`, `created_at`) values (Dovie Feil, wali, 081730790140, meggie.kunde@example.net, 67512 Nienow Circles Suite 421
East Garland, OK 44870-6216, Electronics Engineer, 2026-09-28 16:37:30, 2026-09-28 16:37:30)) {"exception":"[object] (Illuminate\\Database\\QueryException(code: HY000): SQLSTATE[HY000]: General error: 1364 Field 'client_id' doesn't have a default value (Connection: mysql, Host: 127.0.0.1, Port: 3306, Database: pesantren, SQL: insert into `guardians` (`name`, `relation`, `phone`, `email`, `address`, `occupation`, `updated_at`, `created_at`) values (Dovie Feil, wali, 081730790140, meggie.kunde@example.net, 67512 Nienow Circles Suite 421
East Garland, OK 44870-6216, Electronics Engineer, 2026-09-28 16:37:30, 2026-09-28 16:37:30)) at D:/ServBay/www/pesantren-multi-client/vendor/laravel/framework/src/Illuminate/Database/Connection.php:857)
[stacktrace]
#0 D:/ServBay/www/pesantren-multi-client/vendor/laravel/framework/src/Illuminate/Database/Connection.php(813): Illuminate/Database/Connection->runQueryCallback('insert into `gu...', Array, Object(Closure))
#1 D:/ServBay/www/pesantren-multi-client/vendor/laravel/framework/src/Illuminate/Database/MySqlConnection.php(42): Illuminate/Database/Connection->run('insert into `gu...', Array, Object(Closure))
#2 D:/ServBay/www/pesantren-multi-client/vendor/laravel/framework/src/Illuminate/Database/Query/Processors/MySqlProcessor.php(35): Illuminate/Database/MySqlConnection->insert('insert into `gu...', Array, 'id')
#3 D:/ServBay/www/pesantren-multi-client/vendor/laravel/framework/src/Illuminate/Database/Query/Builder.php(4313): Illuminate/Database/Query/Processors/MySqlProcessor->processInsertGetId(Object(Illuminate/Database/Query/Builder), 'insert into `gu...', Array, 'id')
#4 D:/ServBay/www/pesantren-multi-client/vendor/laravel/framework/src/Illuminate/Database/Eloquent/Builder.php(2336): Illuminate/Database/Query/Builder->insertGetId(Array, 'id')
#5 D:/ServBay/www/pesantren-multi-client/vendor/laravel/framework/src/Illuminate/Database/Eloquent/Model.php(1691): Illuminate/Database/Eloquent/Builder->__call('insertGetId', Array)
#6 D:/ServBay/www/pesantren-multi-client/vendor/laravel/framework/src/Illuminate/Database/Eloquent/Model.php(1607): Illuminate/Database/Eloquent/Model->insertAndSetId(Object(Illuminate/Database/Eloquent/Builder), Array)
#7 D:/ServBay/www/pesantren-multi-client/vendor/laravel/framework/src/Illuminate/Database/Eloquent/Model.php(1411): Illuminate/Database/Eloquent/Model->performInsert(Object(Illuminate/Database/Eloquent/Builder))
#8 D:/ServBay/www/pesantren-multi-client/vendor/laravel/framework/src/Illuminate/Database/Eloquent/Factories/Factory.php(383): Illuminate/Database/Eloquent/Model->save()
#9 D:/ServBay/www/pesantren-multi-client/vendor/laravel/framework/src/Illuminate/Collections/Traits/EnumeratesValues.php(275): Illuminate/Database/Eloquent/Factories/Factory->Illuminate/Database/Eloquent/Factories/{closure}(Object(App/Models/Guardian), 0)
#10 D:/ServBay/www/pesantren-multi-client/vendor/laravel/framework/src/Illuminate/Database/Eloquent/Factories/Factory.php(378): Illuminate/Support/Collection->each(Object(Closure))
#11 D:/ServBay/www/pesantren-multi-client/vendor/laravel/framework/src/Illuminate/Database/Eloquent/Factories/Factory.php(338): Illuminate/Database/Eloquent/Factories/Factory->store(Object(Illuminate/Database/Eloquent/Collection))
#12 D:/ServBay/www/pesantren-multi-client/database/seeders/DemoClientSeeder.php(116): Illuminate/Database/Eloquent/Factories/Factory->create()
#13 D:/ServBay/www/pesantren-multi-client/vendor/laravel/framework/src/Illuminate/Container/BoundMethod.php(36): Database/Seeders/DemoClientSeeder->run()
#14 D:/ServBay/www/pesantren-multi-client/vendor/laravel/framework/src/Illuminate/Container/Util.php(43): Illuminate/Container/BoundMethod::Illuminate/Container/{closure}()
#15 D:/ServBay/www/pesantren-multi-client/vendor/laravel/framework/src/Illuminate/Container/BoundMethod.php(96): Illuminate/Container/Util::unwrapIfClosure(Object(Closure))
#16 D:/ServBay/www/pesantren-multi-client/vendor/laravel/framework/src/Illuminate/Container/BoundMethod.php(35): Illuminate/Container/BoundMethod::callBoundMethod(Object(Illuminate/Foundation/Application), Array, Object(Closure))
#17 D:/ServBay/www/pesantren-multi-client/vendor/laravel/framework/src/Illuminate/Container/Container.php(803): Illuminate/Container/BoundMethod::call(Object(Illuminate/Foundation/Application), Array, Array, NULL)
#18 D:/ServBay/www/pesantren-multi-client/vendor/laravel/framework/src/Illuminate/Database/Seeder.php(184): Illuminate/Container/Container->call(Array, Array)
#19 D:/ServBay/www/pesantren-multi-client/vendor/laravel/framework/src/Illuminate/Database/Seeder.php(191): Illuminate/Database/Seeder->Illuminate/Database/{closure}()
#20 D:/ServBay/www/pesantren-multi-client/vendor/laravel/framework/src/Illuminate/Database/Seeder.php(59): Illuminate/Database/Seeder->__invoke(Array)
#21 D:/ServBay/www/pesantren-multi-client/database/seeders/DatabaseSeeder.php(18): Illuminate/Database/Seeder->call('Database//Seeder...')
#22 D:/ServBay/www/pesantren-multi-client/vendor/laravel/framework/src/Illuminate/Container/BoundMethod.php(36): Database/Seeders/DatabaseSeeder->run()
#23 D:/ServBay/www/pesantren-multi-client/vendor/laravel/framework/src/Illuminate/Container/Util.php(43): Illuminate/Container/BoundMethod::Illuminate/Container/{closure}()
#24 D:/ServBay/www/pesantren-multi-client/vendor/laravel/framework/src/Illuminate/Container/BoundMethod.php(96): Illuminate/Container/Util::unwrapIfClosure(Object(Closure))
#25 D:/ServBay/www/pesantren-multi-client/vendor/laravel/framework/src/Illuminate/Container/BoundMethod.php(35): Illuminate/Container/BoundMethod::callBoundMethod(Object(Illuminate/Foundation/Application), Array, Object(Closure))
#26 D:/ServBay/www/pesantren-multi-client/vendor/laravel/framework/src/Illuminate/Container/Container.php(803): Illuminate/Container/BoundMethod::call(Object(Illuminate/Foundation/Application), Array, Array, NULL)
#27 D:/ServBay/www/pesantren-multi-client/vendor/laravel/framework/src/Illuminate/Database/Seeder.php(184): Illuminate/Container/Container->call(Array, Array)
#28 D:/ServBay/www/pesantren-multi-client/vendor/laravel/framework/src/Illuminate/Database/Eloquent/Concerns/HasEvents.php(456): Illuminate/Database/Seeder->Illuminate/Database/{closure}()
#29 D:/ServBay/www/pesantren-multi-client/vendor/laravel/framework/src/Illuminate/Database/Console/Seeds/WithoutModelEvents.php(17): Illuminate/Database/Eloquent/Model::withoutEvents(Object(Closure))
#30 D:/ServBay/www/pesantren-multi-client/vendor/laravel/framework/src/Illuminate/Database/Seeder.php(191): Database/Seeders/DatabaseSeeder->Illuminate/Database/Console/Seeds/{closure}()
#31 D:/ServBay/www/pesantren-multi-client/vendor/laravel/framework/src/Illuminate/Database/Console/Seeds/SeedCommand.php(89): Illuminate/Database/Seeder->__invoke()
#32 D:/ServBay/www/pesantren-multi-client/vendor/laravel/framework/src/Illuminate/Database/Eloquent/Concerns/GuardsAttributes.php(188): Illuminate/Database/Console/Seeds/SeedCommand->Illuminate/Database/Console/Seeds/{closure}()
#33 D:/ServBay/www/pesantren-multi-client/vendor/laravel/framework/src/Illuminate/Database/Console/Seeds/SeedCommand.php(88): Illuminate/Database/Eloquent/Model::unguarded(Object(Closure))
#34 D:/ServBay/www/pesantren-multi-client/vendor/laravel/framework/src/Illuminate/Container/BoundMethod.php(36): Illuminate/Database/Console/Seeds/SeedCommand->handle()
#35 D:/ServBay/www/pesantren-multi-client/vendor/laravel/framework/src/Illuminate/Container/Util.php(43): Illuminate/Container/BoundMethod::Illuminate/Container/{closure}()
#36 D:/ServBay/www/pesantren-multi-client/vendor/laravel/framework/src/Illuminate/Container/BoundMethod.php(96): Illuminate/Container/Util::unwrapIfClosure(Object(Closure))
#37 D:/ServBay/www/pesantren-multi-client/vendor/laravel/framework/src/Illuminate/Container/BoundMethod.php(35): Illuminate/Container/BoundMethod::callBoundMethod(Object(Illuminate/Foundation/Application), Array, Object(Closure))
#38 D:/ServBay/www/pesantren-multi-client/vendor/laravel/framework/src/Illuminate/Container/Container.php(803): Illuminate/Container/BoundMethod::call(Object(Illuminate/Foundation/Application), Array, Array, NULL)
#39 D:/ServBay/www/pesantren-multi-client/vendor/laravel/framework/src/Illuminate/Console/Command.php(292): Illuminate/Container/Container->call(Array)
#40 D:/ServBay/www/pesantren-multi-client/vendor/symfony/console/Command/Command.php(341): Illuminate/Console/Command->execute(Object(Symfony/Component/Console/Input/ArrayInput), Object(Illuminate/Console/OutputStyle))
#41 D:/ServBay/www/pesantren-multi-client/vendor/laravel/framework/src/Illuminate/Console/Command.php(261): Symfony/Component/Console/Command/Command->run(Object(Symfony/Component/Console/Input/ArrayInput), Object(Illuminate/Console/OutputStyle))
#42 D:/ServBay/www/pesantren-multi-client/vendor/laravel/framework/src/Illuminate/Console/Concerns/CallsCommands.php(68): Illuminate/Console/Command->run(Object(Symfony/Component/Console/Input/ArrayInput), Object(Illuminate/Console/OutputStyle))
#43 D:/ServBay/www/pesantren-multi-client/vendor/laravel/framework/src/Illuminate/Console/Concerns/CallsCommands.php(29): Illuminate/Console/Command->runCommand('db:seed', Array, Object(Illuminate/Console/OutputStyle))
#44 D:/ServBay/www/pesantren-multi-client/vendor/laravel/framework/src/Illuminate/Database/Console/Migrations/FreshCommand.php(136): Illuminate/Console/Command->call('db:seed', Array)
#45 D:/ServBay/www/pesantren-multi-client/vendor/laravel/framework/src/Illuminate/Database/Console/Migrations/FreshCommand.php(112): Illuminate/Database/Console/Migrations/FreshCommand->runSeeder(NULL)
#46 D:/ServBay/www/pesantren-multi-client/vendor/laravel/framework/src/Illuminate/Container/BoundMethod.php(36): Illuminate/Database/Console/Migrations/FreshCommand->handle()
#47 D:/ServBay/www/pesantren-multi-client/vendor/laravel/framework/src/Illuminate/Container/Util.php(43): Illuminate/Container/BoundMethod::Illuminate/Container/{closure}()
#48 D:/ServBay/www/pesantren-multi-client/vendor/laravel/framework/src/Illuminate/Container/BoundMethod.php(96): Illuminate/Container/Util::unwrapIfClosure(Object(Closure))
#49 D:/ServBay/www/pesantren-multi-client/vendor/laravel/framework/src/Illuminate/Container/BoundMethod.php(35): Illuminate/Container/BoundMethod::callBoundMethod(Object(Illuminate/Foundation/Application), Array, Object(Closure))
#50 D:/ServBay/www/pesantren-multi-client/vendor/laravel/framework/src/Illuminate/Container/Container.php(803): Illuminate/Container/BoundMethod::call(Object(Illuminate/Foundation/Application), Array, Array, NULL)
#51 D:/ServBay/www/pesantren-multi-client/vendor/laravel/framework/src/Illuminate/Console/Command.php(292): Illuminate/Container/Container->call(Array)
#52 D:/ServBay/www/pesantren-multi-client/vendor/symfony/console/Command/Command.php(341): Illuminate/Console/Command->execute(Object(Symfony/Component/Console/Input/ArgvInput), Object(Illuminate/Console/OutputStyle))
#53 D:/ServBay/www/pesantren-multi-client/vendor/laravel/framework/src/Illuminate/Console/Command.php(261): Symfony/Component/Console/Command/Command->run(Object(Symfony/Component/Console/Input/ArgvInput), Object(Illuminate/Console/OutputStyle))
#54 D:/ServBay/www/pesantren-multi-client/vendor/symfony/console/Application.php(1117): Illuminate/Console/Command->run(Object(Symfony/Component/Console/Input/ArgvInput), Object(Symfony/Component/Console/Output/ConsoleOutput))
#55 D:/ServBay/www/pesantren-multi-client/vendor/symfony/console/Application.php(356): Symfony/Component/Console/Application->doRunCommand(Object(Illuminate/Database/Console/Migrations/FreshCommand), Object(Symfony/Component/Console/Input/ArgvInput), Object(Symfony/Component/Console/Output/ConsoleOutput))
#56 D:/ServBay/www/pesantren-multi-client/vendor/symfony/console/Application.php(195): Symfony/Component/Console/Application->doRun(Object(Symfony/Component/Console/Input/ArgvInput), Object(Symfony/Component/Console/Output/ConsoleOutput))
#57 D:/ServBay/www/pesantren-multi-client/vendor/laravel/framework/src/Illuminate/Foundation/Console/Kernel.php(198): Symfony/Component/Console/Application->run(Object(Symfony/Component/Console/Input/ArgvInput), Object(Symfony/Component/Console/Output/ConsoleOutput))
#58 D:/ServBay/www/pesantren-multi-client/vendor/laravel/framework/src/Illuminate/Foundation/Application.php(1242): Illuminate/Foundation/Console/Kernel->handle(Object(Symfony/Component/Console/Input/ArgvInput), Object(Symfony/Component/Console/Output/ConsoleOutput))
#59 D:/ServBay/www/pesantren-multi-client/artisan(16): Illuminate/Foundation/Application->handleCommand(Object(Symfony/Component/Console/Input/ArgvInput))
#60 {main}

[previous exception] [object] (PDOException(code: HY000): SQLSTATE[HY000]: General error: 1364 Field 'client_id' doesn't have a default value at D:/ServBay/www/pesantren-multi-client/vendor/laravel/framework/src/Illuminate/Database/MySqlConnection.php:53)
[stacktrace]
#0 D:/ServBay/www/pesantren-multi-client/vendor/laravel/framework/src/Illuminate/Database/MySqlConnection.php(53): PDOStatement->execute()
#1 D:/ServBay/www/pesantren-multi-client/vendor/laravel/framework/src/Illuminate/Database/Connection.php(846): Illuminate/Database/MySqlConnection->Illuminate/Database/{closure}('insert into `gu...', Array)
#2 D:/ServBay/www/pesantren-multi-client/vendor/laravel/framework/src/Illuminate/Database/Connection.php(813): Illuminate/Database/Connection->runQueryCallback('insert into `gu...', Array, Object(Closure))
#3 D:/ServBay/www/pesantren-multi-client/vendor/laravel/framework/src/Illuminate/Database/MySqlConnection.php(42): Illuminate/Database/Connection->run('insert into `gu...', Array, Object(Closure))
#4 D:/ServBay/www/pesantren-multi-client/vendor/laravel/framework/src/Illuminate/Database/Query/Processors/MySqlProcessor.php(35): Illuminate/Database/MySqlConnection->insert('insert into `gu...', Array, 'id')
#5 D:/ServBay/www/pesantren-multi-client/vendor/laravel/framework/src/Illuminate/Database/Query/Builder.php(4313): Illuminate/Database/Query/Processors/MySqlProcessor->processInsertGetId(Object(Illuminate/Database/Query/Builder), 'insert into `gu...', Array, 'id')
#6 D:/ServBay/www/pesantren-multi-client/vendor/laravel/framework/src/Illuminate/Database/Eloquent/Builder.php(2336): Illuminate/Database/Query/Builder->insertGetId(Array, 'id')
#7 D:/ServBay/www/pesantren-multi-client/vendor/laravel/framework/src/Illuminate/Database/Eloquent/Model.php(1691): Illuminate/Database/Eloquent/Builder->__call('insertGetId', Array)
#8 D:/ServBay/www/pesantren-multi-client/vendor/laravel/framework/src/Illuminate/Database/Eloquent/Model.php(1607): Illuminate/Database/Eloquent/Model->insertAndSetId(Object(Illuminate/Database/Eloquent/Builder), Array)
#9 D:/ServBay/www/pesantren-multi-client/vendor/laravel/framework/src/Illuminate/Database/Eloquent/Model.php(1411): Illuminate/Database/Eloquent/Model->performInsert(Object(Illuminate/Database/Eloquent/Builder))
#10 D:/ServBay/www/pesantren-multi-client/vendor/laravel/framework/src/Illuminate/Database/Eloquent/Factories/Factory.php(383): Illuminate/Database/Eloquent/Model->save()
#11 D:/ServBay/www/pesantren-multi-client/vendor/laravel/framework/src/Illuminate/Collections/Traits/EnumeratesValues.php(275): Illuminate/Database/Eloquent/Factories/Factory->Illuminate/Database/Eloquent/Factories/{closure}(Object(App/Models/Guardian), 0)
#12 D:/ServBay/www/pesantren-multi-client/vendor/laravel/framework/src/Illuminate/Database/Eloquent/Factories/Factory.php(378): Illuminate/Support/Collection->each(Object(Closure))
#13 D:/ServBay/www/pesantren-multi-client/vendor/laravel/framework/src/Illuminate/Database/Eloquent/Factories/Factory.php(338): Illuminate/Database/Eloquent/Factories/Factory->store(Object(Illuminate/Database/Eloquent/Collection))
#14 D:/ServBay/www/pesantren-multi-client/database/seeders/DemoClientSeeder.php(116): Illuminate/Database/Eloquent/Factories/Factory->create()
#15 D:/ServBay/www/pesantren-multi-client/vendor/laravel/framework/src/Illuminate/Container/BoundMethod.php(36): Database/Seeders/DemoClientSeeder->run()
#16 D:/ServBay/www/pesantren-multi-client/vendor/laravel/framework/src/Illuminate/Container/Util.php(43): Illuminate/Container/BoundMethod::Illuminate/Container/{closure}()
#17 D:/ServBay/www/pesantren-multi-client/vendor/laravel/framework/src/Illuminate/Container/BoundMethod.php(96): Illuminate/Container/Util::unwrapIfClosure(Object(Closure))
#18 D:/ServBay/www/pesantren-multi-client/vendor/laravel/framework/src/Illuminate/Container/BoundMethod.php(35): Illuminate/Container/BoundMethod::callBoundMethod(Object(Illuminate/Foundation/Application), Array, Object(Closure))
#19 D:/ServBay/www/pesantren-multi-client/vendor/laravel/framework/src/Illuminate/Container/Container.php(803): Illuminate/Container/BoundMethod::call(Object(Illuminate/Foundation/Application), Array, Array, NULL)
#20 D:/ServBay/www/pesantren-multi-client/vendor/laravel/framework/src/Illuminate/Database/Seeder.php(184): Illuminate/Container/Container->call(Array, Array)
#21 D:/ServBay/www/pesantren-multi-client/vendor/laravel/framework/src/Illuminate/Database/Seeder.php(191): Illuminate/Database/Seeder->Illuminate/Database/{closure}()
#22 D:/ServBay/www/pesantren-multi-client/vendor/laravel/framework/src/Illuminate/Database/Seeder.php(59): Illuminate/Database/Seeder->__invoke(Array)
#23 D:/ServBay/www/pesantren-multi-client/database/seeders/DatabaseSeeder.php(18): Illuminate/Database/Seeder->call('Database//Seeder...')
#24 D:/ServBay/www/pesantren-multi-client/vendor/laravel/framework/src/Illuminate/Container/BoundMethod.php(36): Database/Seeders/DatabaseSeeder->run()
#25 D:/ServBay/www/pesantren-multi-client/vendor/laravel/framework/src/Illuminate/Container/Util.php(43): Illuminate/Container/BoundMethod::Illuminate/Container/{closure}()
#26 D:/ServBay/www/pesantren-multi-client/vendor/laravel/framework/src/Illuminate/Container/BoundMethod.php(96): Illuminate/Container/Util::unwrapIfClosure(Object(Closure))
#27 D:/ServBay/www/pesantren-multi-client/vendor/laravel/framework/src/Illuminate/Container/BoundMethod.php(35): Illuminate/Container/BoundMethod::callBoundMethod(Object(Illuminate/Foundation/Application), Array, Object(Closure))
#28 D:/ServBay/www/pesantren-multi-client/vendor/laravel/framework/src/Illuminate/Container/Container.php(803): Illuminate/Container/BoundMethod::call(Object(Illuminate/Foundation/Application), Array, Array, NULL)
#29 D:/ServBay/www/pesantren-multi-client/vendor/laravel/framework/src/Illuminate/Database/Seeder.php(184): Illuminate/Container/Container->call(Array, Array)
#30 D:/ServBay/www/pesantren-multi-client/vendor/laravel/framework/src/Illuminate/Database/Eloquent/Concerns/HasEvents.php(456): Illuminate/Database/Seeder->Illuminate/Database/{closure}()
#31 D:/ServBay/www/pesantren-multi-client/vendor/laravel/framework/src/Illuminate/Database/Console/Seeds/WithoutModelEvents.php(17): Illuminate/Database/Eloquent/Model::withoutEvents(Object(Closure))
#32 D:/ServBay/www/pesantren-multi-client/vendor/laravel/framework/src/Illuminate/Database/Seeder.php(191): Database/Seeders/DatabaseSeeder->Illuminate/Database/Console/Seeds/{closure}()
#33 D:/ServBay/www/pesantren-multi-client/vendor/laravel/framework/src/Illuminate/Database/Console/Seeds/SeedCommand.php(89): Illuminate/Database/Seeder->__invoke()
#34 D:/ServBay/www/pesantren-multi-client/vendor/laravel/framework/src/Illuminate/Database/Eloquent/Concerns/GuardsAttributes.php(188): Illuminate/Database/Console/Seeds/SeedCommand->Illuminate/Database/Console/Seeds/{closure}()
#35 D:/ServBay/www/pesantren-multi-client/vendor/laravel/framework/src/Illuminate/Database/Console/Seeds/SeedCommand.php(88): Illuminate/Database/Eloquent/Model::unguarded(Object(Closure))
#36 D:/ServBay/www/pesantren-multi-client/vendor/laravel/framework/src/Illuminate/Container/BoundMethod.php(36): Illuminate/Database/Console/Seeds/SeedCommand->handle()
#37 D:/ServBay/www/pesantren-multi-client/vendor/laravel/framework/src/Illuminate/Container/Util.php(43): Illuminate/Container/BoundMethod::Illuminate/Container/{closure}()
#38 D:/ServBay/www/pesantren-multi-client/vendor/laravel/framework/src/Illuminate/Container/BoundMethod.php(96): Illuminate/Container/Util::unwrapIfClosure(Object(Closure))
#39 D:/ServBay/www/pesantren-multi-client/vendor/laravel/framework/src/Illuminate/Container/BoundMethod.php(35): Illuminate/Container/BoundMethod::callBoundMethod(Object(Illuminate/Foundation/Application), Array, Object(Closure))
#40 D:/ServBay/www/pesantren-multi-client/vendor/laravel/framework/src/Illuminate/Container/Container.php(803): Illuminate/Container/BoundMethod::call(Object(Illuminate/Foundation/Application), Array, Array, NULL)
#41 D:/ServBay/www/pesantren-multi-client/vendor/laravel/framework/src/Illuminate/Console/Command.php(292): Illuminate/Container/Container->call(Array)
#42 D:/ServBay/www/pesantren-multi-client/vendor/symfony/console/Command/Command.php(341): Illuminate/Console/Command->execute(Object(Symfony/Component/Console/Input/ArrayInput), Object(Illuminate/Console/OutputStyle))
#43 D:/ServBay/www/pesantren-multi-client/vendor/laravel/framework/src/Illuminate/Console/Command.php(261): Symfony/Component/Console/Command/Command->run(Object(Symfony/Component/Console/Input/ArrayInput), Object(Illuminate/Console/OutputStyle))
#44 D:/ServBay/www/pesantren-multi-client/vendor/laravel/framework/src/Illuminate/Console/Concerns/CallsCommands.php(68): Illuminate/Console/Command->run(Object(Symfony/Component/Console/Input/ArrayInput), Object(Illuminate/Console/OutputStyle))
#45 D:/ServBay/www/pesantren-multi-client/vendor/laravel/framework/src/Illuminate/Console/Concerns/CallsCommands.php(29): Illuminate/Console/Command->runCommand('db:seed', Array, Object(Illuminate/Console/OutputStyle))
#46 D:/ServBay/www/pesantren-multi-client/vendor/laravel/framework/src/Illuminate/Database/Console/Migrations/FreshCommand.php(136): Illuminate/Console/Command->call('db:seed', Array)
#47 D:/ServBay/www/pesantren-multi-client/vendor/laravel/framework/src/Illuminate/Database/Console/Migrations/FreshCommand.php(112): Illuminate/Database/Console/Migrations/FreshCommand->runSeeder(NULL)
#48 D:/ServBay/www/pesantren-multi-client/vendor/laravel/framework/src/Illuminate/Container/BoundMethod.php(36): Illuminate/Database/Console/Migrations/FreshCommand->handle()
#49 D:/ServBay/www/pesantren-multi-client/vendor/laravel/framework/src/Illuminate/Container/Util.php(43): Illuminate/Container/BoundMethod::Illuminate/Container/{closure}()
#50 D:/ServBay/www/pesantren-multi-client/vendor/laravel/framework/src/Illuminate/Container/BoundMethod.php(96): Illuminate/Container/Util::unwrapIfClosure(Object(Closure))
#51 D:/ServBay/www/pesantren-multi-client/vendor/laravel/framework/src/Illuminate/Container/BoundMethod.php(35): Illuminate/Container/BoundMethod::callBoundMethod(Object(Illuminate/Foundation/Application), Array, Object(Closure))
#52 D:/ServBay/www/pesantren-multi-client/vendor/laravel/framework/src/Illuminate/Container/Container.php(803): Illuminate/Container/BoundMethod::call(Object(Illuminate/Foundation/Application), Array, Array, NULL)
#53 D:/ServBay/www/pesantren-multi-client/vendor/laravel/framework/src/Illuminate/Console/Command.php(292): Illuminate/Container/Container->call(Array)
#54 D:/ServBay/www/pesantren-multi-client/vendor/symfony/console/Command/Command.php(341): Illuminate/Console/Command->execute(Object(Symfony/Component/Console/Input/ArgvInput), Object(Illuminate/Console/OutputStyle))
#55 D:/ServBay/www/pesantren-multi-client/vendor/laravel/framework/src/Illuminate/Console/Command.php(261): Symfony/Component/Console/Command/Command->run(Object(Symfony/Component/Console/Input/ArgvInput), Object(Illuminate/Console/OutputStyle))
#56 D:/ServBay/www/pesantren-multi-client/vendor/symfony/console/Application.php(1117): Illuminate/Console/Command->run(Object(Symfony/Component/Console/Input/ArgvInput), Object(Symfony/Component/Console/Output/ConsoleOutput))
#57 D:/ServBay/www/pesantren-multi-client/vendor/symfony/console/Application.php(356): Symfony/Component/Console/Application->doRunCommand(Object(Illuminate/Database/Console/Migrations/FreshCommand), Object(Symfony/Component/Console/Input/ArgvInput), Object(Symfony/Component/Console/Output/ConsoleOutput))
#58 D:/ServBay/www/pesantren-multi-client/vendor/symfony/console/Application.php(195): Symfony/Component/Console/Application->doRun(Object(Symfony/Component/Console/Input/ArgvInput), Object(Symfony/Component/Console/Output/ConsoleOutput))
#59 D:/ServBay/www/pesantren-multi-client/vendor/laravel/framework/src/Illuminate/Foundation/Console/Kernel.php(198): Symfony/Component/Console/Application->run(Object(Symfony/Component/Console/Input/ArgvInput), Object(Symfony/Component/Console/Output/ConsoleOutput))
#60 D:/ServBay/www/pesantren-multi-client/vendor/laravel/framework/src/Illuminate/Foundation/Application.php(1242): Illuminate/Foundation/Console/Kernel->handle(Object(Symfony/Component/Console/Input/ArgvInput), Object(Symfony/Component/Console/Output/ConsoleOutput))
#61 D:/ServBay/www/pesantren-multi-client/artisan(16): Illuminate/Foundation/Application->handleCommand(Object(Symfony/Component/Console/Input/ArgvInput))
#62 {main}
"} 
[2026-09-28 16:39:18] local.ERROR: SQLSTATE[HY000]: General error: 1364 Field 'client_id' doesn't have a default value (Connection: mysql, Host: 127.0.0.1, Port: 3306, Database: pesantren, SQL: insert into `guardians` (`name`, `relation`, `phone`, `email`, `address`, `occupation`, `updated_at`, `created_at`) values (Prof. Addison Greenfelder, ibu, 080906576895, okeefe.stanley@example.org, 4399 Bradtke Orchard
Destineyburgh, IL 67589-5810, Director Of Social Media Marketing, 2026-09-28 16:39:18, 2026-09-28 16:39:18)) {"exception":"[object] (Illuminate\\Database\\QueryException(code: HY000): SQLSTATE[HY000]: General error: 1364 Field 'client_id' doesn't have a default value (Connection: mysql, Host: 127.0.0.1, Port: 3306, Database: pesantren, SQL: insert into `guardians` (`name`, `relation`, `phone`, `email`, `address`, `occupation`, `updated_at`, `created_at`) values (Prof. Addison Greenfelder, ibu, 080906576895, okeefe.stanley@example.org, 4399 Bradtke Orchard
Destineyburgh, IL 67589-5810, Director Of Social Media Marketing, 2026-09-28 16:39:18, 2026-09-28 16:39:18)) at D:/ServBay/www/pesantren-multi-client/vendor/laravel/framework/src/Illuminate/Database/Connection.php:857)
[stacktrace]
#0 D:/ServBay/www/pesantren-multi-client/vendor/laravel/framework/src/Illuminate/Database/Connection.php(813): Illuminate/Database/Connection->runQueryCallback('insert into `gu...', Array, Object(Closure))
#1 D:/ServBay/www/pesantren-multi-client/vendor/laravel/framework/src/Illuminate/Database/MySqlConnection.php(42): Illuminate/Database/Connection->run('insert into `gu...', Array, Object(Closure))
#2 D:/ServBay/www/pesantren-multi-client/vendor/laravel/framework/src/Illuminate/Database/Query/Processors/MySqlProcessor.php(35): Illuminate/Database/MySqlConnection->insert('insert into `gu...', Array, 'id')
#3 D:/ServBay/www/pesantren-multi-client/vendor/laravel/framework/src/Illuminate/Database/Query/Builder.php(4313): Illuminate/Database/Query/Processors/MySqlProcessor->processInsertGetId(Object(Illuminate/Database/Query/Builder), 'insert into `gu...', Array, 'id')
#4 D:/ServBay/www/pesantren-multi-client/vendor/laravel/framework/src/Illuminate/Database/Eloquent/Builder.php(2336): Illuminate/Database/Query/Builder->insertGetId(Array, 'id')
#5 D:/ServBay/www/pesantren-multi-client/vendor/laravel/framework/src/Illuminate/Database/Eloquent/Model.php(1691): Illuminate/Database/Eloquent/Builder->__call('insertGetId', Array)
#6 D:/ServBay/www/pesantren-multi-client/vendor/laravel/framework/src/Illuminate/Database/Eloquent/Model.php(1607): Illuminate/Database/Eloquent/Model->insertAndSetId(Object(Illuminate/Database/Eloquent/Builder), Array)
#7 D:/ServBay/www/pesantren-multi-client/vendor/laravel/framework/src/Illuminate/Database/Eloquent/Model.php(1411): Illuminate/Database/Eloquent/Model->performInsert(Object(Illuminate/Database/Eloquent/Builder))
#8 D:/ServBay/www/pesantren-multi-client/vendor/laravel/framework/src/Illuminate/Database/Eloquent/Factories/Factory.php(383): Illuminate/Database/Eloquent/Model->save()
#9 D:/ServBay/www/pesantren-multi-client/vendor/laravel/framework/src/Illuminate/Collections/Traits/EnumeratesValues.php(275): Illuminate/Database/Eloquent/Factories/Factory->Illuminate/Database/Eloquent/Factories/{closure}(Object(App/Models/Guardian), 0)
#10 D:/ServBay/www/pesantren-multi-client/vendor/laravel/framework/src/Illuminate/Database/Eloquent/Factories/Factory.php(378): Illuminate/Support/Collection->each(Object(Closure))
#11 D:/ServBay/www/pesantren-multi-client/vendor/laravel/framework/src/Illuminate/Database/Eloquent/Factories/Factory.php(338): Illuminate/Database/Eloquent/Factories/Factory->store(Object(Illuminate/Database/Eloquent/Collection))
#12 D:/ServBay/www/pesantren-multi-client/database/seeders/DemoClientSeeder.php(156): Illuminate/Database/Eloquent/Factories/Factory->create()
#13 D:/ServBay/www/pesantren-multi-client/vendor/laravel/framework/src/Illuminate/Container/BoundMethod.php(36): Database/Seeders/DemoClientSeeder->run()
#14 D:/ServBay/www/pesantren-multi-client/vendor/laravel/framework/src/Illuminate/Container/Util.php(43): Illuminate/Container/BoundMethod::Illuminate/Container/{closure}()
#15 D:/ServBay/www/pesantren-multi-client/vendor/laravel/framework/src/Illuminate/Container/BoundMethod.php(96): Illuminate/Container/Util::unwrapIfClosure(Object(Closure))
#16 D:/ServBay/www/pesantren-multi-client/vendor/laravel/framework/src/Illuminate/Container/BoundMethod.php(35): Illuminate/Container/BoundMethod::callBoundMethod(Object(Illuminate/Foundation/Application), Array, Object(Closure))
#17 D:/ServBay/www/pesantren-multi-client/vendor/laravel/framework/src/Illuminate/Container/Container.php(803): Illuminate/Container/BoundMethod::call(Object(Illuminate/Foundation/Application), Array, Array, NULL)
#18 D:/ServBay/www/pesantren-multi-client/vendor/laravel/framework/src/Illuminate/Database/Seeder.php(184): Illuminate/Container/Container->call(Array, Array)
#19 D:/ServBay/www/pesantren-multi-client/vendor/laravel/framework/src/Illuminate/Database/Seeder.php(191): Illuminate/Database/Seeder->Illuminate/Database/{closure}()
#20 D:/ServBay/www/pesantren-multi-client/vendor/laravel/framework/src/Illuminate/Database/Seeder.php(59): Illuminate/Database/Seeder->__invoke(Array)
#21 D:/ServBay/www/pesantren-multi-client/database/seeders/DatabaseSeeder.php(18): Illuminate/Database/Seeder->call('Database//Seeder...')
#22 D:/ServBay/www/pesantren-multi-client/vendor/laravel/framework/src/Illuminate/Container/BoundMethod.php(36): Database/Seeders/DatabaseSeeder->run()
#23 D:/ServBay/www/pesantren-multi-client/vendor/laravel/framework/src/Illuminate/Container/Util.php(43): Illuminate/Container/BoundMethod::Illuminate/Container/{closure}()
#24 D:/ServBay/www/pesantren-multi-client/vendor/laravel/framework/src/Illuminate/Container/BoundMethod.php(96): Illuminate/Container/Util::unwrapIfClosure(Object(Closure))
#25 D:/ServBay/www/pesantren-multi-client/vendor/laravel/framework/src/Illuminate/Container/BoundMethod.php(35): Illuminate/Container/BoundMethod::callBoundMethod(Object(Illuminate/Foundation/Application), Array, Object(Closure))
#26 D:/ServBay/www/pesantren-multi-client/vendor/laravel/framework/src/Illuminate/Container/Container.php(803): Illuminate/Container/BoundMethod::call(Object(Illuminate/Foundation/Application), Array, Array, NULL)
#27 D:/ServBay/www/pesantren-multi-client/vendor/laravel/framework/src/Illuminate/Database/Seeder.php(184): Illuminate/Container/Container->call(Array, Array)
#28 D:/ServBay/www/pesantren-multi-client/vendor/laravel/framework/src/Illuminate/Database/Eloquent/Concerns/HasEvents.php(456): Illuminate/Database/Seeder->Illuminate/Database/{closure}()
#29 D:/ServBay/www/pesantren-multi-client/vendor/laravel/framework/src/Illuminate/Database/Console/Seeds/WithoutModelEvents.php(17): Illuminate/Database/Eloquent/Model::withoutEvents(Object(Closure))
#30 D:/ServBay/www/pesantren-multi-client/vendor/laravel/framework/src/Illuminate/Database/Seeder.php(191): Database/Seeders/DatabaseSeeder->Illuminate/Database/Console/Seeds/{closure}()
#31 D:/ServBay/www/pesantren-multi-client/vendor/laravel/framework/src/Illuminate/Database/Console/Seeds/SeedCommand.php(89): Illuminate/Database/Seeder->__invoke()
#32 D:/ServBay/www/pesantren-multi-client/vendor/laravel/framework/src/Illuminate/Database/Eloquent/Concerns/GuardsAttributes.php(188): Illuminate/Database/Console/Seeds/SeedCommand->Illuminate/Database/Console/Seeds/{closure}()
#33 D:/ServBay/www/pesantren-multi-client/vendor/laravel/framework/src/Illuminate/Database/Console/Seeds/SeedCommand.php(88): Illuminate/Database/Eloquent/Model::unguarded(Object(Closure))
#34 D:/ServBay/www/pesantren-multi-client/vendor/laravel/framework/src/Illuminate/Container/BoundMethod.php(36): Illuminate/Database/Console/Seeds/SeedCommand->handle()
#35 D:/ServBay/www/pesantren-multi-client/vendor/laravel/framework/src/Illuminate/Container/Util.php(43): Illuminate/Container/BoundMethod::Illuminate/Container/{closure}()
#36 D:/ServBay/www/pesantren-multi-client/vendor/laravel/framework/src/Illuminate/Container/BoundMethod.php(96): Illuminate/Container/Util::unwrapIfClosure(Object(Closure))
#37 D:/ServBay/www/pesantren-multi-client/vendor/laravel/framework/src/Illuminate/Container/BoundMethod.php(35): Illuminate/Container/BoundMethod::callBoundMethod(Object(Illuminate/Foundation/Application), Array, Object(Closure))
#38 D:/ServBay/www/pesantren-multi-client/vendor/laravel/framework/src/Illuminate/Container/Container.php(803): Illuminate/Container/BoundMethod::call(Object(Illuminate/Foundation/Application), Array, Array, NULL)
#39 D:/ServBay/www/pesantren-multi-client/vendor/laravel/framework/src/Illuminate/Console/Command.php(292): Illuminate/Container/Container->call(Array)
#40 D:/ServBay/www/pesantren-multi-client/vendor/symfony/console/Command/Command.php(341): Illuminate/Console/Command->execute(Object(Symfony/Component/Console/Input/ArrayInput), Object(Illuminate/Console/OutputStyle))
#41 D:/ServBay/www/pesantren-multi-client/vendor/laravel/framework/src/Illuminate/Console/Command.php(261): Symfony/Component/Console/Command/Command->run(Object(Symfony/Component/Console/Input/ArrayInput), Object(Illuminate/Console/OutputStyle))
#42 D:/ServBay/www/pesantren-multi-client/vendor/laravel/framework/src/Illuminate/Console/Concerns/CallsCommands.php(68): Illuminate/Console/Command->run(Object(Symfony/Component/Console/Input/ArrayInput), Object(Illuminate/Console/OutputStyle))
#43 D:/ServBay/www/pesantren-multi-client/vendor/laravel/framework/src/Illuminate/Console/Concerns/CallsCommands.php(29): Illuminate/Console/Command->runCommand('db:seed', Array, Object(Illuminate/Console/OutputStyle))
#44 D:/ServBay/www/pesantren-multi-client/vendor/laravel/framework/src/Illuminate/Database/Console/Migrations/FreshCommand.php(136): Illuminate/Console/Command->call('db:seed', Array)
#45 D:/ServBay/www/pesantren-multi-client/vendor/laravel/framework/src/Illuminate/Database/Console/Migrations/FreshCommand.php(112): Illuminate/Database/Console/Migrations/FreshCommand->runSeeder(NULL)
#46 D:/ServBay/www/pesantren-multi-client/vendor/laravel/framework/src/Illuminate/Container/BoundMethod.php(36): Illuminate/Database/Console/Migrations/FreshCommand->handle()
#47 D:/ServBay/www/pesantren-multi-client/vendor/laravel/framework/src/Illuminate/Container/Util.php(43): Illuminate/Container/BoundMethod::Illuminate/Container/{closure}()
#48 D:/ServBay/www/pesantren-multi-client/vendor/laravel/framework/src/Illuminate/Container/BoundMethod.php(96): Illuminate/Container/Util::unwrapIfClosure(Object(Closure))
#49 D:/ServBay/www/pesantren-multi-client/vendor/laravel/framework/src/Illuminate/Container/BoundMethod.php(35): Illuminate/Container/BoundMethod::callBoundMethod(Object(Illuminate/Foundation/Application), Array, Object(Closure))
#50 D:/ServBay/www/pesantren-multi-client/vendor/laravel/framework/src/Illuminate/Container/Container.php(803): Illuminate/Container/BoundMethod::call(Object(Illuminate/Foundation/Application), Array, Array, NULL)
#51 D:/ServBay/www/pesantren-multi-client/vendor/laravel/framework/src/Illuminate/Console/Command.php(292): Illuminate/Container/Container->call(Array)
#52 D:/ServBay/www/pesantren-multi-client/vendor/symfony/console/Command/Command.php(341): Illuminate/Console/Command->execute(Object(Symfony/Component/Console/Input/ArgvInput), Object(Illuminate/Console/OutputStyle))
#53 D:/ServBay/www/pesantren-multi-client/vendor/laravel/framework/src/Illuminate/Console/Command.php(261): Symfony/Component/Console/Command/Command->run(Object(Symfony/Component/Console/Input/ArgvInput), Object(Illuminate/Console/OutputStyle))
#54 D:/ServBay/www/pesantren-multi-client/vendor/symfony/console/Application.php(1117): Illuminate/Console/Command->run(Object(Symfony/Component/Console/Input/ArgvInput), Object(Symfony/Component/Console/Output/ConsoleOutput))
#55 D:/ServBay/www/pesantren-multi-client/vendor/symfony/console/Application.php(356): Symfony/Component/Console/Application->doRunCommand(Object(Illuminate/Database/Console/Migrations/FreshCommand), Object(Symfony/Component/Console/Input/ArgvInput), Object(Symfony/Component/Console/Output/ConsoleOutput))
#56 D:/ServBay/www/pesantren-multi-client/vendor/symfony/console/Application.php(195): Symfony/Component/Console/Application->doRun(Object(Symfony/Component/Console/Input/ArgvInput), Object(Symfony/Component/Console/Output/ConsoleOutput))
#57 D:/ServBay/www/pesantren-multi-client/vendor/laravel/framework/src/Illuminate/Foundation/Console/Kernel.php(198): Symfony/Component/Console/Application->run(Object(Symfony/Component/Console/Input/ArgvInput), Object(Symfony/Component/Console/Output/ConsoleOutput))
#58 D:/ServBay/www/pesantren-multi-client/vendor/laravel/framework/src/Illuminate/Foundation/Application.php(1242): Illuminate/Foundation/Console/Kernel->handle(Object(Symfony/Component/Console/Input/ArgvInput), Object(Symfony/Component/Console/Output/ConsoleOutput))
#59 D:/ServBay/www/pesantren-multi-client/artisan(16): Illuminate/Foundation/Application->handleCommand(Object(Symfony/Component/Console/Input/ArgvInput))
#60 {main}

[previous exception] [object] (PDOException(code: HY000): SQLSTATE[HY000]: General error: 1364 Field 'client_id' doesn't have a default value at D:/ServBay/www/pesantren-multi-client/vendor/laravel/framework/src/Illuminate/Database/MySqlConnection.php:53)
[stacktrace]
#0 D:/ServBay/www/pesantren-multi-client/vendor/laravel/framework/src/Illuminate/Database/MySqlConnection.php(53): PDOStatement->execute()
#1 D:/ServBay/www/pesantren-multi-client/vendor/laravel/framework/src/Illuminate/Database/Connection.php(846): Illuminate/Database/MySqlConnection->Illuminate/Database/{closure}('insert into `gu...', Array)
#2 D:/ServBay/www/pesantren-multi-client/vendor/laravel/framework/src/Illuminate/Database/Connection.php(813): Illuminate/Database/Connection->runQueryCallback('insert into `gu...', Array, Object(Closure))
#3 D:/ServBay/www/pesantren-multi-client/vendor/laravel/framework/src/Illuminate/Database/MySqlConnection.php(42): Illuminate/Database/Connection->run('insert into `gu...', Array, Object(Closure))
#4 D:/ServBay/www/pesantren-multi-client/vendor/laravel/framework/src/Illuminate/Database/Query/Processors/MySqlProcessor.php(35): Illuminate/Database/MySqlConnection->insert('insert into `gu...', Array, 'id')
#5 D:/ServBay/www/pesantren-multi-client/vendor/laravel/framework/src/Illuminate/Database/Query/Builder.php(4313): Illuminate/Database/Query/Processors/MySqlProcessor->processInsertGetId(Object(Illuminate/Database/Query/Builder), 'insert into `gu...', Array, 'id')
#6 D:/ServBay/www/pesantren-multi-client/vendor/laravel/framework/src/Illuminate/Database/Eloquent/Builder.php(2336): Illuminate/Database/Query/Builder->insertGetId(Array, 'id')
#7 D:/ServBay/www/pesantren-multi-client/vendor/laravel/framework/src/Illuminate/Database/Eloquent/Model.php(1691): Illuminate/Database/Eloquent/Builder->__call('insertGetId', Array)
#8 D:/ServBay/www/pesantren-multi-client/vendor/laravel/framework/src/Illuminate/Database/Eloquent/Model.php(1607): Illuminate/Database/Eloquent/Model->insertAndSetId(Object(Illuminate/Database/Eloquent/Builder), Array)
#9 D:/ServBay/www/pesantren-multi-client/vendor/laravel/framework/src/Illuminate/Database/Eloquent/Model.php(1411): Illuminate/Database/Eloquent/Model->performInsert(Object(Illuminate/Database/Eloquent/Builder))
#10 D:/ServBay/www/pesantren-multi-client/vendor/laravel/framework/src/Illuminate/Database/Eloquent/Factories/Factory.php(383): Illuminate/Database/Eloquent/Model->save()
#11 D:/ServBay/www/pesantren-multi-client/vendor/laravel/framework/src/Illuminate/Collections/Traits/EnumeratesValues.php(275): Illuminate/Database/Eloquent/Factories/Factory->Illuminate/Database/Eloquent/Factories/{closure}(Object(App/Models/Guardian), 0)
#12 D:/ServBay/www/pesantren-multi-client/vendor/laravel/framework/src/Illuminate/Database/Eloquent/Factories/Factory.php(378): Illuminate/Support/Collection->each(Object(Closure))
#13 D:/ServBay/www/pesantren-multi-client/vendor/laravel/framework/src/Illuminate/Database/Eloquent/Factories/Factory.php(338): Illuminate/Database/Eloquent/Factories/Factory->store(Object(Illuminate/Database/Eloquent/Collection))
#14 D:/ServBay/www/pesantren-multi-client/database/seeders/DemoClientSeeder.php(156): Illuminate/Database/Eloquent/Factories/Factory->create()
#15 D:/ServBay/www/pesantren-multi-client/vendor/laravel/framework/src/Illuminate/Container/BoundMethod.php(36): Database/Seeders/DemoClientSeeder->run()
#16 D:/ServBay/www/pesantren-multi-client/vendor/laravel/framework/src/Illuminate/Container/Util.php(43): Illuminate/Container/BoundMethod::Illuminate/Container/{closure}()
#17 D:/ServBay/www/pesantren-multi-client/vendor/laravel/framework/src/Illuminate/Container/BoundMethod.php(96): Illuminate/Container/Util::unwrapIfClosure(Object(Closure))
#18 D:/ServBay/www/pesantren-multi-client/vendor/laravel/framework/src/Illuminate/Container/BoundMethod.php(35): Illuminate/Container/BoundMethod::callBoundMethod(Object(Illuminate/Foundation/Application), Array, Object(Closure))
#19 D:/ServBay/www/pesantren-multi-client/vendor/laravel/framework/src/Illuminate/Container/Container.php(803): Illuminate/Container/BoundMethod::call(Object(Illuminate/Foundation/Application), Array, Array, NULL)
#20 D:/ServBay/www/pesantren-multi-client/vendor/laravel/framework/src/Illuminate/Database/Seeder.php(184): Illuminate/Container/Container->call(Array, Array)
#21 D:/ServBay/www/pesantren-multi-client/vendor/laravel/framework/src/Illuminate/Database/Seeder.php(191): Illuminate/Database/Seeder->Illuminate/Database/{closure}()
#22 D:/ServBay/www/pesantren-multi-client/vendor/laravel/framework/src/Illuminate/Database/Seeder.php(59): Illuminate/Database/Seeder->__invoke(Array)
#23 D:/ServBay/www/pesantren-multi-client/database/seeders/DatabaseSeeder.php(18): Illuminate/Database/Seeder->call('Database//Seeder...')
#24 D:/ServBay/www/pesantren-multi-client/vendor/laravel/framework/src/Illuminate/Container/BoundMethod.php(36): Database/Seeders/DatabaseSeeder->run()
#25 D:/ServBay/www/pesantren-multi-client/vendor/laravel/framework/src/Illuminate/Container/Util.php(43): Illuminate/Container/BoundMethod::Illuminate/Container/{closure}()
#26 D:/ServBay/www/pesantren-multi-client/vendor/laravel/framework/src/Illuminate/Container/BoundMethod.php(96): Illuminate/Container/Util::unwrapIfClosure(Object(Closure))
#27 D:/ServBay/www/pesantren-multi-client/vendor/laravel/framework/src/Illuminate/Container/BoundMethod.php(35): Illuminate/Container/BoundMethod::callBoundMethod(Object(Illuminate/Foundation/Application), Array, Object(Closure))
#28 D:/ServBay/www/pesantren-multi-client/vendor/laravel/framework/src/Illuminate/Container/Container.php(803): Illuminate/Container/BoundMethod::call(Object(Illuminate/Foundation/Application), Array, Array, NULL)
#29 D:/ServBay/www/pesantren-multi-client/vendor/laravel/framework/src/Illuminate/Database/Seeder.php(184): Illuminate/Container/Container->call(Array, Array)
#30 D:/ServBay/www/pesantren-multi-client/vendor/laravel/framework/src/Illuminate/Database/Eloquent/Concerns/HasEvents.php(456): Illuminate/Database/Seeder->Illuminate/Database/{closure}()
#31 D:/ServBay/www/pesantren-multi-client/vendor/laravel/framework/src/Illuminate/Database/Console/Seeds/WithoutModelEvents.php(17): Illuminate/Database/Eloquent/Model::withoutEvents(Object(Closure))
#32 D:/ServBay/www/pesantren-multi-client/vendor/laravel/framework/src/Illuminate/Database/Seeder.php(191): Database/Seeders/DatabaseSeeder->Illuminate/Database/Console/Seeds/{closure}()
#33 D:/ServBay/www/pesantren-multi-client/vendor/laravel/framework/src/Illuminate/Database/Console/Seeds/SeedCommand.php(89): Illuminate/Database/Seeder->__invoke()
#34 D:/ServBay/www/pesantren-multi-client/vendor/laravel/framework/src/Illuminate/Database/Eloquent/Concerns/GuardsAttributes.php(188): Illuminate/Database/Console/Seeds/SeedCommand->Illuminate/Database/Console/Seeds/{closure}()
#35 D:/ServBay/www/pesantren-multi-client/vendor/laravel/framework/src/Illuminate/Database/Console/Seeds/SeedCommand.php(88): Illuminate/Database/Eloquent/Model::unguarded(Object(Closure))
#36 D:/ServBay/www/pesantren-multi-client/vendor/laravel/framework/src/Illuminate/Container/BoundMethod.php(36): Illuminate/Database/Console/Seeds/SeedCommand->handle()
#37 D:/ServBay/www/pesantren-multi-client/vendor/laravel/framework/src/Illuminate/Container/Util.php(43): Illuminate/Container/BoundMethod::Illuminate/Container/{closure}()
#38 D:/ServBay/www/pesantren-multi-client/vendor/laravel/framework/src/Illuminate/Container/BoundMethod.php(96): Illuminate/Container/Util::unwrapIfClosure(Object(Closure))
#39 D:/ServBay/www/pesantren-multi-client/vendor/laravel/framework/src/Illuminate/Container/BoundMethod.php(35): Illuminate/Container/BoundMethod::callBoundMethod(Object(Illuminate/Foundation/Application), Array, Object(Closure))
#40 D:/ServBay/www/pesantren-multi-client/vendor/laravel/framework/src/Illuminate/Container/Container.php(803): Illuminate/Container/BoundMethod::call(Object(Illuminate/Foundation/Application), Array, Array, NULL)
#41 D:/ServBay/www/pesantren-multi-client/vendor/laravel/framework/src/Illuminate/Console/Command.php(292): Illuminate/Container/Container->call(Array)
#42 D:/ServBay/www/pesantren-multi-client/vendor/symfony/console/Command/Command.php(341): Illuminate/Console/Command->execute(Object(Symfony/Component/Console/Input/ArrayInput), Object(Illuminate/Console/OutputStyle))
#43 D:/ServBay/www/pesantren-multi-client/vendor/laravel/framework/src/Illuminate/Console/Command.php(261): Symfony/Component/Console/Command/Command->run(Object(Symfony/Component/Console/Input/ArrayInput), Object(Illuminate/Console/OutputStyle))
#44 D:/ServBay/www/pesantren-multi-client/vendor/laravel/framework/src/Illuminate/Console/Concerns/CallsCommands.php(68): Illuminate/Console/Command->run(Object(Symfony/Component/Console/Input/ArrayInput), Object(Illuminate/Console/OutputStyle))
#45 D:/ServBay/www/pesantren-multi-client/vendor/laravel/framework/src/Illuminate/Console/Concerns/CallsCommands.php(29): Illuminate/Console/Command->runCommand('db:seed', Array, Object(Illuminate/Console/OutputStyle))
#46 D:/ServBay/www/pesantren-multi-client/vendor/laravel/framework/src/Illuminate/Database/Console/Migrations/FreshCommand.php(136): Illuminate/Console/Command->call('db:seed', Array)
#47 D:/ServBay/www/pesantren-multi-client/vendor/laravel/framework/src/Illuminate/Database/Console/Migrations/FreshCommand.php(112): Illuminate/Database/Console/Migrations/FreshCommand->runSeeder(NULL)
#48 D:/ServBay/www/pesantren-multi-client/vendor/laravel/framework/src/Illuminate/Container/BoundMethod.php(36): Illuminate/Database/Console/Migrations/FreshCommand->handle()
#49 D:/ServBay/www/pesantren-multi-client/vendor/laravel/framework/src/Illuminate/Container/Util.php(43): Illuminate/Container/BoundMethod::Illuminate/Container/{closure}()
#50 D:/ServBay/www/pesantren-multi-client/vendor/laravel/framework/src/Illuminate/Container/BoundMethod.php(96): Illuminate/Container/Util::unwrapIfClosure(Object(Closure))
#51 D:/ServBay/www/pesantren-multi-client/vendor/laravel/framework/src/Illuminate/Container/BoundMethod.php(35): Illuminate/Container/BoundMethod::callBoundMethod(Object(Illuminate/Foundation/Application), Array, Object(Closure))
#52 D:/ServBay/www/pesantren-multi-client/vendor/laravel/framework/src/Illuminate/Container/Container.php(803): Illuminate/Container/BoundMethod::call(Object(Illuminate/Foundation/Application), Array, Array, NULL)
#53 D:/ServBay/www/pesantren-multi-client/vendor/laravel/framework/src/Illuminate/Console/Command.php(292): Illuminate/Container/Container->call(Array)
#54 D:/ServBay/www/pesantren-multi-client/vendor/symfony/console/Command/Command.php(341): Illuminate/Console/Command->execute(Object(Symfony/Component/Console/Input/ArgvInput), Object(Illuminate/Console/OutputStyle))
#55 D:/ServBay/www/pesantren-multi-client/vendor/laravel/framework/src/Illuminate/Console/Command.php(261): Symfony/Component/Console/Command/Command->run(Object(Symfony/Component/Console/Input/ArgvInput), Object(Illuminate/Console/OutputStyle))
#56 D:/ServBay/www/pesantren-multi-client/vendor/symfony/console/Application.php(1117): Illuminate/Console/Command->run(Object(Symfony/Component/Console/Input/ArgvInput), Object(Symfony/Component/Console/Output/ConsoleOutput))
#57 D:/ServBay/www/pesantren-multi-client/vendor/symfony/console/Application.php(356): Symfony/Component/Console/Application->doRunCommand(Object(Illuminate/Database/Console/Migrations/FreshCommand), Object(Symfony/Component/Console/Input/ArgvInput), Object(Symfony/Component/Console/Output/ConsoleOutput))
#58 D:/ServBay/www/pesantren-multi-client/vendor/symfony/console/Application.php(195): Symfony/Component/Console/Application->doRun(Object(Symfony/Component/Console/Input/ArgvInput), Object(Symfony/Component/Console/Output/ConsoleOutput))
#59 D:/ServBay/www/pesantren-multi-client/vendor/laravel/framework/src/Illuminate/Foundation/Console/Kernel.php(198): Symfony/Component/Console/Application->run(Object(Symfony/Component/Console/Input/ArgvInput), Object(Symfony/Component/Console/Output/ConsoleOutput))
#60 D:/ServBay/www/pesantren-multi-client/vendor/laravel/framework/src/Illuminate/Foundation/Application.php(1242): Illuminate/Foundation/Console/Kernel->handle(Object(Symfony/Component/Console/Input/ArgvInput), Object(Symfony/Component/Console/Output/ConsoleOutput))
#61 D:/ServBay/www/pesantren-multi-client/artisan(16): Illuminate/Foundation/Application->handleCommand(Object(Symfony/Component/Console/Input/ArgvInput))
#62 {main}
"} 
[2026-09-28 16:45:46] local.ERROR: SQLSTATE[HY000]: General error: 1364 Field 'client_id' doesn't have a default value (Connection: mysql, Host: 127.0.0.1, Port: 3306, Database: pesantren, SQL: insert into `classes` (`name`, `academic_year`, `level`, `homeroom_teacher_id`, `updated_at`, `created_at`) values (Ula 1A, 2025/2026, Ula, 4, 2026-09-28 16:45:46, 2026-09-28 16:45:46)) {"exception":"[object] (Illuminate\\Database\\QueryException(code: HY000): SQLSTATE[HY000]: General error: 1364 Field 'client_id' doesn't have a default value (Connection: mysql, Host: 127.0.0.1, Port: 3306, Database: pesantren, SQL: insert into `classes` (`name`, `academic_year`, `level`, `homeroom_teacher_id`, `updated_at`, `created_at`) values (Ula 1A, 2025/2026, Ula, 4, 2026-09-28 16:45:46, 2026-09-28 16:45:46)) at D:/ServBay/www/pesantren-multi-client/vendor/laravel/framework/src/Illuminate/Database/Connection.php:857)
[stacktrace]
#0 D:/ServBay/www/pesantren-multi-client/vendor/laravel/framework/src/Illuminate/Database/Connection.php(813): Illuminate/Database/Connection->runQueryCallback('insert into `cl...', Array, Object(Closure))
#1 D:/ServBay/www/pesantren-multi-client/vendor/laravel/framework/src/Illuminate/Database/MySqlConnection.php(42): Illuminate/Database/Connection->run('insert into `cl...', Array, Object(Closure))
#2 D:/ServBay/www/pesantren-multi-client/vendor/laravel/framework/src/Illuminate/Database/Query/Processors/MySqlProcessor.php(35): Illuminate/Database/MySqlConnection->insert('insert into `cl...', Array, 'id')
#3 D:/ServBay/www/pesantren-multi-client/vendor/laravel/framework/src/Illuminate/Database/Query/Builder.php(4313): Illuminate/Database/Query/Processors/MySqlProcessor->processInsertGetId(Object(Illuminate/Database/Query/Builder), 'insert into `cl...', Array, 'id')
#4 D:/ServBay/www/pesantren-multi-client/vendor/laravel/framework/src/Illuminate/Database/Eloquent/Builder.php(2336): Illuminate/Database/Query/Builder->insertGetId(Array, 'id')
#5 D:/ServBay/www/pesantren-multi-client/vendor/laravel/framework/src/Illuminate/Database/Eloquent/Model.php(1691): Illuminate/Database/Eloquent/Builder->__call('insertGetId', Array)
#6 D:/ServBay/www/pesantren-multi-client/vendor/laravel/framework/src/Illuminate/Database/Eloquent/Model.php(1607): Illuminate/Database/Eloquent/Model->insertAndSetId(Object(Illuminate/Database/Eloquent/Builder), Array)
#7 D:/ServBay/www/pesantren-multi-client/vendor/laravel/framework/src/Illuminate/Database/Eloquent/Model.php(1411): Illuminate/Database/Eloquent/Model->performInsert(Object(Illuminate/Database/Eloquent/Builder))
#8 D:/ServBay/www/pesantren-multi-client/vendor/laravel/framework/src/Illuminate/Database/Eloquent/Builder.php(1258): Illuminate/Database/Eloquent/Model->save()
#9 D:/ServBay/www/pesantren-multi-client/vendor/laravel/framework/src/Illuminate/Support/helpers.php(393): Illuminate/Database/Eloquent/Builder->Illuminate/Database/Eloquent/{closure}(Object(App/Models/SchoolClass))
#10 D:/ServBay/www/pesantren-multi-client/vendor/laravel/framework/src/Illuminate/Database/Eloquent/Builder.php(1257): tap(Object(App/Models/SchoolClass), Object(Closure))
#11 D:/ServBay/www/pesantren-multi-client/vendor/laravel/framework/src/Illuminate/Support/Traits/ForwardsCalls.php(23): Illuminate/Database/Eloquent/Builder->create(Array)
#12 D:/ServBay/www/pesantren-multi-client/vendor/laravel/framework/src/Illuminate/Database/Eloquent/Model.php(2870): Illuminate/Database/Eloquent/Model->forwardCallTo(Object(Illuminate/Database/Eloquent/Builder), 'create', Array)
#13 D:/ServBay/www/pesantren-multi-client/vendor/laravel/framework/src/Illuminate/Database/Eloquent/Model.php(2886): Illuminate/Database/Eloquent/Model->__call('create', Array)
#14 D:/ServBay/www/pesantren-multi-client/database/seeders/DemoClientSeeder.php(168): Illuminate/Database/Eloquent/Model::__callStatic('create', Array)
#15 D:/ServBay/www/pesantren-multi-client/vendor/laravel/framework/src/Illuminate/Container/BoundMethod.php(36): Database/Seeders/DemoClientSeeder->run()
#16 D:/ServBay/www/pesantren-multi-client/vendor/laravel/framework/src/Illuminate/Container/Util.php(43): Illuminate/Container/BoundMethod::Illuminate/Container/{closure}()
#17 D:/ServBay/www/pesantren-multi-client/vendor/laravel/framework/src/Illuminate/Container/BoundMethod.php(96): Illuminate/Container/Util::unwrapIfClosure(Object(Closure))
#18 D:/ServBay/www/pesantren-multi-client/vendor/laravel/framework/src/Illuminate/Container/BoundMethod.php(35): Illuminate/Container/BoundMethod::callBoundMethod(Object(Illuminate/Foundation/Application), Array, Object(Closure))
#19 D:/ServBay/www/pesantren-multi-client/vendor/laravel/framework/src/Illuminate/Container/Container.php(803): Illuminate/Container/BoundMethod::call(Object(Illuminate/Foundation/Application), Array, Array, NULL)
#20 D:/ServBay/www/pesantren-multi-client/vendor/laravel/framework/src/Illuminate/Database/Seeder.php(184): Illuminate/Container/Container->call(Array, Array)
#21 D:/ServBay/www/pesantren-multi-client/vendor/laravel/framework/src/Illuminate/Database/Seeder.php(191): Illuminate/Database/Seeder->Illuminate/Database/{closure}()
#22 D:/ServBay/www/pesantren-multi-client/vendor/laravel/framework/src/Illuminate/Database/Seeder.php(59): Illuminate/Database/Seeder->__invoke(Array)
#23 D:/ServBay/www/pesantren-multi-client/database/seeders/DatabaseSeeder.php(18): Illuminate/Database/Seeder->call('Database//Seeder...')
#24 D:/ServBay/www/pesantren-multi-client/vendor/laravel/framework/src/Illuminate/Container/BoundMethod.php(36): Database/Seeders/DatabaseSeeder->run()
#25 D:/ServBay/www/pesantren-multi-client/vendor/laravel/framework/src/Illuminate/Container/Util.php(43): Illuminate/Container/BoundMethod::Illuminate/Container/{closure}()
#26 D:/ServBay/www/pesantren-multi-client/vendor/laravel/framework/src/Illuminate/Container/BoundMethod.php(96): Illuminate/Container/Util::unwrapIfClosure(Object(Closure))
#27 D:/ServBay/www/pesantren-multi-client/vendor/laravel/framework/src/Illuminate/Container/BoundMethod.php(35): Illuminate/Container/BoundMethod::callBoundMethod(Object(Illuminate/Foundation/Application), Array, Object(Closure))
#28 D:/ServBay/www/pesantren-multi-client/vendor/laravel/framework/src/Illuminate/Container/Container.php(803): Illuminate/Container/BoundMethod::call(Object(Illuminate/Foundation/Application), Array, Array, NULL)
#29 D:/ServBay/www/pesantren-multi-client/vendor/laravel/framework/src/Illuminate/Database/Seeder.php(184): Illuminate/Container/Container->call(Array, Array)
#30 D:/ServBay/www/pesantren-multi-client/vendor/laravel/framework/src/Illuminate/Database/Eloquent/Concerns/HasEvents.php(456): Illuminate/Database/Seeder->Illuminate/Database/{closure}()
#31 D:/ServBay/www/pesantren-multi-client/vendor/laravel/framework/src/Illuminate/Database/Console/Seeds/WithoutModelEvents.php(17): Illuminate/Database/Eloquent/Model::withoutEvents(Object(Closure))
#32 D:/ServBay/www/pesantren-multi-client/vendor/laravel/framework/src/Illuminate/Database/Seeder.php(191): Database/Seeders/DatabaseSeeder->Illuminate/Database/Console/Seeds/{closure}()
#33 D:/ServBay/www/pesantren-multi-client/vendor/laravel/framework/src/Illuminate/Database/Console/Seeds/SeedCommand.php(89): Illuminate/Database/Seeder->__invoke()
#34 D:/ServBay/www/pesantren-multi-client/vendor/laravel/framework/src/Illuminate/Database/Eloquent/Concerns/GuardsAttributes.php(188): Illuminate/Database/Console/Seeds/SeedCommand->Illuminate/Database/Console/Seeds/{closure}()
#35 D:/ServBay/www/pesantren-multi-client/vendor/laravel/framework/src/Illuminate/Database/Console/Seeds/SeedCommand.php(88): Illuminate/Database/Eloquent/Model::unguarded(Object(Closure))
#36 D:/ServBay/www/pesantren-multi-client/vendor/laravel/framework/src/Illuminate/Container/BoundMethod.php(36): Illuminate/Database/Console/Seeds/SeedCommand->handle()
#37 D:/ServBay/www/pesantren-multi-client/vendor/laravel/framework/src/Illuminate/Container/Util.php(43): Illuminate/Container/BoundMethod::Illuminate/Container/{closure}()
#38 D:/ServBay/www/pesantren-multi-client/vendor/laravel/framework/src/Illuminate/Container/BoundMethod.php(96): Illuminate/Container/Util::unwrapIfClosure(Object(Closure))
#39 D:/ServBay/www/pesantren-multi-client/vendor/laravel/framework/src/Illuminate/Container/BoundMethod.php(35): Illuminate/Container/BoundMethod::callBoundMethod(Object(Illuminate/Foundation/Application), Array, Object(Closure))
#40 D:/ServBay/www/pesantren-multi-client/vendor/laravel/framework/src/Illuminate/Container/Container.php(803): Illuminate/Container/BoundMethod::call(Object(Illuminate/Foundation/Application), Array, Array, NULL)
#41 D:/ServBay/www/pesantren-multi-client/vendor/laravel/framework/src/Illuminate/Console/Command.php(292): Illuminate/Container/Container->call(Array)
#42 D:/ServBay/www/pesantren-multi-client/vendor/symfony/console/Command/Command.php(341): Illuminate/Console/Command->execute(Object(Symfony/Component/Console/Input/ArrayInput), Object(Illuminate/Console/OutputStyle))
#43 D:/ServBay/www/pesantren-multi-client/vendor/laravel/framework/src/Illuminate/Console/Command.php(261): Symfony/Component/Console/Command/Command->run(Object(Symfony/Component/Console/Input/ArrayInput), Object(Illuminate/Console/OutputStyle))
#44 D:/ServBay/www/pesantren-multi-client/vendor/laravel/framework/src/Illuminate/Console/Concerns/CallsCommands.php(68): Illuminate/Console/Command->run(Object(Symfony/Component/Console/Input/ArrayInput), Object(Illuminate/Console/OutputStyle))
#45 D:/ServBay/www/pesantren-multi-client/vendor/laravel/framework/src/Illuminate/Console/Concerns/CallsCommands.php(29): Illuminate/Console/Command->runCommand('db:seed', Array, Object(Illuminate/Console/OutputStyle))
#46 D:/ServBay/www/pesantren-multi-client/vendor/laravel/framework/src/Illuminate/Database/Console/Migrations/FreshCommand.php(136): Illuminate/Console/Command->call('db:seed', Array)
#47 D:/ServBay/www/pesantren-multi-client/vendor/laravel/framework/src/Illuminate/Database/Console/Migrations/FreshCommand.php(112): Illuminate/Database/Console/Migrations/FreshCommand->runSeeder(NULL)
#48 D:/ServBay/www/pesantren-multi-client/vendor/laravel/framework/src/Illuminate/Container/BoundMethod.php(36): Illuminate/Database/Console/Migrations/FreshCommand->handle()
#49 D:/ServBay/www/pesantren-multi-client/vendor/laravel/framework/src/Illuminate/Container/Util.php(43): Illuminate/Container/BoundMethod::Illuminate/Container/{closure}()
#50 D:/ServBay/www/pesantren-multi-client/vendor/laravel/framework/src/Illuminate/Container/BoundMethod.php(96): Illuminate/Container/Util::unwrapIfClosure(Object(Closure))
#51 D:/ServBay/www/pesantren-multi-client/vendor/laravel/framework/src/Illuminate/Container/BoundMethod.php(35): Illuminate/Container/BoundMethod::callBoundMethod(Object(Illuminate/Foundation/Application), Array, Object(Closure))
#52 D:/ServBay/www/pesantren-multi-client/vendor/laravel/framework/src/Illuminate/Container/Container.php(803): Illuminate/Container/BoundMethod::call(Object(Illuminate/Foundation/Application), Array, Array, NULL)
#53 D:/ServBay/www/pesantren-multi-client/vendor/laravel/framework/src/Illuminate/Console/Command.php(292): Illuminate/Container/Container->call(Array)
#54 D:/ServBay/www/pesantren-multi-client/vendor/symfony/console/Command/Command.php(341): Illuminate/Console/Command->execute(Object(Symfony/Component/Console/Input/ArgvInput), Object(Illuminate/Console/OutputStyle))
#55 D:/ServBay/www/pesantren-multi-client/vendor/laravel/framework/src/Illuminate/Console/Command.php(261): Symfony/Component/Console/Command/Command->run(Object(Symfony/Component/Console/Input/ArgvInput), Object(Illuminate/Console/OutputStyle))
#56 D:/ServBay/www/pesantren-multi-client/vendor/symfony/console/Application.php(1117): Illuminate/Console/Command->run(Object(Symfony/Component/Console/Input/ArgvInput), Object(Symfony/Component/Console/Output/ConsoleOutput))
#57 D:/ServBay/www/pesantren-multi-client/vendor/symfony/console/Application.php(356): Symfony/Component/Console/Application->doRunCommand(Object(Illuminate/Database/Console/Migrations/FreshCommand), Object(Symfony/Component/Console/Input/ArgvInput), Object(Symfony/Component/Console/Output/ConsoleOutput))
#58 D:/ServBay/www/pesantren-multi-client/vendor/symfony/console/Application.php(195): Symfony/Component/Console/Application->doRun(Object(Symfony/Component/Console/Input/ArgvInput), Object(Symfony/Component/Console/Output/ConsoleOutput))
#59 D:/ServBay/www/pesantren-multi-client/vendor/laravel/framework/src/Illuminate/Foundation/Console/Kernel.php(198): Symfony/Component/Console/Application->run(Object(Symfony/Component/Console/Input/ArgvInput), Object(Symfony/Component/Console/Output/ConsoleOutput))
#60 D:/ServBay/www/pesantren-multi-client/vendor/laravel/framework/src/Illuminate/Foundation/Application.php(1242): Illuminate/Foundation/Console/Kernel->handle(Object(Symfony/Component/Console/Input/ArgvInput), Object(Symfony/Component/Console/Output/ConsoleOutput))
#61 D:/ServBay/www/pesantren-multi-client/artisan(16): Illuminate/Foundation/Application->handleCommand(Object(Symfony/Component/Console/Input/ArgvInput))
#62 {main}

[previous exception] [object] (PDOException(code: HY000): SQLSTATE[HY000]: General error: 1364 Field 'client_id' doesn't have a default value at D:/ServBay/www/pesantren-multi-client/vendor/laravel/framework/src/Illuminate/Database/MySqlConnection.php:53)
[stacktrace]
#0 D:/ServBay/www/pesantren-multi-client/vendor/laravel/framework/src/Illuminate/Database/MySqlConnection.php(53): PDOStatement->execute()
#1 D:/ServBay/www/pesantren-multi-client/vendor/laravel/framework/src/Illuminate/Database/Connection.php(846): Illuminate/Database/MySqlConnection->Illuminate/Database/{closure}('insert into `cl...', Array)
#2 D:/ServBay/www/pesantren-multi-client/vendor/laravel/framework/src/Illuminate/Database/Connection.php(813): Illuminate/Database/Connection->runQueryCallback('insert into `cl...', Array, Object(Closure))
#3 D:/ServBay/www/pesantren-multi-client/vendor/laravel/framework/src/Illuminate/Database/MySqlConnection.php(42): Illuminate/Database/Connection->run('insert into `cl...', Array, Object(Closure))
#4 D:/ServBay/www/pesantren-multi-client/vendor/laravel/framework/src/Illuminate/Database/Query/Processors/MySqlProcessor.php(35): Illuminate/Database/MySqlConnection->insert('insert into `cl...', Array, 'id')
#5 D:/ServBay/www/pesantren-multi-client/vendor/laravel/framework/src/Illuminate/Database/Query/Builder.php(4313): Illuminate/Database/Query/Processors/MySqlProcessor->processInsertGetId(Object(Illuminate/Database/Query/Builder), 'insert into `cl...', Array, 'id')
#6 D:/ServBay/www/pesantren-multi-client/vendor/laravel/framework/src/Illuminate/Database/Eloquent/Builder.php(2336): Illuminate/Database/Query/Builder->insertGetId(Array, 'id')
#7 D:/ServBay/www/pesantren-multi-client/vendor/laravel/framework/src/Illuminate/Database/Eloquent/Model.php(1691): Illuminate/Database/Eloquent/Builder->__call('insertGetId', Array)
#8 D:/ServBay/www/pesantren-multi-client/vendor/laravel/framework/src/Illuminate/Database/Eloquent/Model.php(1607): Illuminate/Database/Eloquent/Model->insertAndSetId(Object(Illuminate/Database/Eloquent/Builder), Array)
#9 D:/ServBay/www/pesantren-multi-client/vendor/laravel/framework/src/Illuminate/Database/Eloquent/Model.php(1411): Illuminate/Database/Eloquent/Model->performInsert(Object(Illuminate/Database/Eloquent/Builder))
#10 D:/ServBay/www/pesantren-multi-client/vendor/laravel/framework/src/Illuminate/Database/Eloquent/Builder.php(1258): Illuminate/Database/Eloquent/Model->save()
#11 D:/ServBay/www/pesantren-multi-client/vendor/laravel/framework/src/Illuminate/Support/helpers.php(393): Illuminate/Database/Eloquent/Builder->Illuminate/Database/Eloquent/{closure}(Object(App/Models/SchoolClass))
#12 D:/ServBay/www/pesantren-multi-client/vendor/laravel/framework/src/Illuminate/Database/Eloquent/Builder.php(1257): tap(Object(App/Models/SchoolClass), Object(Closure))
#13 D:/ServBay/www/pesantren-multi-client/vendor/laravel/framework/src/Illuminate/Support/Traits/ForwardsCalls.php(23): Illuminate/Database/Eloquent/Builder->create(Array)
#14 D:/ServBay/www/pesantren-multi-client/vendor/laravel/framework/src/Illuminate/Database/Eloquent/Model.php(2870): Illuminate/Database/Eloquent/Model->forwardCallTo(Object(Illuminate/Database/Eloquent/Builder), 'create', Array)
#15 D:/ServBay/www/pesantren-multi-client/vendor/laravel/framework/src/Illuminate/Database/Eloquent/Model.php(2886): Illuminate/Database/Eloquent/Model->__call('create', Array)
#16 D:/ServBay/www/pesantren-multi-client/database/seeders/DemoClientSeeder.php(168): Illuminate/Database/Eloquent/Model::__callStatic('create', Array)
#17 D:/ServBay/www/pesantren-multi-client/vendor/laravel/framework/src/Illuminate/Container/BoundMethod.php(36): Database/Seeders/DemoClientSeeder->run()
#18 D:/ServBay/www/pesantren-multi-client/vendor/laravel/framework/src/Illuminate/Container/Util.php(43): Illuminate/Container/BoundMethod::Illuminate/Container/{closure}()
#19 D:/ServBay/www/pesantren-multi-client/vendor/laravel/framework/src/Illuminate/Container/BoundMethod.php(96): Illuminate/Container/Util::unwrapIfClosure(Object(Closure))
#20 D:/ServBay/www/pesantren-multi-client/vendor/laravel/framework/src/Illuminate/Container/BoundMethod.php(35): Illuminate/Container/BoundMethod::callBoundMethod(Object(Illuminate/Foundation/Application), Array, Object(Closure))
#21 D:/ServBay/www/pesantren-multi-client/vendor/laravel/framework/src/Illuminate/Container/Container.php(803): Illuminate/Container/BoundMethod::call(Object(Illuminate/Foundation/Application), Array, Array, NULL)
#22 D:/ServBay/www/pesantren-multi-client/vendor/laravel/framework/src/Illuminate/Database/Seeder.php(184): Illuminate/Container/Container->call(Array, Array)
#23 D:/ServBay/www/pesantren-multi-client/vendor/laravel/framework/src/Illuminate/Database/Seeder.php(191): Illuminate/Database/Seeder->Illuminate/Database/{closure}()
#24 D:/ServBay/www/pesantren-multi-client/vendor/laravel/framework/src/Illuminate/Database/Seeder.php(59): Illuminate/Database/Seeder->__invoke(Array)
#25 D:/ServBay/www/pesantren-multi-client/database/seeders/DatabaseSeeder.php(18): Illuminate/Database/Seeder->call('Database//Seeder...')
#26 D:/ServBay/www/pesantren-multi-client/vendor/laravel/framework/src/Illuminate/Container/BoundMethod.php(36): Database/Seeders/DatabaseSeeder->run()
#27 D:/ServBay/www/pesantren-multi-client/vendor/laravel/framework/src/Illuminate/Container/Util.php(43): Illuminate/Container/BoundMethod::Illuminate/Container/{closure}()
#28 D:/ServBay/www/pesantren-multi-client/vendor/laravel/framework/src/Illuminate/Container/BoundMethod.php(96): Illuminate/Container/Util::unwrapIfClosure(Object(Closure))
#29 D:/ServBay/www/pesantren-multi-client/vendor/laravel/framework/src/Illuminate/Container/BoundMethod.php(35): Illuminate/Container/BoundMethod::callBoundMethod(Object(Illuminate/Foundation/Application), Array, Object(Closure))
#30 D:/ServBay/www/pesantren-multi-client/vendor/laravel/framework/src/Illuminate/Container/Container.php(803): Illuminate/Container/BoundMethod::call(Object(Illuminate/Foundation/Application), Array, Array, NULL)
#31 D:/ServBay/www/pesantren-multi-client/vendor/laravel/framework/src/Illuminate/Database/Seeder.php(184): Illuminate/Container/Container->call(Array, Array)
#32 D:/ServBay/www/pesantren-multi-client/vendor/laravel/framework/src/Illuminate/Database/Eloquent/Concerns/HasEvents.php(456): Illuminate/Database/Seeder->Illuminate/Database/{closure}()
#33 D:/ServBay/www/pesantren-multi-client/vendor/laravel/framework/src/Illuminate/Database/Console/Seeds/WithoutModelEvents.php(17): Illuminate/Database/Eloquent/Model::withoutEvents(Object(Closure))
#34 D:/ServBay/www/pesantren-multi-client/vendor/laravel/framework/src/Illuminate/Database/Seeder.php(191): Database/Seeders/DatabaseSeeder->Illuminate/Database/Console/Seeds/{closure}()
#35 D:/ServBay/www/pesantren-multi-client/vendor/laravel/framework/src/Illuminate/Database/Console/Seeds/SeedCommand.php(89): Illuminate/Database/Seeder->__invoke()
#36 D:/ServBay/www/pesantren-multi-client/vendor/laravel/framework/src/Illuminate/Database/Eloquent/Concerns/GuardsAttributes.php(188): Illuminate/Database/Console/Seeds/SeedCommand->Illuminate/Database/Console/Seeds/{closure}()
#37 D:/ServBay/www/pesantren-multi-client/vendor/laravel/framework/src/Illuminate/Database/Console/Seeds/SeedCommand.php(88): Illuminate/Database/Eloquent/Model::unguarded(Object(Closure))
#38 D:/ServBay/www/pesantren-multi-client/vendor/laravel/framework/src/Illuminate/Container/BoundMethod.php(36): Illuminate/Database/Console/Seeds/SeedCommand->handle()
#39 D:/ServBay/www/pesantren-multi-client/vendor/laravel/framework/src/Illuminate/Container/Util.php(43): Illuminate/Container/BoundMethod::Illuminate/Container/{closure}()
#40 D:/ServBay/www/pesantren-multi-client/vendor/laravel/framework/src/Illuminate/Container/BoundMethod.php(96): Illuminate/Container/Util::unwrapIfClosure(Object(Closure))
#41 D:/ServBay/www/pesantren-multi-client/vendor/laravel/framework/src/Illuminate/Container/BoundMethod.php(35): Illuminate/Container/BoundMethod::callBoundMethod(Object(Illuminate/Foundation/Application), Array, Object(Closure))
#42 D:/ServBay/www/pesantren-multi-client/vendor/laravel/framework/src/Illuminate/Container/Container.php(803): Illuminate/Container/BoundMethod::call(Object(Illuminate/Foundation/Application), Array, Array, NULL)
#43 D:/ServBay/www/pesantren-multi-client/vendor/laravel/framework/src/Illuminate/Console/Command.php(292): Illuminate/Container/Container->call(Array)
#44 D:/ServBay/www/pesantren-multi-client/vendor/symfony/console/Command/Command.php(341): Illuminate/Console/Command->execute(Object(Symfony/Component/Console/Input/ArrayInput), Object(Illuminate/Console/OutputStyle))
#45 D:/ServBay/www/pesantren-multi-client/vendor/laravel/framework/src/Illuminate/Console/Command.php(261): Symfony/Component/Console/Command/Command->run(Object(Symfony/Component/Console/Input/ArrayInput), Object(Illuminate/Console/OutputStyle))
#46 D:/ServBay/www/pesantren-multi-client/vendor/laravel/framework/src/Illuminate/Console/Concerns/CallsCommands.php(68): Illuminate/Console/Command->run(Object(Symfony/Component/Console/Input/ArrayInput), Object(Illuminate/Console/OutputStyle))
#47 D:/ServBay/www/pesantren-multi-client/vendor/laravel/framework/src/Illuminate/Console/Concerns/CallsCommands.php(29): Illuminate/Console/Command->runCommand('db:seed', Array, Object(Illuminate/Console/OutputStyle))
#48 D:/ServBay/www/pesantren-multi-client/vendor/laravel/framework/src/Illuminate/Database/Console/Migrations/FreshCommand.php(136): Illuminate/Console/Command->call('db:seed', Array)
#49 D:/ServBay/www/pesantren-multi-client/vendor/laravel/framework/src/Illuminate/Database/Console/Migrations/FreshCommand.php(112): Illuminate/Database/Console/Migrations/FreshCommand->runSeeder(NULL)
#50 D:/ServBay/www/pesantren-multi-client/vendor/laravel/framework/src/Illuminate/Container/BoundMethod.php(36): Illuminate/Database/Console/Migrations/FreshCommand->handle()
#51 D:/ServBay/www/pesantren-multi-client/vendor/laravel/framework/src/Illuminate/Container/Util.php(43): Illuminate/Container/BoundMethod::Illuminate/Container/{closure}()
#52 D:/ServBay/www/pesantren-multi-client/vendor/laravel/framework/src/Illuminate/Container/BoundMethod.php(96): Illuminate/Container/Util::unwrapIfClosure(Object(Closure))
#53 D:/ServBay/www/pesantren-multi-client/vendor/laravel/framework/src/Illuminate/Container/BoundMethod.php(35): Illuminate/Container/BoundMethod::callBoundMethod(Object(Illuminate/Foundation/Application), Array, Object(Closure))
#54 D:/ServBay/www/pesantren-multi-client/vendor/laravel/framework/src/Illuminate/Container/Container.php(803): Illuminate/Container/BoundMethod::call(Object(Illuminate/Foundation/Application), Array, Array, NULL)
#55 D:/ServBay/www/pesantren-multi-client/vendor/laravel/framework/src/Illuminate/Console/Command.php(292): Illuminate/Container/Container->call(Array)
#56 D:/ServBay/www/pesantren-multi-client/vendor/symfony/console/Command/Command.php(341): Illuminate/Console/Command->execute(Object(Symfony/Component/Console/Input/ArgvInput), Object(Illuminate/Console/OutputStyle))
#57 D:/ServBay/www/pesantren-multi-client/vendor/laravel/framework/src/Illuminate/Console/Command.php(261): Symfony/Component/Console/Command/Command->run(Object(Symfony/Component/Console/Input/ArgvInput), Object(Illuminate/Console/OutputStyle))
#58 D:/ServBay/www/pesantren-multi-client/vendor/symfony/console/Application.php(1117): Illuminate/Console/Command->run(Object(Symfony/Component/Console/Input/ArgvInput), Object(Symfony/Component/Console/Output/ConsoleOutput))
#59 D:/ServBay/www/pesantren-multi-client/vendor/symfony/console/Application.php(356): Symfony/Component/Console/Application->doRunCommand(Object(Illuminate/Database/Console/Migrations/FreshCommand), Object(Symfony/Component/Console/Input/ArgvInput), Object(Symfony/Component/Console/Output/ConsoleOutput))
#60 D:/ServBay/www/pesantren-multi-client/vendor/symfony/console/Application.php(195): Symfony/Component/Console/Application->doRun(Object(Symfony/Component/Console/Input/ArgvInput), Object(Symfony/Component/Console/Output/ConsoleOutput))
#61 D:/ServBay/www/pesantren-multi-client/vendor/laravel/framework/src/Illuminate/Foundation/Console/Kernel.php(198): Symfony/Component/Console/Application->run(Object(Symfony/Component/Console/Input/ArgvInput), Object(Symfony/Component/Console/Output/ConsoleOutput))
#62 D:/ServBay/www/pesantren-multi-client/vendor/laravel/framework/src/Illuminate/Foundation/Application.php(1242): Illuminate/Foundation/Console/Kernel->handle(Object(Symfony/Component/Console/Input/ArgvInput), Object(Symfony/Component/Console/Output/ConsoleOutput))
#63 D:/ServBay/www/pesantren-multi-client/artisan(16): Illuminate/Foundation/Application->handleCommand(Object(Symfony/Component/Console/Input/ArgvInput))
#64 {main}
"} 
[2026-09-28 17:02:49] local.ERROR: SQLSTATE[42S21]: Column already exists: 1060 Duplicate column name 'direction' (Connection: mysql, Host: 127.0.0.1, Port: 3306, Database: pesantren, SQL: alter table `attendances` add `direction` enum('in', 'out') null after `status`) {"exception":"[object] (Illuminate\\Database\\QueryException(code: 42S21): SQLSTATE[42S21]: Column already exists: 1060 Duplicate column name 'direction' (Connection: mysql, Host: 127.0.0.1, Port: 3306, Database: pesantren, SQL: alter table `attendances` add `direction` enum('in', 'out') null after `status`) at D:/ServBay/www/pesantren-multi-client/vendor/laravel/framework/src/Illuminate/Database/Connection.php:857)
[stacktrace]
#0 D:/ServBay/www/pesantren-multi-client/vendor/laravel/framework/src/Illuminate/Database/Connection.php(813): Illuminate/Database/Connection->runQueryCallback('alter table `at...', Array, Object(Closure))
#1 D:/ServBay/www/pesantren-multi-client/vendor/laravel/framework/src/Illuminate/Database/Connection.php(590): Illuminate/Database/Connection->run('alter table `at...', Array, Object(Closure))
#2 D:/ServBay/www/pesantren-multi-client/vendor/laravel/framework/src/Illuminate/Database/Schema/Blueprint.php(122): Illuminate/Database/Connection->statement('alter table `at...')
#3 D:/ServBay/www/pesantren-multi-client/vendor/laravel/framework/src/Illuminate/Database/Schema/Builder.php(704): Illuminate/Database/Schema/Blueprint->build()
#4 D:/ServBay/www/pesantren-multi-client/vendor/laravel/framework/src/Illuminate/Database/Schema/Builder.php(510): Illuminate/Database/Schema/Builder->build(Object(Illuminate/Database/Schema/Blueprint))
#5 D:/ServBay/www/pesantren-multi-client/vendor/laravel/framework/src/Illuminate/Support/Facades/Facade.php(364): Illuminate/Database/Schema/Builder->table('attendances', Object(Closure))
#6 D:/ServBay/www/pesantren-multi-client/database/migrations/2026_09_28_021614_add_direction_to_attendances_table.php(14): Illuminate/Support/Facades/Facade::__callStatic('table', Array)
#7 D:/ServBay/www/pesantren-multi-client/vendor/laravel/framework/src/Illuminate/Database/Migrations/Migrator.php(517): Illuminate/Database/Migrations/Migration@anonymous->up()
#8 D:/ServBay/www/pesantren-multi-client/vendor/laravel/framework/src/Illuminate/Database/Migrations/Migrator.php(442): Illuminate/Database/Migrations/Migrator->runMethod(Object(Illuminate/Database/MySqlConnection), Object(Illuminate/Database/Migrations/Migration@anonymous), 'up')
#9 D:/ServBay/www/pesantren-multi-client/vendor/laravel/framework/src/Illuminate/Database/Migrations/Migrator.php(451): Illuminate/Database/Migrations/Migrator->Illuminate/Database/Migrations/{closure}()
#10 D:/ServBay/www/pesantren-multi-client/vendor/laravel/framework/src/Illuminate/Database/Migrations/Migrator.php(253): Illuminate/Database/Migrations/Migrator->runMigration(Object(Illuminate/Database/Migrations/Migration@anonymous), 'up', '2026_09_28_0216...')
#11 D:/ServBay/www/pesantren-multi-client/vendor/laravel/framework/src/Illuminate/Console/View/Components/Task.php(43): Illuminate/Database/Migrations/Migrator->Illuminate/Database/Migrations/{closure}()
#12 D:/ServBay/www/pesantren-multi-client/vendor/laravel/framework/src/Illuminate/Database/Migrations/Migrator.php(853): Illuminate/Console/View/Components/Task->render('2026_09_28_0216...', Object(Closure))
#13 D:/ServBay/www/pesantren-multi-client/vendor/laravel/framework/src/Illuminate/Database/Migrations/Migrator.php(253): Illuminate/Database/Migrations/Migrator->write('Illuminate//Cons...', '2026_09_28_0216...', Object(Closure))
#14 D:/ServBay/www/pesantren-multi-client/vendor/laravel/framework/src/Illuminate/Database/Migrations/Migrator.php(211): Illuminate/Database/Migrations/Migrator->runUp('D://ServBay//www//...', 2, false)
#15 D:/ServBay/www/pesantren-multi-client/vendor/laravel/framework/src/Illuminate/Database/Migrations/Migrator.php(138): Illuminate/Database/Migrations/Migrator->runPending(Array, Array)
#16 D:/ServBay/www/pesantren-multi-client/vendor/laravel/framework/src/Illuminate/Database/Console/Migrations/MigrateCommand.php(118): Illuminate/Database/Migrations/Migrator->run(Array, Array)
#17 D:/ServBay/www/pesantren-multi-client/vendor/laravel/framework/src/Illuminate/Database/Migrations/Migrator.php(672): Illuminate/Database/Console/Migrations/MigrateCommand->Illuminate/Database/Console/Migrations/{closure}()
#18 D:/ServBay/www/pesantren-multi-client/vendor/laravel/framework/src/Illuminate/Database/Console/Migrations/MigrateCommand.php(111): Illuminate/Database/Migrations/Migrator->usingConnection(NULL, Object(Closure))
#19 D:/ServBay/www/pesantren-multi-client/vendor/laravel/framework/src/Illuminate/Database/Console/Migrations/MigrateCommand.php(90): Illuminate/Database/Console/Migrations/MigrateCommand->runMigrations()
#20 D:/ServBay/www/pesantren-multi-client/vendor/laravel/framework/src/Illuminate/Container/BoundMethod.php(36): Illuminate/Database/Console/Migrations/MigrateCommand->handle()
#21 D:/ServBay/www/pesantren-multi-client/vendor/laravel/framework/src/Illuminate/Container/Util.php(43): Illuminate/Container/BoundMethod::Illuminate/Container/{closure}()
#22 D:/ServBay/www/pesantren-multi-client/vendor/laravel/framework/src/Illuminate/Container/BoundMethod.php(96): Illuminate/Container/Util::unwrapIfClosure(Object(Closure))
#23 D:/ServBay/www/pesantren-multi-client/vendor/laravel/framework/src/Illuminate/Container/BoundMethod.php(35): Illuminate/Container/BoundMethod::callBoundMethod(Object(Illuminate/Foundation/Application), Array, Object(Closure))
#24 D:/ServBay/www/pesantren-multi-client/vendor/laravel/framework/src/Illuminate/Container/Container.php(803): Illuminate/Container/BoundMethod::call(Object(Illuminate/Foundation/Application), Array, Array, NULL)
#25 D:/ServBay/www/pesantren-multi-client/vendor/laravel/framework/src/Illuminate/Console/Command.php(292): Illuminate/Container/Container->call(Array)
#26 D:/ServBay/www/pesantren-multi-client/vendor/symfony/console/Command/Command.php(341): Illuminate/Console/Command->execute(Object(Symfony/Component/Console/Input/ArgvInput), Object(Illuminate/Console/OutputStyle))
#27 D:/ServBay/www/pesantren-multi-client/vendor/laravel/framework/src/Illuminate/Console/Command.php(261): Symfony/Component/Console/Command/Command->run(Object(Symfony/Component/Console/Input/ArgvInput), Object(Illuminate/Console/OutputStyle))
#28 D:/ServBay/www/pesantren-multi-client/vendor/symfony/console/Application.php(1117): Illuminate/Console/Command->run(Object(Symfony/Component/Console/Input/ArgvInput), Object(Symfony/Component/Console/Output/ConsoleOutput))
#29 D:/ServBay/www/pesantren-multi-client/vendor/symfony/console/Application.php(356): Symfony/Component/Console/Application->doRunCommand(Object(Illuminate/Database/Console/Migrations/MigrateCommand), Object(Symfony/Component/Console/Input/ArgvInput), Object(Symfony/Component/Console/Output/ConsoleOutput))
#30 D:/ServBay/www/pesantren-multi-client/vendor/symfony/console/Application.php(195): Symfony/Component/Console/Application->doRun(Object(Symfony/Component/Console/Input/ArgvInput), Object(Symfony/Component/Console/Output/ConsoleOutput))
#31 D:/ServBay/www/pesantren-multi-client/vendor/laravel/framework/src/Illuminate/Foundation/Console/Kernel.php(198): Symfony/Component/Console/Application->run(Object(Symfony/Component/Console/Input/ArgvInput), Object(Symfony/Component/Console/Output/ConsoleOutput))
#32 D:/ServBay/www/pesantren-multi-client/vendor/laravel/framework/src/Illuminate/Foundation/Application.php(1242): Illuminate/Foundation/Console/Kernel->handle(Object(Symfony/Component/Console/Input/ArgvInput), Object(Symfony/Component/Console/Output/ConsoleOutput))
#33 D:/ServBay/www/pesantren-multi-client/artisan(16): Illuminate/Foundation/Application->handleCommand(Object(Symfony/Component/Console/Input/ArgvInput))
#34 {main}

[previous exception] [object] (PDOException(code: 42S21): SQLSTATE[42S21]: Column already exists: 1060 Duplicate column name 'direction' at D:/ServBay/www/pesantren-multi-client/vendor/laravel/framework/src/Illuminate/Database/Connection.php:601)
[stacktrace]
#0 D:/ServBay/www/pesantren-multi-client/vendor/laravel/framework/src/Illuminate/Database/Connection.php(601): PDOStatement->execute()
#1 D:/ServBay/www/pesantren-multi-client/vendor/laravel/framework/src/Illuminate/Database/Connection.php(846): Illuminate/Database/Connection->Illuminate/Database/{closure}('alter table `at...', Array)
#2 D:/ServBay/www/pesantren-multi-client/vendor/laravel/framework/src/Illuminate/Database/Connection.php(813): Illuminate/Database/Connection->runQueryCallback('alter table `at...', Array, Object(Closure))
#3 D:/ServBay/www/pesantren-multi-client/vendor/laravel/framework/src/Illuminate/Database/Connection.php(590): Illuminate/Database/Connection->run('alter table `at...', Array, Object(Closure))
#4 D:/ServBay/www/pesantren-multi-client/vendor/laravel/framework/src/Illuminate/Database/Schema/Blueprint.php(122): Illuminate/Database/Connection->statement('alter table `at...')
#5 D:/ServBay/www/pesantren-multi-client/vendor/laravel/framework/src/Illuminate/Database/Schema/Builder.php(704): Illuminate/Database/Schema/Blueprint->build()
#6 D:/ServBay/www/pesantren-multi-client/vendor/laravel/framework/src/Illuminate/Database/Schema/Builder.php(510): Illuminate/Database/Schema/Builder->build(Object(Illuminate/Database/Schema/Blueprint))
#7 D:/ServBay/www/pesantren-multi-client/vendor/laravel/framework/src/Illuminate/Support/Facades/Facade.php(364): Illuminate/Database/Schema/Builder->table('attendances', Object(Closure))
#8 D:/ServBay/www/pesantren-multi-client/database/migrations/2026_09_28_021614_add_direction_to_attendances_table.php(14): Illuminate/Support/Facades/Facade::__callStatic('table', Array)
#9 D:/ServBay/www/pesantren-multi-client/vendor/laravel/framework/src/Illuminate/Database/Migrations/Migrator.php(517): Illuminate/Database/Migrations/Migration@anonymous->up()
#10 D:/ServBay/www/pesantren-multi-client/vendor/laravel/framework/src/Illuminate/Database/Migrations/Migrator.php(442): Illuminate/Database/Migrations/Migrator->runMethod(Object(Illuminate/Database/MySqlConnection), Object(Illuminate/Database/Migrations/Migration@anonymous), 'up')
#11 D:/ServBay/www/pesantren-multi-client/vendor/laravel/framework/src/Illuminate/Database/Migrations/Migrator.php(451): Illuminate/Database/Migrations/Migrator->Illuminate/Database/Migrations/{closure}()
#12 D:/ServBay/www/pesantren-multi-client/vendor/laravel/framework/src/Illuminate/Database/Migrations/Migrator.php(253): Illuminate/Database/Migrations/Migrator->runMigration(Object(Illuminate/Database/Migrations/Migration@anonymous), 'up', '2026_09_28_0216...')
#13 D:/ServBay/www/pesantren-multi-client/vendor/laravel/framework/src/Illuminate/Console/View/Components/Task.php(43): Illuminate/Database/Migrations/Migrator->Illuminate/Database/Migrations/{closure}()
#14 D:/ServBay/www/pesantren-multi-client/vendor/laravel/framework/src/Illuminate/Database/Migrations/Migrator.php(853): Illuminate/Console/View/Components/Task->render('2026_09_28_0216...', Object(Closure))
#15 D:/ServBay/www/pesantren-multi-client/vendor/laravel/framework/src/Illuminate/Database/Migrations/Migrator.php(253): Illuminate/Database/Migrations/Migrator->write('Illuminate//Cons...', '2026_09_28_0216...', Object(Closure))
#16 D:/ServBay/www/pesantren-multi-client/vendor/laravel/framework/src/Illuminate/Database/Migrations/Migrator.php(211): Illuminate/Database/Migrations/Migrator->runUp('D://ServBay//www//...', 2, false)
#17 D:/ServBay/www/pesantren-multi-client/vendor/laravel/framework/src/Illuminate/Database/Migrations/Migrator.php(138): Illuminate/Database/Migrations/Migrator->runPending(Array, Array)
#18 D:/ServBay/www/pesantren-multi-client/vendor/laravel/framework/src/Illuminate/Database/Console/Migrations/MigrateCommand.php(118): Illuminate/Database/Migrations/Migrator->run(Array, Array)
#19 D:/ServBay/www/pesantren-multi-client/vendor/laravel/framework/src/Illuminate/Database/Migrations/Migrator.php(672): Illuminate/Database/Console/Migrations/MigrateCommand->Illuminate/Database/Console/Migrations/{closure}()
#20 D:/ServBay/www/pesantren-multi-client/vendor/laravel/framework/src/Illuminate/Database/Console/Migrations/MigrateCommand.php(111): Illuminate/Database/Migrations/Migrator->usingConnection(NULL, Object(Closure))
#21 D:/ServBay/www/pesantren-multi-client/vendor/laravel/framework/src/Illuminate/Database/Console/Migrations/MigrateCommand.php(90): Illuminate/Database/Console/Migrations/MigrateCommand->runMigrations()
#22 D:/ServBay/www/pesantren-multi-client/vendor/laravel/framework/src/Illuminate/Container/BoundMethod.php(36): Illuminate/Database/Console/Migrations/MigrateCommand->handle()
#23 D:/ServBay/www/pesantren-multi-client/vendor/laravel/framework/src/Illuminate/Container/Util.php(43): Illuminate/Container/BoundMethod::Illuminate/Container/{closure}()
#24 D:/ServBay/www/pesantren-multi-client/vendor/laravel/framework/src/Illuminate/Container/BoundMethod.php(96): Illuminate/Container/Util::unwrapIfClosure(Object(Closure))
#25 D:/ServBay/www/pesantren-multi-client/vendor/laravel/framework/src/Illuminate/Container/BoundMethod.php(35): Illuminate/Container/BoundMethod::callBoundMethod(Object(Illuminate/Foundation/Application), Array, Object(Closure))
#26 D:/ServBay/www/pesantren-multi-client/vendor/laravel/framework/src/Illuminate/Container/Container.php(803): Illuminate/Container/BoundMethod::call(Object(Illuminate/Foundation/Application), Array, Array, NULL)
#27 D:/ServBay/www/pesantren-multi-client/vendor/laravel/framework/src/Illuminate/Console/Command.php(292): Illuminate/Container/Container->call(Array)
#28 D:/ServBay/www/pesantren-multi-client/vendor/symfony/console/Command/Command.php(341): Illuminate/Console/Command->execute(Object(Symfony/Component/Console/Input/ArgvInput), Object(Illuminate/Console/OutputStyle))
#29 D:/ServBay/www/pesantren-multi-client/vendor/laravel/framework/src/Illuminate/Console/Command.php(261): Symfony/Component/Console/Command/Command->run(Object(Symfony/Component/Console/Input/ArgvInput), Object(Illuminate/Console/OutputStyle))
#30 D:/ServBay/www/pesantren-multi-client/vendor/symfony/console/Application.php(1117): Illuminate/Console/Command->run(Object(Symfony/Component/Console/Input/ArgvInput), Object(Symfony/Component/Console/Output/ConsoleOutput))
#31 D:/ServBay/www/pesantren-multi-client/vendor/symfony/console/Application.php(356): Symfony/Component/Console/Application->doRunCommand(Object(Illuminate/Database/Console/Migrations/MigrateCommand), Object(Symfony/Component/Console/Input/ArgvInput), Object(Symfony/Component/Console/Output/ConsoleOutput))
#32 D:/ServBay/www/pesantren-multi-client/vendor/symfony/console/Application.php(195): Symfony/Component/Console/Application->doRun(Object(Symfony/Component/Console/Input/ArgvInput), Object(Symfony/Component/Console/Output/ConsoleOutput))
#33 D:/ServBay/www/pesantren-multi-client/vendor/laravel/framework/src/Illuminate/Foundation/Console/Kernel.php(198): Symfony/Component/Console/Application->run(Object(Symfony/Component/Console/Input/ArgvInput), Object(Symfony/Component/Console/Output/ConsoleOutput))
#34 D:/ServBay/www/pesantren-multi-client/vendor/laravel/framework/src/Illuminate/Foundation/Application.php(1242): Illuminate/Foundation/Console/Kernel->handle(Object(Symfony/Component/Console/Input/ArgvInput), Object(Symfony/Component/Console/Output/ConsoleOutput))
#35 D:/ServBay/www/pesantren-multi-client/artisan(16): Illuminate/Foundation/Application->handleCommand(Object(Symfony/Component/Console/Input/ArgvInput))
#36 {main}
"} 
[2026-09-28 17:32:10] local.ERROR: Call to undefined method App\Models\Client::students() {"userId":2,"exception":"[object] (BadMethodCallException(code: 0): Call to undefined method App\\Models\\Client::students() at D:/ServBay/www/pesantren-multi-client/vendor/laravel/framework/src/Illuminate/Support/Traits/ForwardsCalls.php:67)
[stacktrace]
#0 D:/ServBay/www/pesantren-multi-client/vendor/laravel/framework/src/Illuminate/Support/Traits/ForwardsCalls.php(36): Illuminate/Database/Eloquent/Model::throwBadMethodCallException('students')
#1 D:/ServBay/www/pesantren-multi-client/vendor/laravel/framework/src/Illuminate/Database/Eloquent/Model.php(2870): Illuminate/Database/Eloquent/Model->forwardCallTo(Object(Illuminate/Database/Eloquent/Builder), 'students', Array)
#2 D:/ServBay/www/pesantren-multi-client/vendor/laravel/framework/src/Illuminate/Database/Eloquent/Model.php(2541): Illuminate/Database/Eloquent/Model->__call('students', Array)
#3 D:/ServBay/www/pesantren-multi-client/vendor/laravel/framework/src/Illuminate/Database/Eloquent/Model.php(2515): Illuminate/Database/Eloquent/Model->resolveChildRouteBindingQuery('student', '3', NULL)
#4 D:/ServBay/www/pesantren-multi-client/vendor/laravel/framework/src/Illuminate/Routing/ImplicitRouteBinding.php(55): Illuminate/Database/Eloquent/Model->resolveChildRouteBinding('student', '3', NULL)
#5 D:/ServBay/www/pesantren-multi-client/vendor/laravel/framework/src/Illuminate/Routing/Router.php(980): Illuminate/Routing/ImplicitRouteBinding::resolveForRoute(Object(Illuminate/Foundation/Application), Object(Illuminate/Routing/Route))
#6 [internal function]: Illuminate/Routing/Router->Illuminate/Routing/{closure}(Object(Illuminate/Foundation/Application), Object(Illuminate/Routing/Route), Object(Closure))
#7 D:/ServBay/www/pesantren-multi-client/vendor/laravel/framework/src/Illuminate/Routing/Router.php(982): call_user_func(Object(Closure), Object(Illuminate/Foundation/Application), Object(Illuminate/Routing/Route), Object(Closure))
#8 D:/ServBay/www/pesantren-multi-client/vendor/laravel/framework/src/Illuminate/Routing/Middleware/SubstituteBindings.php(43): Illuminate/Routing/Router->substituteImplicitBindings(Object(Illuminate/Routing/Route))
#9 D:/ServBay/www/pesantren-multi-client/vendor/laravel/framework/src/Illuminate/Pipeline/Pipeline.php(219): Illuminate/Routing/Middleware/SubstituteBindings->handle(Object(Illuminate/Http/Request), Object(Closure))
#10 D:/ServBay/www/pesantren-multi-client/vendor/laravel/framework/src/Illuminate/Auth/Middleware/Authenticate.php(63): Illuminate/Pipeline/Pipeline->Illuminate/Pipeline/{closure}(Object(Illuminate/Http/Request))
#11 D:/ServBay/www/pesantren-multi-client/vendor/laravel/framework/src/Illuminate/Pipeline/Pipeline.php(219): Illuminate/Auth/Middleware/Authenticate->handle(Object(Illuminate/Http/Request), Object(Closure))
#12 D:/ServBay/www/pesantren-multi-client/vendor/laravel/framework/src/Illuminate/Foundation/Http/Middleware/PreventRequestForgery.php(104): Illuminate/Pipeline/Pipeline->Illuminate/Pipeline/{closure}(Object(Illuminate/Http/Request))
#13 D:/ServBay/www/pesantren-multi-client/vendor/laravel/framework/src/Illuminate/Pipeline/Pipeline.php(219): Illuminate/Foundation/Http/Middleware/PreventRequestForgery->handle(Object(Illuminate/Http/Request), Object(Closure))
#14 D:/ServBay/www/pesantren-multi-client/vendor/laravel/framework/src/Illuminate/View/Middleware/ShareErrorsFromSession.php(48): Illuminate/Pipeline/Pipeline->Illuminate/Pipeline/{closure}(Object(Illuminate/Http/Request))
#15 D:/ServBay/www/pesantren-multi-client/vendor/laravel/framework/src/Illuminate/Pipeline/Pipeline.php(219): Illuminate/View/Middleware/ShareErrorsFromSession->handle(Object(Illuminate/Http/Request), Object(Closure))
#16 D:/ServBay/www/pesantren-multi-client/vendor/laravel/framework/src/Illuminate/Session/Middleware/StartSession.php(120): Illuminate/Pipeline/Pipeline->Illuminate/Pipeline/{closure}(Object(Illuminate/Http/Request))
#17 D:/ServBay/www/pesantren-multi-client/vendor/laravel/framework/src/Illuminate/Session/Middleware/StartSession.php(63): Illuminate/Session/Middleware/StartSession->handleStatefulRequest(Object(Illuminate/Http/Request), Object(Illuminate/Session/Store), Object(Closure))
#18 D:/ServBay/www/pesantren-multi-client/vendor/laravel/framework/src/Illuminate/Pipeline/Pipeline.php(219): Illuminate/Session/Middleware/StartSession->handle(Object(Illuminate/Http/Request), Object(Closure))
#19 D:/ServBay/www/pesantren-multi-client/vendor/laravel/framework/src/Illuminate/Cookie/Middleware/AddQueuedCookiesToResponse.php(36): Illuminate/Pipeline/Pipeline->Illuminate/Pipeline/{closure}(Object(Illuminate/Http/Request))
#20 D:/ServBay/www/pesantren-multi-client/vendor/laravel/framework/src/Illuminate/Pipeline/Pipeline.php(219): Illuminate/Cookie/Middleware/AddQueuedCookiesToResponse->handle(Object(Illuminate/Http/Request), Object(Closure))
#21 D:/ServBay/www/pesantren-multi-client/vendor/laravel/framework/src/Illuminate/Cookie/Middleware/EncryptCookies.php(74): Illuminate/Pipeline/Pipeline->Illuminate/Pipeline/{closure}(Object(Illuminate/Http/Request))
#22 D:/ServBay/www/pesantren-multi-client/vendor/laravel/framework/src/Illuminate/Pipeline/Pipeline.php(219): Illuminate/Cookie/Middleware/EncryptCookies->handle(Object(Illuminate/Http/Request), Object(Closure))
#23 D:/ServBay/www/pesantren-multi-client/vendor/laravel/framework/src/Illuminate/Pipeline/Pipeline.php(137): Illuminate/Pipeline/Pipeline->Illuminate/Pipeline/{closure}(Object(Illuminate/Http/Request))
#24 D:/ServBay/www/pesantren-multi-client/vendor/laravel/framework/src/Illuminate/Routing/Router.php(821): Illuminate/Pipeline/Pipeline->then(Object(Closure))
#25 D:/ServBay/www/pesantren-multi-client/vendor/laravel/framework/src/Illuminate/Routing/Router.php(800): Illuminate/Routing/Router->runRouteWithinStack(Object(Illuminate/Routing/Route), Object(Illuminate/Http/Request))
#26 D:/ServBay/www/pesantren-multi-client/vendor/laravel/framework/src/Illuminate/Routing/Router.php(764): Illuminate/Routing/Router->runRoute(Object(Illuminate/Http/Request), Object(Illuminate/Routing/Route))
#27 D:/ServBay/www/pesantren-multi-client/vendor/laravel/framework/src/Illuminate/Routing/Router.php(753): Illuminate/Routing/Router->dispatchToRoute(Object(Illuminate/Http/Request))
#28 D:/ServBay/www/pesantren-multi-client/vendor/laravel/framework/src/Illuminate/Foundation/Http/Kernel.php(200): Illuminate/Routing/Router->dispatch(Object(Illuminate/Http/Request))
#29 D:/ServBay/www/pesantren-multi-client/vendor/laravel/framework/src/Illuminate/Pipeline/Pipeline.php(180): Illuminate/Foundation/Http/Kernel->Illuminate/Foundation/Http/{closure}(Object(Illuminate/Http/Request))
#30 D:/ServBay/www/pesantren-multi-client/vendor/laravel/framework/src/Illuminate/Foundation/Http/Middleware/TransformsRequest.php(21): Illuminate/Pipeline/Pipeline->Illuminate/Pipeline/{closure}(Object(Illuminate/Http/Request))
#31 D:/ServBay/www/pesantren-multi-client/vendor/laravel/framework/src/Illuminate/Foundation/Http/Middleware/ConvertEmptyStringsToNull.php(31): Illuminate/Foundation/Http/Middleware/TransformsRequest->handle(Object(Illuminate/Http/Request), Object(Closure))
#32 D:/ServBay/www/pesantren-multi-client/vendor/laravel/framework/src/Illuminate/Pipeline/Pipeline.php(219): Illuminate/Foundation/Http/Middleware/ConvertEmptyStringsToNull->handle(Object(Illuminate/Http/Request), Object(Closure))
#33 D:/ServBay/www/pesantren-multi-client/vendor/laravel/framework/src/Illuminate/Foundation/Http/Middleware/TransformsRequest.php(21): Illuminate/Pipeline/Pipeline->Illuminate/Pipeline/{closure}(Object(Illuminate/Http/Request))
#34 D:/ServBay/www/pesantren-multi-client/vendor/laravel/framework/src/Illuminate/Foundation/Http/Middleware/TrimStrings.php(51): Illuminate/Foundation/Http/Middleware/TransformsRequest->handle(Object(Illuminate/Http/Request), Object(Closure))
#35 D:/ServBay/www/pesantren-multi-client/vendor/laravel/framework/src/Illuminate/Pipeline/Pipeline.php(219): Illuminate/Foundation/Http/Middleware/TrimStrings->handle(Object(Illuminate/Http/Request), Object(Closure))
#36 D:/ServBay/www/pesantren-multi-client/vendor/laravel/framework/src/Illuminate/Http/Middleware/ValidatePostSize.php(27): Illuminate/Pipeline/Pipeline->Illuminate/Pipeline/{closure}(Object(Illuminate/Http/Request))
#37 D:/ServBay/www/pesantren-multi-client/vendor/laravel/framework/src/Illuminate/Pipeline/Pipeline.php(219): Illuminate/Http/Middleware/ValidatePostSize->handle(Object(Illuminate/Http/Request), Object(Closure))
#38 D:/ServBay/www/pesantren-multi-client/vendor/laravel/framework/src/Illuminate/Foundation/Http/Middleware/PreventRequestsDuringMaintenance.php(110): Illuminate/Pipeline/Pipeline->Illuminate/Pipeline/{closure}(Object(Illuminate/Http/Request))
#39 D:/ServBay/www/pesantren-multi-client/vendor/laravel/framework/src/Illuminate/Pipeline/Pipeline.php(219): Illuminate/Foundation/Http/Middleware/PreventRequestsDuringMaintenance->handle(Object(Illuminate/Http/Request), Object(Closure))
#40 D:/ServBay/www/pesantren-multi-client/vendor/laravel/framework/src/Illuminate/Http/Middleware/HandleCors.php(61): Illuminate/Pipeline/Pipeline->Illuminate/Pipeline/{closure}(Object(Illuminate/Http/Request))
#41 D:/ServBay/www/pesantren-multi-client/vendor/laravel/framework/src/Illuminate/Pipeline/Pipeline.php(219): Illuminate/Http/Middleware/HandleCors->handle(Object(Illuminate/Http/Request), Object(Closure))
#42 D:/ServBay/www/pesantren-multi-client/vendor/laravel/framework/src/Illuminate/Http/Middleware/TrustProxies.php(58): Illuminate/Pipeline/Pipeline->Illuminate/Pipeline/{closure}(Object(Illuminate/Http/Request))
#43 D:/ServBay/www/pesantren-multi-client/vendor/laravel/framework/src/Illuminate/Pipeline/Pipeline.php(219): Illuminate/Http/Middleware/TrustProxies->handle(Object(Illuminate/Http/Request), Object(Closure))
#44 D:/ServBay/www/pesantren-multi-client/vendor/laravel/framework/src/Illuminate/Foundation/Http/Middleware/InvokeDeferredCallbacks.php(22): Illuminate/Pipeline/Pipeline->Illuminate/Pipeline/{closure}(Object(Illuminate/Http/Request))
#45 D:/ServBay/www/pesantren-multi-client/vendor/laravel/framework/src/Illuminate/Pipeline/Pipeline.php(219): Illuminate/Foundation/Http/Middleware/InvokeDeferredCallbacks->handle(Object(Illuminate/Http/Request), Object(Closure))
#46 D:/ServBay/www/pesantren-multi-client/vendor/laravel/framework/src/Illuminate/Http/Middleware/ValidatePathEncoding.php(28): Illuminate/Pipeline/Pipeline->Illuminate/Pipeline/{closure}(Object(Illuminate/Http/Request))
#47 D:/ServBay/www/pesantren-multi-client/vendor/laravel/framework/src/Illuminate/Pipeline/Pipeline.php(219): Illuminate/Http/Middleware/ValidatePathEncoding->handle(Object(Illuminate/Http/Request), Object(Closure))
#48 D:/ServBay/www/pesantren-multi-client/vendor/laravel/framework/src/Illuminate/Pipeline/Pipeline.php(137): Illuminate/Pipeline/Pipeline->Illuminate/Pipeline/{closure}(Object(Illuminate/Http/Request))
#49 D:/ServBay/www/pesantren-multi-client/vendor/laravel/framework/src/Illuminate/Foundation/Http/Kernel.php(175): Illuminate/Pipeline/Pipeline->then(Object(Closure))
#50 D:/ServBay/www/pesantren-multi-client/vendor/laravel/framework/src/Illuminate/Foundation/Http/Kernel.php(144): Illuminate/Foundation/Http/Kernel->sendRequestThroughRouter(Object(Illuminate/Http/Request))
#51 D:/ServBay/www/pesantren-multi-client/vendor/laravel/framework/src/Illuminate/Foundation/Application.php(1227): Illuminate/Foundation/Http/Kernel->handle(Object(Illuminate/Http/Request))
#52 D:/ServBay/www/pesantren-multi-client/public/index.php(20): Illuminate/Foundation/Application->handleRequest(Object(Illuminate/Http/Request))
#53 D:/ServBay/www/pesantren-multi-client/vendor/laravel/framework/src/Illuminate/Foundation/resources/server.php(23): require_once('D://ServBay//www//...')
#54 {main}
"} 
